Step,AgentID,Theta,ChosenEp,ChosenEs,Payoff,RunId,iteration,nu,theta_L,theta_H,delta_W,safety_bonus,performance_bonus,developer_class,developer_params,contract_type,correlation_k,DisasterOccurred,SocialWelfare
0,1,1.0,0.060929872554081534,2.6828190801274854,39.23963910986585,0,0,0.5,1.0,2.0,1000.0,150.0,75.0,<class 'src.agents.rational.RationalDeveloperAgent'>,,optimal,0.0,False,-39.23963910986585
0,1,1.0,0.060929872554081534,2.6828190801274854,39.23963910986585,1,1,0.5,1.0,2.0,1000.0,150.0,75.0,<class 'src.agents.rational.RationalDeveloperAgent'>,,optimal,0.0,False,-39.23963910986585
0,1,1.0,0.060929872554081534,2.6828190801274854,39.30439792367612,2,2,0.5,1.0,2.0,1000.0,150.0,75.0,<class 'src.agents.rational.RationalDeveloperAgent'>,,optimal,0.0,False,-39.30439792367612
0,1,1.0,0.060929872554081534,2.6828190801274854,39.23963910986585,3,3,0.5,1.0,2.0,1000.0,150.0,75.0,<class 'src.agents.rational.RationalDeveloperAgent'>,,optimal,0.0,False,-39.23963910986585
0,1,1.0,0.060929872554081534,2.6828190801274854,39.23963910986585,4,4,0.5,1.0,2.0,1000.0,150.0,75.0,<class 'src.agents.rational.RationalDeveloperAgent'>,,optimal,0.0,False,-39.23963910986585
0,1,1.0,0.060929872554081534,2.6828190801274854,39.23963910986585,5,5,0.5,1.0,2.0,1000.0,150.0,75.0,<class 'src.agents.rational.RationalDeveloperAgent'>,,optimal,0.0,False,-39.23963910986585
0,1,1.0,0.060929872554081534,2.6828190801274854,39.23963910986585,6,6,0.5,1.0,2.0,1000.0,150.0,75.0,<class 'src.agents.rational.RationalDeveloperAgent'>,,optimal,0.0,False,-39.23963910986585
0,1,1.0,0.060929872554081534,2.6828190801274854,0.0,7,7,0.5,1.0,2.0,1000.0,150.0,75.0,<class 'src.agents.rational.RationalDeveloperAgent'>,,optimal,0.0,True,-1000.0
0,1,1.0,0.060929872554081534,2.6828190801274854,39.23963910986585,8,8,0.5,1.0,2.0,1000.0,150.0,75.0,<class 'src.agents.rational.RationalDeveloperAgent'>,,optimal,0.0,False,-39.23963910986585
0,1,1.0,0.060929872554081534,2.6828190801274854,39.23963910986585,9,9,0.5,1.0,2.0,1000.0,150.0,75.0,<class 'src.agents.rational.RationalDeveloperAgent'>,,optimal,0.0,False,-39.23963910986585
0,1,2.0,0.09210316405272234,3.199704080549104,39.23685259241391,10,10,0.5,1.0,2.0,1000.0,150.0,75.0,<class 'src.agents.rational.RationalDeveloperAgent'>,,optimal,0.0,False,-39.23685259241391
0,1,1.0,0.060929872554081534,2.6828190801274854,39.23963910986585,11,11,0.5,1.0,2.0,1000.0,150.0,75.0,<class 'src.agents.rational.RationalDeveloperAgent'>,,optimal,0.0,False,-39.23963910986585
0,1,2.0,0.09210316405272234,3.199704080549104,39.23685259241391,12,12,0.5,1.0,2.0,1000.0,150.0,75.0,<class 'src.agents.rational.RationalDeveloperAgent'>,,optimal,0.0,False,-39.23685259241391
0,1,2.0,0.09210316405272234,3.199704080549104,39.23685259241391,13,13,0.5,1.0,2.0,1000.0,150.0,75.0,<class 'src.agents.rational.RationalDeveloperAgent'>,,optimal,0.0,False,-39.23685259241391
0,1,1.0,0.060929872554081534,2.6828190801274854,39.23963910986585,14,14,0.5,1.0,2.0,1000.0,150.0,75.0,<class 'src.agents.rational.RationalDeveloperAgent'>,,optimal,0.0,False,-39.23963910986585
0,1,1.0,0.060929872554081534,2.6828190801274854,39.23963910986585,15,15,0.5,1.0,2.0,1000.0,150.0,75.0,<class 'src.agents.rational.RationalDeveloperAgent'>,,optimal,0.0,False,-39.23963910986585
0,1,2.0,0.09210316405272234,3.199704080549104,39.337843880111514,16,16,0.5,1.0,2.0,1000.0,150.0,75.0,<class 'src.agents.rational.RationalDeveloperAgent'>,,optimal,0.0,False,-39.337843880111514
0,1,2.0,0.09210316405272234,3.199704080549104,39.23685259241391,17,17,0.5,1.0,2.0,1000.0,150.0,75.0,<class 'src.agents.rational.RationalDeveloperAgent'>,,optimal,0.0,False,-39.23685259241391
0,1,1.0,0.060929872554081534,2.6828190801274854,39.23963910986585,18,18,0.5,1.0,2.0,1000.0,150.0,75.0,<class 'src.agents.rational.RationalDeveloperAgent'>,,optimal,0.0,False,-39.23963910986585
0,1,2.0,0.09210316405272234,3.199704080549104,39.23685259241391,19,19,0.5,1.0,2.0,1000.0,150.0,75.0,<class 'src.agents.rational.RationalDeveloperAgent'>,,optimal,0.0,False,-39.23685259241391
0,1,2.0,0.09210316405272234,3.199704080549104,39.23685259241391,20,20,0.5,1.0,2.0,1000.0,150.0,75.0,<class 'src.agents.rational.RationalDeveloperAgent'>,,optimal,0.0,False,-39.23685259241391
0,1,1.0,0.060929872554081534,2.6828190801274854,39.23963910986585,21,21,0.5,1.0,2.0,1000.0,150.0,75.0,<class 'src.agents.rational.RationalDeveloperAgent'>,,optimal,0.0,False,-39.23963910986585
0,1,1.0,0.060929872554081534,2.6828190801274854,39.23963910986585,22,22,0.5,1.0,2.0,1000.0,150.0,75.0,<class 'src.agents.rational.RationalDeveloperAgent'>,,optimal,0.0,False,-39.23963910986585
0,1,1.0,0.060929872554081534,2.6828190801274854,39.23963910986585,23,23,0.5,1.0,2.0,1000.0,150.0,75.0,<class 'src.agents.rational.RationalDeveloperAgent'>,,optimal,0.0,False,-39.23963910986585
0,1,1.0,0.060929872554081534,2.6828190801274854,39.23963910986585,24,24,0.5,1.0,2.0,1000.0,150.0,75.0,<class 'src.agents.rational.RationalDeveloperAgent'>,,optimal,0.0,False,-39.23963910986585
0,1,2.0,0.09210316405272234,3.199704080549104,0.10099132707135286,25,25,0.5,1.0,2.0,1000.0,150.0,75.0,<class 'src.agents.rational.RationalDeveloperAgent'>,,optimal,0.0,True,-1000.1009913270714
0,1,1.0,0.060929872554081534,2.6828190801274854,39.23963910986585,26,26,0.5,1.0,2.0,1000.0,150.0,75.0,<class 'src.agents.rational.RationalDeveloperAgent'>,,optimal,0.0,False,-39.23963910986585
0,1,2.0,0.09210316405272234,3.199704080549104,39.23685259241391,27,27,0.5,1.0,2.0,1000.0,150.0,75.0,<class 'src.agents.rational.RationalDeveloperAgent'>,,optimal,0.0,False,-39.23685259241391
0,1,1.0,0.060929872554081534,2.6828190801274854,39.23963910986585,28,28,0.5,1.0,2.0,1000.0,150.0,75.0,<class 'src.agents.rational.RationalDeveloperAgent'>,,optimal,0.0,False,-39.23963910986585
0,1,1.0,0.060929872554081534,2.6828190801274854,39.23963910986585,29,29,0.5,1.0,2.0,1000.0,150.0,75.0,<class 'src.agents.rational.RationalDeveloperAgent'>,,optimal,0.0,False,-39.23963910986585
0,1,1.0,0.060929872554081534,2.6828190801274854,39.23963910986585,30,30,0.5,1.0,2.0,1000.0,150.0,75.0,<class 'src.agents.rational.RationalDeveloperAgent'>,,optimal,0.0,False,-39.23963910986585
0,1,1.0,0.060929872554081534,2.6828190801274854,39.23963910986585,31,31,0.5,1.0,2.0,1000.0,150.0,75.0,<class 'src.agents.rational.RationalDeveloperAgent'>,,optimal,0.0,False,-39.23963910986585
0,1,2.0,0.09210316405272234,3.199704080549104,39.23685259241391,32,32,0.5,1.0,2.0,1000.0,150.0,75.0,<class 'src.agents.rational.RationalDeveloperAgent'>,,optimal,0.0,False,-39.23685259241391
0,1,2.0,0.09210316405272234,3.199704080549104,39.23685259241391,33,33,0.5,1.0,2.0,1000.0,150.0,75.0,<class 'src.agents.rational.RationalDeveloperAgent'>,,optimal,0.0,False,-39.23685259241391
0,1,1.0,0.060929872554081534,2.6828190801274854,39.23963910986585,34,34,0.5,1.0,2.0,1000.0,150.0,75.0,<class 'src.agents.rational.RationalDeveloperAgent'>,,optimal,0.0,False,-39.23963910986585
0,1,2.0,0.09210316405272234,3.199704080549104,39.23685259241391,35,35,0.5,1.0,2.0,1000.0,150.0,75.0,<class 'src.agents.rational.RationalDeveloperAgent'>,,optimal,0.0,False,-39.23685259241391
0,1,2.0,0.09210316405272234,3.199704080549104,39.337843880111514,36,36,0.5,1.0,2.0,1000.0,150.0,75.0,<class 'src.agents.rational.RationalDeveloperAgent'>,,optimal,0.0,False,-39.337843880111514
0,1,2.0,0.09210316405272234,3.199704080549104,39.23685259241391,37,37,0.5,1.0,2.0,1000.0,150.0,75.0,<class 'src.agents.rational.RationalDeveloperAgent'>,,optimal,0.0,False,-39.23685259241391
0,1,1.0,0.060929872554081534,2.6828190801274854,39.23963910986585,38,38,0.5,1.0,2.0,1000.0,150.0,75.0,<class 'src.agents.rational.RationalDeveloperAgent'>,,optimal,0.0,False,-39.23963910986585
0,1,1.0,0.060929872554081534,2.6828190801274854,39.23963910986585,39,39,0.5,1.0,2.0,1000.0,150.0,75.0,<class 'src.agents.rational.RationalDeveloperAgent'>,,optimal,0.0,False,-39.23963910986585
0,1,2.0,0.09210316405272234,3.199704080549104,39.23685259241391,40,40,0.5,1.0,2.0,1000.0,150.0,75.0,<class 'src.agents.rational.RationalDeveloperAgent'>,,optimal,0.0,False,-39.23685259241391
0,1,1.0,0.060929872554081534,2.6828190801274854,39.23963910986585,41,41,0.5,1.0,2.0,1000.0,150.0,75.0,<class 'src.agents.rational.RationalDeveloperAgent'>,,optimal,0.0,False,-39.23963910986585
0,1,2.0,0.09210316405272234,3.199704080549104,39.23685259241391,42,42,0.5,1.0,2.0,1000.0,150.0,75.0,<class 'src.agents.rational.RationalDeveloperAgent'>,,optimal,0.0,False,-39.23685259241391
0,1,2.0,0.09210316405272234,3.199704080549104,39.23685259241391,43,43,0.5,1.0,2.0,1000.0,150.0,75.0,<class 'src.agents.rational.RationalDeveloperAgent'>,,optimal,0.0,False,-39.23685259241391
0,1,1.0,0.060929872554081534,2.6828190801274854,39.23963910986585,44,44,0.5,1.0,2.0,1000.0,150.0,75.0,<class 'src.agents.rational.RationalDeveloperAgent'>,,optimal,0.0,False,-39.23963910986585
0,1,2.0,0.09210316405272234,3.199704080549104,39.23685259241391,45,45,0.5,1.0,2.0,1000.0,150.0,75.0,<class 'src.agents.rational.RationalDeveloperAgent'>,,optimal,0.0,False,-39.23685259241391
0,1,1.0,0.060929872554081534,2.6828190801274854,39.23963910986585,46,46,0.5,1.0,2.0,1000.0,150.0,75.0,<class 'src.agents.rational.RationalDeveloperAgent'>,,optimal,0.0,False,-39.23963910986585
0,1,1.0,0.060929872554081534,2.6828190801274854,39.23963910986585,47,47,0.5,1.0,2.0,1000.0,150.0,75.0,<class 'src.agents.rational.RationalDeveloperAgent'>,,optimal,0.0,False,-39.23963910986585
0,1,1.0,0.060929872554081534,2.6828190801274854,39.23963910986585,48,48,0.5,1.0,2.0,1000.0,150.0,75.0,<class 'src.agents.rational.RationalDeveloperAgent'>,,optimal,0.0,False,-39.23963910986585
0,1,1.0,0.060929872554081534,2.6828190801274854,39.23963910986585,49,49,0.5,1.0,2.0,1000.0,150.0,75.0,<class 'src.agents.rational.RationalDeveloperAgent'>,,optimal,0.0,False,-39.23963910986585
0,1,2.0,0.09210316405272234,3.199704080549104,39.337843880111514,50,50,0.5,1.0,2.0,1000.0,150.0,75.0,<class 'src.agents.rational.RationalDeveloperAgent'>,,optimal,0.0,False,-39.337843880111514
0,1,2.0,0.09210316405272234,3.199704080549104,39.23685259241391,51,51,0.5,1.0,2.0,1000.0,150.0,75.0,<class 'src.agents.rational.RationalDeveloperAgent'>,,optimal,0.0,False,-39.23685259241391
0,1,1.0,0.060929872554081534,2.6828190801274854,39.23963910986585,52,52,0.5,1.0,2.0,1000.0,150.0,75.0,<class 'src.agents.rational.RationalDeveloperAgent'>,,optimal,0.0,False,-39.23963910986585
0,1,1.0,0.060929872554081534,2.6828190801274854,39.30439792367612,53,53,0.5,1.0,2.0,1000.0,150.0,75.0,<class 'src.agents.rational.RationalDeveloperAgent'>,,optimal,0.0,False,-39.30439792367612
0,1,2.0,0.09210316405272234,3.199704080549104,39.23685259241391,54,54,0.5,1.0,2.0,1000.0,150.0,75.0,<class 'src.agents.rational.RationalDeveloperAgent'>,,optimal,0.0,False,-39.23685259241391
0,1,2.0,0.09210316405272234,3.199704080549104,39.23685259241391,55,55,0.5,1.0,2.0,1000.0,150.0,75.0,<class 'src.agents.rational.RationalDeveloperAgent'>,,optimal,0.0,False,-39.23685259241391
0,1,1.0,0.060929872554081534,2.6828190801274854,39.23963910986585,56,56,0.5,1.0,2.0,1000.0,150.0,75.0,<class 'src.agents.rational.RationalDeveloperAgent'>,,optimal,0.0,False,-39.23963910986585
0,1,2.0,0.09210316405272234,3.199704080549104,39.337843880111514,57,57,0.5,1.0,2.0,1000.0,150.0,75.0,<class 'src.agents.rational.RationalDeveloperAgent'>,,optimal,0.0,False,-39.337843880111514
0,1,1.0,0.060929872554081534,2.6828190801274854,39.23963910986585,58,58,0.5,1.0,2.0,1000.0,150.0,75.0,<class 'src.agents.rational.RationalDeveloperAgent'>,,optimal,0.0,False,-39.23963910986585
0,1,2.0,0.09210316405272234,3.199704080549104,39.23685259241391,59,59,0.5,1.0,2.0,1000.0,150.0,75.0,<class 'src.agents.rational.RationalDeveloperAgent'>,,optimal,0.0,False,-39.23685259241391
0,1,1.0,0.060929872554081534,2.6828190801274854,39.30439792367612,60,60,0.5,1.0,2.0,1000.0,150.0,75.0,<class 'src.agents.rational.RationalDeveloperAgent'>,,optimal,0.0,False,-39.30439792367612
0,1,1.0,0.060929872554081534,2.6828190801274854,39.23963910986585,61,61,0.5,1.0,2.0,1000.0,150.0,75.0,<class 'src.agents.rational.RationalDeveloperAgent'>,,optimal,0.0,False,-39.23963910986585
0,1,2.0,0.09210316405272234,3.199704080549104,39.23685259241391,62,62,0.5,1.0,2.0,1000.0,150.0,75.0,<class 'src.agents.rational.RationalDeveloperAgent'>,,optimal,0.0,False,-39.23685259241391
0,1,2.0,0.09210316405272234,3.199704080549104,39.23685259241391,63,63,0.5,1.0,2.0,1000.0,150.0,75.0,<class 'src.agents.rational.RationalDeveloperAgent'>,,optimal,0.0,False,-39.23685259241391
0,1,1.0,0.060929872554081534,2.6828190801274854,39.23963910986585,64,64,0.5,1.0,2.0,1000.0,150.0,75.0,<class 'src.agents.rational.RationalDeveloperAgent'>,,optimal,0.0,False,-39.23963910986585
0,1,2.0,0.09210316405272234,3.199704080549104,39.23685259241391,65,65,0.5,1.0,2.0,1000.0,150.0,75.0,<class 'src.agents.rational.RationalDeveloperAgent'>,,optimal,0.0,False,-39.23685259241391
0,1,2.0,0.09210316405272234,3.199704080549104,39.23685259241391,66,66,0.5,1.0,2.0,1000.0,150.0,75.0,<class 'src.agents.rational.RationalDeveloperAgent'>,,optimal,0.0,False,-39.23685259241391
0,1,2.0,0.09210316405272234,3.199704080549104,39.23685259241391,67,67,0.5,1.0,2.0,1000.0,150.0,75.0,<class 'src.agents.rational.RationalDeveloperAgent'>,,optimal,0.0,False,-39.23685259241391
0,1,2.0,0.09210316405272234,3.199704080549104,39.23685259241391,68,68,0.5,1.0,2.0,1000.0,150.0,75.0,<class 'src.agents.rational.RationalDeveloperAgent'>,,optimal,0.0,False,-39.23685259241391
0,1,1.0,0.060929872554081534,2.6828190801274854,39.23963910986585,69,69,0.5,1.0,2.0,1000.0,150.0,75.0,<class 'src.agents.rational.RationalDeveloperAgent'>,,optimal,0.0,False,-39.23963910986585
0,1,1.0,0.060929872554081534,2.6828190801274854,39.23963910986585,70,70,0.5,1.0,2.0,1000.0,150.0,75.0,<class 'src.agents.rational.RationalDeveloperAgent'>,,optimal,0.0,False,-39.23963910986585
0,1,1.0,0.060929872554081534,2.6828190801274854,39.30439792367612,71,71,0.5,1.0,2.0,1000.0,150.0,75.0,<class 'src.agents.rational.RationalDeveloperAgent'>,,optimal,0.0,False,-39.30439792367612
0,1,2.0,0.09210316405272234,3.199704080549104,39.23685259241391,72,72,0.5,1.0,2.0,1000.0,150.0,75.0,<class 'src.agents.rational.RationalDeveloperAgent'>,,optimal,0.0,False,-39.23685259241391
0,1,1.0,0.060929872554081534,2.6828190801274854,39.23963910986585,73,73,0.5,1.0,2.0,1000.0,150.0,75.0,<class 'src.agents.rational.RationalDeveloperAgent'>,,optimal,0.0,False,-39.23963910986585
0,1,1.0,0.060929872554081534,2.6828190801274854,39.23963910986585,74,74,0.5,1.0,2.0,1000.0,150.0,75.0,<class 'src.agents.rational.RationalDeveloperAgent'>,,optimal,0.0,False,-39.23963910986585
0,1,2.0,0.09210316405272234,3.199704080549104,39.23685259241391,75,75,0.5,1.0,2.0,1000.0,150.0,75.0,<class 'src.agents.rational.RationalDeveloperAgent'>,,optimal,0.0,False,-39.23685259241391
0,1,1.0,0.060929872554081534,2.6828190801274854,39.23963910986585,76,76,0.5,1.0,2.0,1000.0,150.0,75.0,<class 'src.agents.rational.RationalDeveloperAgent'>,,optimal,0.0,False,-39.23963910986585
0,1,2.0,0.09210316405272234,3.199704080549104,39.23685259241391,77,77,0.5,1.0,2.0,1000.0,150.0,75.0,<class 'src.agents.rational.RationalDeveloperAgent'>,,optimal,0.0,False,-39.23685259241391
0,1,1.0,0.060929872554081534,2.6828190801274854,39.23963910986585,78,78,0.5,1.0,2.0,1000.0,150.0,75.0,<class 'src.agents.rational.RationalDeveloperAgent'>,,optimal,0.0,False,-39.23963910986585
0,1,1.0,0.060929872554081534,2.6828190801274854,39.23963910986585,79,79,0.5,1.0,2.0,1000.0,150.0,75.0,<class 'src.agents.rational.RationalDeveloperAgent'>,,optimal,0.0,False,-39.23963910986585
0,1,2.0,0.09210316405272234,3.199704080549104,39.23685259241391,80,80,0.5,1.0,2.0,1000.0,150.0,75.0,<class 'src.agents.rational.RationalDeveloperAgent'>,,optimal,0.0,False,-39.23685259241391
0,1,1.0,0.060929872554081534,2.6828190801274854,39.23963910986585,81,81,0.5,1.0,2.0,1000.0,150.0,75.0,<class 'src.agents.rational.RationalDeveloperAgent'>,,optimal,0.0,False,-39.23963910986585
0,1,2.0,0.09210316405272234,3.199704080549104,39.23685259241391,82,82,0.5,1.0,2.0,1000.0,150.0,75.0,<class 'src.agents.rational.RationalDeveloperAgent'>,,optimal,0.0,False,-39.23685259241391
0,1,1.0,0.060929872554081534,2.6828190801274854,39.23963910986585,83,83,0.5,1.0,2.0,1000.0,150.0,75.0,<class 'src.agents.rational.RationalDeveloperAgent'>,,optimal,0.0,False,-39.23963910986585
0,1,1.0,0.060929872554081534,2.6828190801274854,39.30439792367612,84,84,0.5,1.0,2.0,1000.0,150.0,75.0,<class 'src.agents.rational.RationalDeveloperAgent'>,,optimal,0.0,False,-39.30439792367612
0,1,2.0,0.09210316405272234,3.199704080549104,39.23685259241391,85,85,0.5,1.0,2.0,1000.0,150.0,75.0,<class 'src.agents.rational.RationalDeveloperAgent'>,,optimal,0.0,False,-39.23685259241391
0,1,2.0,0.09210316405272234,3.199704080549104,39.23685259241391,86,86,0.5,1.0,2.0,1000.0,150.0,75.0,<class 'src.agents.rational.RationalDeveloperAgent'>,,optimal,0.0,False,-39.23685259241391
0,1,2.0,0.09210316405272234,3.199704080549104,39.23685259241391,87,87,0.5,1.0,2.0,1000.0,150.0,75.0,<class 'src.agents.rational.RationalDeveloperAgent'>,,optimal,0.0,False,-39.23685259241391
0,1,1.0,0.060929872554081534,2.6828190801274854,39.23963910986585,88,88,0.5,1.0,2.0,1000.0,150.0,75.0,<class 'src.agents.rational.RationalDeveloperAgent'>,,optimal,0.0,False,-39.23963910986585
0,1,2.0,0.09210316405272234,3.199704080549104,39.23685259241391,89,89,0.5,1.0,2.0,1000.0,150.0,75.0,<class 'src.agents.rational.RationalDeveloperAgent'>,,optimal,0.0,False,-39.23685259241391
0,1,2.0,0.09210316405272234,3.199704080549104,3.937375225859796e-08,90,90,0.5,1.0,2.0,1000.0,150.0,75.0,<class 'src.agents.rational.RationalDeveloperAgent'>,,optimal,0.0,True,-1000.0000000393737
0,1,1.0,0.060929872554081534,2.6828190801274854,39.23963910986585,91,91,0.5,1.0,2.0,1000.0,150.0,75.0,<class 'src.agents.rational.RationalDeveloperAgent'>,,optimal,0.0,False,-39.23963910986585
0,1,1.0,0.060929872554081534,2.6828190801274854,39.23963910986585,92,92,0.5,1.0,2.0,1000.0,150.0,75.0,<class 'src.agents.rational.RationalDeveloperAgent'>,,optimal,0.0,False,-39.23963910986585
0,1,1.0,0.060929872554081534,2.6828190801274854,39.23963910986585,93,93,0.5,1.0,2.0,1000.0,150.0,75.0,<class 'src.agents.rational.RationalDeveloperAgent'>,,optimal,0.0,False,-39.23963910986585
0,1,1.0,0.060929872554081534,2.6828190801274854,39.23963910986585,94,94,0.5,1.0,2.0,1000.0,150.0,75.0,<class 'src.agents.rational.RationalDeveloperAgent'>,,optimal,0.0,False,-39.23963910986585
0,1,1.0,0.060929872554081534,2.6828190801274854,39.23963910986585,95,95,0.5,1.0,2.0,1000.0,150.0,75.0,<class 'src.agents.rational.RationalDeveloperAgent'>,,optimal,0.0,False,-39.23963910986585
0,1,1.0,0.060929872554081534,2.6828190801274854,39.23963910986585,96,96,0.5,1.0,2.0,1000.0,150.0,75.0,<class 'src.agents.rational.RationalDeveloperAgent'>,,optimal,0.0,False,-39.23963910986585
0,1,1.0,0.060929872554081534,2.6828190801274854,39.23963910986585,97,97,0.5,1.0,2.0,1000.0,150.0,75.0,<class 'src.agents.rational.RationalDeveloperAgent'>,,optimal,0.0,False,-39.23963910986585
0,1,2.0,0.09210316405272234,3.199704080549104,39.23685259241391,98,98,0.5,1.0,2.0,1000.0,150.0,75.0,<class 'src.agents.rational.RationalDeveloperAgent'>,,optimal,0.0,False,-39.23685259241391
0,1,1.0,0.060929872554081534,2.6828190801274854,39.23963910986585,99,99,0.5,1.0,2.0,1000.0,150.0,75.0,<class 'src.agents.rational.RationalDeveloperAgent'>,,optimal,0.0,False,-39.23963910986585
0,1,2.0,0.09210316405272234,3.199704080549104,39.23685259241391,100,0,0.5,1.0,2.0,1000.0,150.0,75.0,<class 'src.agents.rational.RationalDeveloperAgent'>,,optimal,0.5,False,-39.23685259241391
0,1,2.0,0.09210316405272234,3.199704080549104,39.23685259241391,101,1,0.5,1.0,2.0,1000.0,150.0,75.0,<class 'src.agents.rational.RationalDeveloperAgent'>,,optimal,0.5,False,-39.23685259241391
0,1,2.0,0.09210316405272234,3.199704080549104,39.23685259241391,102,2,0.5,1.0,2.0,1000.0,150.0,75.0,<class 'src.agents.rational.RationalDeveloperAgent'>,,optimal,0.5,False,-39.23685259241391
0,1,1.0,0.060929872554081534,2.6828190801274854,39.23963910986585,103,3,0.5,1.0,2.0,1000.0,150.0,75.0,<class 'src.agents.rational.RationalDeveloperAgent'>,,optimal,0.5,False,-39.23963910986585
0,1,1.0,0.060929872554081534,2.6828190801274854,39.23963910986585,104,4,0.5,1.0,2.0,1000.0,150.0,75.0,<class 'src.agents.rational.RationalDeveloperAgent'>,,optimal,0.5,False,-39.23963910986585
0,1,2.0,0.09210316405272234,3.199704080549104,39.23685259241391,105,5,0.5,1.0,2.0,1000.0,150.0,75.0,<class 'src.agents.rational.RationalDeveloperAgent'>,,optimal,0.5,False,-39.23685259241391
0,1,1.0,0.060929872554081534,2.6828190801274854,39.23963910986585,106,6,0.5,1.0,2.0,1000.0,150.0,75.0,<class 'src.agents.rational.RationalDeveloperAgent'>,,optimal,0.5,False,-39.23963910986585
0,1,2.0,0.09210316405272234,3.199704080549104,39.23685259241391,107,7,0.5,1.0,2.0,1000.0,150.0,75.0,<class 'src.agents.rational.RationalDeveloperAgent'>,,optimal,0.5,False,-39.23685259241391
0,1,1.0,0.060929872554081534,2.6828190801274854,39.23963910986585,108,8,0.5,1.0,2.0,1000.0,150.0,75.0,<class 'src.agents.rational.RationalDeveloperAgent'>,,optimal,0.5,False,-39.23963910986585
0,1,1.0,0.060929872554081534,2.6828190801274854,39.23963910986585,109,9,0.5,1.0,2.0,1000.0,150.0,75.0,<class 'src.agents.rational.RationalDeveloperAgent'>,,optimal,0.5,False,-39.23963910986585
0,1,2.0,0.09210316405272234,3.199704080549104,39.23685259241391,110,10,0.5,1.0,2.0,1000.0,150.0,75.0,<class 'src.agents.rational.RationalDeveloperAgent'>,,optimal,0.5,False,-39.23685259241391
0,1,2.0,0.09210316405272234,3.199704080549104,39.23685259241391,111,11,0.5,1.0,2.0,1000.0,150.0,75.0,<class 'src.agents.rational.RationalDeveloperAgent'>,,optimal,0.5,False,-39.23685259241391
0,1,2.0,0.09210316405272234,3.199704080549104,39.23685259241391,112,12,0.5,1.0,2.0,1000.0,150.0,75.0,<class 'src.agents.rational.RationalDeveloperAgent'>,,optimal,0.5,False,-39.23685259241391
0,1,1.0,0.060929872554081534,2.6828190801274854,39.23963910986585,113,13,0.5,1.0,2.0,1000.0,150.0,75.0,<class 'src.agents.rational.RationalDeveloperAgent'>,,optimal,0.5,False,-39.23963910986585
0,1,1.0,0.060929872554081534,2.6828190801274854,39.23963910986585,114,14,0.5,1.0,2.0,1000.0,150.0,75.0,<class 'src.agents.rational.RationalDeveloperAgent'>,,optimal,0.5,False,-39.23963910986585
0,1,1.0,0.060929872554081534,2.6828190801274854,39.23963910986585,115,15,0.5,1.0,2.0,1000.0,150.0,75.0,<class 'src.agents.rational.RationalDeveloperAgent'>,,optimal,0.5,False,-39.23963910986585
0,1,1.0,0.060929872554081534,2.6828190801274854,39.23963910986585,116,16,0.5,1.0,2.0,1000.0,150.0,75.0,<class 'src.agents.rational.RationalDeveloperAgent'>,,optimal,0.5,False,-39.23963910986585
0,1,1.0,0.060929872554081534,2.6828190801274854,39.23963910986585,117,17,0.5,1.0,2.0,1000.0,150.0,75.0,<class 'src.agents.rational.RationalDeveloperAgent'>,,optimal,0.5,False,-39.23963910986585
0,1,2.0,0.09210316405272234,3.199704080549104,39.23685259241391,118,18,0.5,1.0,2.0,1000.0,150.0,75.0,<class 'src.agents.rational.RationalDeveloperAgent'>,,optimal,0.5,False,-39.23685259241391
0,1,1.0,0.060929872554081534,2.6828190801274854,39.23963910986585,119,19,0.5,1.0,2.0,1000.0,150.0,75.0,<class 'src.agents.rational.RationalDeveloperAgent'>,,optimal,0.5,False,-39.23963910986585
0,1,1.0,0.060929872554081534,2.6828190801274854,39.23963910986585,120,20,0.5,1.0,2.0,1000.0,150.0,75.0,<class 'src.agents.rational.RationalDeveloperAgent'>,,optimal,0.5,False,-39.23963910986585
0,1,2.0,0.09210316405272234,3.199704080549104,3.937375225859796e-08,121,21,0.5,1.0,2.0,1000.0,150.0,75.0,<class 'src.agents.rational.RationalDeveloperAgent'>,,optimal,0.5,True,-1000.0000000393737
0,1,1.0,0.060929872554081534,2.6828190801274854,39.23963910986585,122,22,0.5,1.0,2.0,1000.0,150.0,75.0,<class 'src.agents.rational.RationalDeveloperAgent'>,,optimal,0.5,False,-39.23963910986585
0,1,1.0,0.060929872554081534,2.6828190801274854,39.23963910986585,123,23,0.5,1.0,2.0,1000.0,150.0,75.0,<class 'src.agents.rational.RationalDeveloperAgent'>,,optimal,0.5,False,-39.23963910986585
0,1,2.0,0.09210316405272234,3.199704080549104,39.23685259241391,124,24,0.5,1.0,2.0,1000.0,150.0,75.0,<class 'src.agents.rational.RationalDeveloperAgent'>,,optimal,0.5,False,-39.23685259241391
0,1,1.0,0.060929872554081534,2.6828190801274854,39.23963910986585,125,25,0.5,1.0,2.0,1000.0,150.0,75.0,<class 'src.agents.rational.RationalDeveloperAgent'>,,optimal,0.5,False,-39.23963910986585
0,1,1.0,0.060929872554081534,2.6828190801274854,39.23963910986585,126,26,0.5,1.0,2.0,1000.0,150.0,75.0,<class 'src.agents.rational.RationalDeveloperAgent'>,,optimal,0.5,False,-39.23963910986585
0,1,1.0,0.060929872554081534,2.6828190801274854,39.23963910986585,127,27,0.5,1.0,2.0,1000.0,150.0,75.0,<class 'src.agents.rational.RationalDeveloperAgent'>,,optimal,0.5,False,-39.23963910986585
0,1,2.0,0.09210316405272234,3.199704080549104,39.23685259241391,128,28,0.5,1.0,2.0,1000.0,150.0,75.0,<class 'src.agents.rational.RationalDeveloperAgent'>,,optimal,0.5,False,-39.23685259241391
0,1,2.0,0.09210316405272234,3.199704080549104,39.23685259241391,129,29,0.5,1.0,2.0,1000.0,150.0,75.0,<class 'src.agents.rational.RationalDeveloperAgent'>,,optimal,0.5,False,-39.23685259241391
0,1,2.0,0.09210316405272234,3.199704080549104,39.23685259241391,130,30,0.5,1.0,2.0,1000.0,150.0,75.0,<class 'src.agents.rational.RationalDeveloperAgent'>,,optimal,0.5,False,-39.23685259241391
0,1,2.0,0.09210316405272234,3.199704080549104,39.23685259241391,131,31,0.5,1.0,2.0,1000.0,150.0,75.0,<class 'src.agents.rational.RationalDeveloperAgent'>,,optimal,0.5,False,-39.23685259241391
0,1,2.0,0.09210316405272234,3.199704080549104,39.23685259241391,132,32,0.5,1.0,2.0,1000.0,150.0,75.0,<class 'src.agents.rational.RationalDeveloperAgent'>,,optimal,0.5,False,-39.23685259241391
0,1,1.0,0.060929872554081534,2.6828190801274854,39.30439792367612,133,33,0.5,1.0,2.0,1000.0,150.0,75.0,<class 'src.agents.rational.RationalDeveloperAgent'>,,optimal,0.5,False,-39.30439792367612
0,1,2.0,0.09210316405272234,3.199704080549104,39.337843880111514,134,34,0.5,1.0,2.0,1000.0,150.0,75.0,<class 'src.agents.rational.RationalDeveloperAgent'>,,optimal,0.5,False,-39.337843880111514
0,1,2.0,0.09210316405272234,3.199704080549104,39.23685259241391,135,35,0.5,1.0,2.0,1000.0,150.0,75.0,<class 'src.agents.rational.RationalDeveloperAgent'>,,optimal,0.5,False,-39.23685259241391
0,1,2.0,0.09210316405272234,3.199704080549104,39.337843880111514,136,36,0.5,1.0,2.0,1000.0,150.0,75.0,<class 'src.agents.rational.RationalDeveloperAgent'>,,optimal,0.5,False,-39.337843880111514
0,1,2.0,0.09210316405272234,3.199704080549104,39.23685259241391,137,37,0.5,1.0,2.0,1000.0,150.0,75.0,<class 'src.agents.rational.RationalDeveloperAgent'>,,optimal,0.5,False,-39.23685259241391
0,1,2.0,0.09210316405272234,3.199704080549104,39.23685259241391,138,38,0.5,1.0,2.0,1000.0,150.0,75.0,<class 'src.agents.rational.RationalDeveloperAgent'>,,optimal,0.5,False,-39.23685259241391
0,1,1.0,0.060929872554081534,2.6828190801274854,39.23963910986585,139,39,0.5,1.0,2.0,1000.0,150.0,75.0,<class 'src.agents.rational.RationalDeveloperAgent'>,,optimal,0.5,False,-39.23963910986585
0,1,1.0,0.060929872554081534,2.6828190801274854,39.23963910986585,140,40,0.5,1.0,2.0,1000.0,150.0,75.0,<class 'src.agents.rational.RationalDeveloperAgent'>,,optimal,0.5,False,-39.23963910986585
0,1,2.0,0.09210316405272234,3.199704080549104,39.23685259241391,141,41,0.5,1.0,2.0,1000.0,150.0,75.0,<class 'src.agents.rational.RationalDeveloperAgent'>,,optimal,0.5,False,-39.23685259241391
0,1,1.0,0.060929872554081534,2.6828190801274854,39.23963910986585,142,42,0.5,1.0,2.0,1000.0,150.0,75.0,<class 'src.agents.rational.RationalDeveloperAgent'>,,optimal,0.5,False,-39.23963910986585
0,1,1.0,0.060929872554081534,2.6828190801274854,39.23963910986585,143,43,0.5,1.0,2.0,1000.0,150.0,75.0,<class 'src.agents.rational.RationalDeveloperAgent'>,,optimal,0.5,False,-39.23963910986585
0,1,2.0,0.09210316405272234,3.199704080549104,39.23685259241391,144,44,0.5,1.0,2.0,1000.0,150.0,75.0,<class 'src.agents.rational.RationalDeveloperAgent'>,,optimal,0.5,False,-39.23685259241391
0,1,2.0,0.09210316405272234,3.199704080549104,39.23685259241391,145,45,0.5,1.0,2.0,1000.0,150.0,75.0,<class 'src.agents.rational.RationalDeveloperAgent'>,,optimal,0.5,False,-39.23685259241391
0,1,1.0,0.060929872554081534,2.6828190801274854,39.23963910986585,146,46,0.5,1.0,2.0,1000.0,150.0,75.0,<class 'src.agents.rational.RationalDeveloperAgent'>,,optimal,0.5,False,-39.23963910986585
0,1,1.0,0.060929872554081534,2.6828190801274854,39.23963910986585,147,47,0.5,1.0,2.0,1000.0,150.0,75.0,<class 'src.agents.rational.RationalDeveloperAgent'>,,optimal,0.5,False,-39.23963910986585
0,1,2.0,0.09210316405272234,3.199704080549104,39.23685259241391,148,48,0.5,1.0,2.0,1000.0,150.0,75.0,<class 'src.agents.rational.RationalDeveloperAgent'>,,optimal,0.5,False,-39.23685259241391
0,1,2.0,0.09210316405272234,3.199704080549104,39.23685259241391,149,49,0.5,1.0,2.0,1000.0,150.0,75.0,<class 'src.agents.rational.RationalDeveloperAgent'>,,optimal,0.5,False,-39.23685259241391
0,1,1.0,0.060929872554081534,2.6828190801274854,39.23963910986585,150,50,0.5,1.0,2.0,1000.0,150.0,75.0,<class 'src.agents.rational.RationalDeveloperAgent'>,,optimal,0.5,False,-39.23963910986585
0,1,2.0,0.09210316405272234,3.199704080549104,39.23685259241391,151,51,0.5,1.0,2.0,1000.0,150.0,75.0,<class 'src.agents.rational.RationalDeveloperAgent'>,,optimal,0.5,False,-39.23685259241391
0,1,2.0,0.09210316405272234,3.199704080549104,39.23685259241391,152,52,0.5,1.0,2.0,1000.0,150.0,75.0,<class 'src.agents.rational.RationalDeveloperAgent'>,,optimal,0.5,False,-39.23685259241391
0,1,2.0,0.09210316405272234,3.199704080549104,39.23685259241391,153,53,0.5,1.0,2.0,1000.0,150.0,75.0,<class 'src.agents.rational.RationalDeveloperAgent'>,,optimal,0.5,False,-39.23685259241391
0,1,1.0,0.060929872554081534,2.6828190801274854,39.23963910986585,154,54,0.5,1.0,2.0,1000.0,150.0,75.0,<class 'src.agents.rational.RationalDeveloperAgent'>,,optimal,0.5,False,-39.23963910986585
0,1,1.0,0.060929872554081534,2.6828190801274854,39.23963910986585,155,55,0.5,1.0,2.0,1000.0,150.0,75.0,<class 'src.agents.rational.RationalDeveloperAgent'>,,optimal,0.5,False,-39.23963910986585
0,1,1.0,0.060929872554081534,2.6828190801274854,39.23963910986585,156,56,0.5,1.0,2.0,1000.0,150.0,75.0,<class 'src.agents.rational.RationalDeveloperAgent'>,,optimal,0.5,False,-39.23963910986585
0,1,2.0,0.09210316405272234,3.199704080549104,39.23685259241391,157,57,0.5,1.0,2.0,1000.0,150.0,75.0,<class 'src.agents.rational.RationalDeveloperAgent'>,,optimal,0.5,False,-39.23685259241391
0,1,2.0,0.09210316405272234,3.199704080549104,39.23685259241391,158,58,0.5,1.0,2.0,1000.0,150.0,75.0,<class 'src.agents.rational.RationalDeveloperAgent'>,,optimal,0.5,False,-39.23685259241391
0,1,2.0,0.09210316405272234,3.199704080549104,39.23685259241391,159,59,0.5,1.0,2.0,1000.0,150.0,75.0,<class 'src.agents.rational.RationalDeveloperAgent'>,,optimal,0.5,False,-39.23685259241391
0,1,1.0,0.060929872554081534,2.6828190801274854,39.23963910986585,160,60,0.5,1.0,2.0,1000.0,150.0,75.0,<class 'src.agents.rational.RationalDeveloperAgent'>,,optimal,0.5,False,-39.23963910986585
0,1,1.0,0.060929872554081534,2.6828190801274854,39.23963910986585,161,61,0.5,1.0,2.0,1000.0,150.0,75.0,<class 'src.agents.rational.RationalDeveloperAgent'>,,optimal,0.5,False,-39.23963910986585
0,1,2.0,0.09210316405272234,3.199704080549104,39.23685259241391,162,62,0.5,1.0,2.0,1000.0,150.0,75.0,<class 'src.agents.rational.RationalDeveloperAgent'>,,optimal,0.5,False,-39.23685259241391
0,1,2.0,0.09210316405272234,3.199704080549104,39.23685259241391,163,63,0.5,1.0,2.0,1000.0,150.0,75.0,<class 'src.agents.rational.RationalDeveloperAgent'>,,optimal,0.5,False,-39.23685259241391
0,1,1.0,0.060929872554081534,2.6828190801274854,0.0,164,64,0.5,1.0,2.0,1000.0,150.0,75.0,<class 'src.agents.rational.RationalDeveloperAgent'>,,optimal,0.5,True,-1000.0
0,1,2.0,0.09210316405272234,3.199704080549104,39.23685259241391,165,65,0.5,1.0,2.0,1000.0,150.0,75.0,<class 'src.agents.rational.RationalDeveloperAgent'>,,optimal,0.5,False,-39.23685259241391
0,1,2.0,0.09210316405272234,3.199704080549104,39.23685259241391,166,66,0.5,1.0,2.0,1000.0,150.0,75.0,<class 'src.agents.rational.RationalDeveloperAgent'>,,optimal,0.5,False,-39.23685259241391
0,1,2.0,0.09210316405272234,3.199704080549104,39.23685259241391,167,67,0.5,1.0,2.0,1000.0,150.0,75.0,<class 'src.agents.rational.RationalDeveloperAgent'>,,optimal,0.5,False,-39.23685259241391
0,1,2.0,0.09210316405272234,3.199704080549104,39.23685259241391,168,68,0.5,1.0,2.0,1000.0,150.0,75.0,<class 'src.agents.rational.RationalDeveloperAgent'>,,optimal,0.5,False,-39.23685259241391
0,1,2.0,0.09210316405272234,3.199704080549104,39.23685259241391,169,69,0.5,1.0,2.0,1000.0,150.0,75.0,<class 'src.agents.rational.RationalDeveloperAgent'>,,optimal,0.5,False,-39.23685259241391
0,1,1.0,0.060929872554081534,2.6828190801274854,39.23963910986585,170,70,0.5,1.0,2.0,1000.0,150.0,75.0,<class 'src.agents.rational.RationalDeveloperAgent'>,,optimal,0.5,False,-39.23963910986585
0,1,1.0,0.060929872554081534,2.6828190801274854,39.23963910986585,171,71,0.5,1.0,2.0,1000.0,150.0,75.0,<class 'src.agents.rational.RationalDeveloperAgent'>,,optimal,0.5,False,-39.23963910986585
0,1,1.0,0.060929872554081534,2.6828190801274854,39.23963910986585,172,72,0.5,1.0,2.0,1000.0,150.0,75.0,<class 'src.agents.rational.RationalDeveloperAgent'>,,optimal,0.5,False,-39.23963910986585
0,1,2.0,0.09210316405272234,3.199704080549104,39.23685259241391,173,73,0.5,1.0,2.0,1000.0,150.0,75.0,<class 'src.agents.rational.RationalDeveloperAgent'>,,optimal,0.5,False,-39.23685259241391
0,1,2.0,0.09210316405272234,3.199704080549104,39.23685259241391,174,74,0.5,1.0,2.0,1000.0,150.0,75.0,<class 'src.agents.rational.RationalDeveloperAgent'>,,optimal,0.5,False,-39.23685259241391
0,1,1.0,0.060929872554081534,2.6828190801274854,39.23963910986585,175,75,0.5,1.0,2.0,1000.0,150.0,75.0,<class 'src.agents.rational.RationalDeveloperAgent'>,,optimal,0.5,False,-39.23963910986585
0,1,1.0,0.060929872554081534,2.6828190801274854,39.23963910986585,176,76,0.5,1.0,2.0,1000.0,150.0,75.0,<class 'src.agents.rational.RationalDeveloperAgent'>,,optimal,0.5,False,-39.23963910986585
0,1,2.0,0.09210316405272234,3.199704080549104,39.23685259241391,177,77,0.5,1.0,2.0,1000.0,150.0,75.0,<class 'src.agents.rational.RationalDeveloperAgent'>,,optimal,0.5,False,-39.23685259241391
0,1,2.0,0.09210316405272234,3.199704080549104,39.23685259241391,178,78,0.5,1.0,2.0,1000.0,150.0,75.0,<class 'src.agents.rational.RationalDeveloperAgent'>,,optimal,0.5,False,-39.23685259241391
0,1,2.0,0.09210316405272234,3.199704080549104,39.23685259241391,179,79,0.5,1.0,2.0,1000.0,150.0,75.0,<class 'src.agents.rational.RationalDeveloperAgent'>,,optimal,0.5,False,-39.23685259241391
0,1,1.0,0.060929872554081534,2.6828190801274854,39.23963910986585,180,80,0.5,1.0,2.0,1000.0,150.0,75.0,<class 'src.agents.rational.RationalDeveloperAgent'>,,optimal,0.5,False,-39.23963910986585
0,1,1.0,0.060929872554081534,2.6828190801274854,39.23963910986585,181,81,0.5,1.0,2.0,1000.0,150.0,75.0,<class 'src.agents.rational.RationalDeveloperAgent'>,,optimal,0.5,False,-39.23963910986585
0,1,1.0,0.060929872554081534,2.6828190801274854,39.23963910986585,182,82,0.5,1.0,2.0,1000.0,150.0,75.0,<class 'src.agents.rational.RationalDeveloperAgent'>,,optimal,0.5,False,-39.23963910986585
0,1,1.0,0.060929872554081534,2.6828190801274854,39.23963910986585,183,83,0.5,1.0,2.0,1000.0,150.0,75.0,<class 'src.agents.rational.RationalDeveloperAgent'>,,optimal,0.5,False,-39.23963910986585
0,1,1.0,0.060929872554081534,2.6828190801274854,39.23963910986585,184,84,0.5,1.0,2.0,1000.0,150.0,75.0,<class 'src.agents.rational.RationalDeveloperAgent'>,,optimal,0.5,False,-39.23963910986585
0,1,1.0,0.060929872554081534,2.6828190801274854,39.23963910986585,185,85,0.5,1.0,2.0,1000.0,150.0,75.0,<class 'src.agents.rational.RationalDeveloperAgent'>,,optimal,0.5,False,-39.23963910986585
0,1,1.0,0.060929872554081534,2.6828190801274854,39.23963910986585,186,86,0.5,1.0,2.0,1000.0,150.0,75.0,<class 'src.agents.rational.RationalDeveloperAgent'>,,optimal,0.5,False,-39.23963910986585
0,1,1.0,0.060929872554081534,2.6828190801274854,39.23963910986585,187,87,0.5,1.0,2.0,1000.0,150.0,75.0,<class 'src.agents.rational.RationalDeveloperAgent'>,,optimal,0.5,False,-39.23963910986585
0,1,1.0,0.060929872554081534,2.6828190801274854,39.23963910986585,188,88,0.5,1.0,2.0,1000.0,150.0,75.0,<class 'src.agents.rational.RationalDeveloperAgent'>,,optimal,0.5,False,-39.23963910986585
0,1,1.0,0.060929872554081534,2.6828190801274854,39.23963910986585,189,89,0.5,1.0,2.0,1000.0,150.0,75.0,<class 'src.agents.rational.RationalDeveloperAgent'>,,optimal,0.5,False,-39.23963910986585
0,1,1.0,0.060929872554081534,2.6828190801274854,39.23963910986585,190,90,0.5,1.0,2.0,1000.0,150.0,75.0,<class 'src.agents.rational.RationalDeveloperAgent'>,,optimal,0.5,False,-39.23963910986585
0,1,2.0,0.09210316405272234,3.199704080549104,39.23685259241391,191,91,0.5,1.0,2.0,1000.0,150.0,75.0,<class 'src.agents.rational.RationalDeveloperAgent'>,,optimal,0.5,False,-39.23685259241391
0,1,2.0,0.09210316405272234,3.199704080549104,39.23685259241391,192,92,0.5,1.0,2.0,1000.0,150.0,75.0,<class 'src.agents.rational.RationalDeveloperAgent'>,,optimal,0.5,False,-39.23685259241391
0,1,2.0,0.09210316405272234,3.199704080549104,39.23685259241391,193,93,0.5,1.0,2.0,1000.0,150.0,75.0,<class 'src.agents.rational.RationalDeveloperAgent'>,,optimal,0.5,False,-39.23685259241391
0,1,2.0,0.09210316405272234,3.199704080549104,39.23685259241391,194,94,0.5,1.0,2.0,1000.0,150.0,75.0,<class 'src.agents.rational.RationalDeveloperAgent'>,,optimal,0.5,False,-39.23685259241391
0,1,2.0,0.09210316405272234,3.199704080549104,39.23685259241391,195,95,0.5,1.0,2.0,1000.0,150.0,75.0,<class 'src.agents.rational.RationalDeveloperAgent'>,,optimal,0.5,False,-39.23685259241391
0,1,2.0,0.09210316405272234,3.199704080549104,39.23685259241391,196,96,0.5,1.0,2.0,1000.0,150.0,75.0,<class 'src.agents.rational.RationalDeveloperAgent'>,,optimal,0.5,False,-39.23685259241391
0,1,2.0,0.09210316405272234,3.199704080549104,39.23685259241391,197,97,0.5,1.0,2.0,1000.0,150.0,75.0,<class 'src.agents.rational.RationalDeveloperAgent'>,,optimal,0.5,False,-39.23685259241391
0,1,1.0,0.060929872554081534,2.6828190801274854,39.23963910986585,198,98,0.5,1.0,2.0,1000.0,150.0,75.0,<class 'src.agents.rational.RationalDeveloperAgent'>,,optimal,0.5,False,-39.23963910986585
0,1,1.0,0.060929872554081534,2.6828190801274854,39.23963910986585,199,99,0.5,1.0,2.0,1000.0,150.0,75.0,<class 'src.agents.rational.RationalDeveloperAgent'>,,optimal,0.5,False,-39.23963910986585
0,1,1.0,0.060929872554081534,2.6828190801274854,0.0,200,0,0.5,1.0,2.0,1000.0,150.0,75.0,<class 'src.agents.rational.RationalDeveloperAgent'>,,optimal,-0.5,True,-1000.0
0,1,2.0,0.09210316405272234,3.199704080549104,39.23685259241391,201,1,0.5,1.0,2.0,1000.0,150.0,75.0,<class 'src.agents.rational.RationalDeveloperAgent'>,,optimal,-0.5,False,-39.23685259241391
0,1,1.0,0.060929872554081534,2.6828190801274854,39.23963910986585,202,2,0.5,1.0,2.0,1000.0,150.0,75.0,<class 'src.agents.rational.RationalDeveloperAgent'>,,optimal,-0.5,False,-39.23963910986585
0,1,2.0,0.09210316405272234,3.199704080549104,39.23685259241391,203,3,0.5,1.0,2.0,1000.0,150.0,75.0,<class 'src.agents.rational.RationalDeveloperAgent'>,,optimal,-0.5,False,-39.23685259241391
0,1,2.0,0.09210316405272234,3.199704080549104,39.23685259241391,204,4,0.5,1.0,2.0,1000.0,150.0,75.0,<class 'src.agents.rational.RationalDeveloperAgent'>,,optimal,-0.5,False,-39.23685259241391
0,1,1.0,0.060929872554081534,2.6828190801274854,39.23963910986585,205,5,0.5,1.0,2.0,1000.0,150.0,75.0,<class 'src.agents.rational.RationalDeveloperAgent'>,,optimal,-0.5,False,-39.23963910986585
0,1,1.0,0.060929872554081534,2.6828190801274854,39.23963910986585,206,6,0.5,1.0,2.0,1000.0,150.0,75.0,<class 'src.agents.rational.RationalDeveloperAgent'>,,optimal,-0.5,False,-39.23963910986585
0,1,2.0,0.09210316405272234,3.199704080549104,39.23685259241391,207,7,0.5,1.0,2.0,1000.0,150.0,75.0,<class 'src.agents.rational.RationalDeveloperAgent'>,,optimal,-0.5,False,-39.23685259241391
0,1,1.0,0.060929872554081534,2.6828190801274854,39.23963910986585,208,8,0.5,1.0,2.0,1000.0,150.0,75.0,<class 'src.agents.rational.RationalDeveloperAgent'>,,optimal,-0.5,False,-39.23963910986585
0,1,1.0,0.060929872554081534,2.6828190801274854,39.23963910986585,209,9,0.5,1.0,2.0,1000.0,150.0,75.0,<class 'src.agents.rational.RationalDeveloperAgent'>,,optimal,-0.5,False,-39.23963910986585
0,1,2.0,0.09210316405272234,3.199704080549104,39.23685259241391,210,10,0.5,1.0,2.0,1000.0,150.0,75.0,<class 'src.agents.rational.RationalDeveloperAgent'>,,optimal,-0.5,False,-39.23685259241391
0,1,2.0,0.09210316405272234,3.199704080549104,39.23685259241391,211,11,0.5,1.0,2.0,1000.0,150.0,75.0,<class 'src.agents.rational.RationalDeveloperAgent'>,,optimal,-0.5,False,-39.23685259241391
0,1,1.0,0.060929872554081534,2.6828190801274854,39.23963910986585,212,12,0.5,1.0,2.0,1000.0,150.0,75.0,<class 'src.agents.rational.RationalDeveloperAgent'>,,optimal,-0.5,False,-39.23963910986585
0,1,1.0,0.060929872554081534,2.6828190801274854,39.23963910986585,213,13,0.5,1.0,2.0,1000.0,150.0,75.0,<class 'src.agents.rational.RationalDeveloperAgent'>,,optimal,-0.5,False,-39.23963910986585
0,1,1.0,0.060929872554081534,2.6828190801274854,39.23963910986585,214,14,0.5,1.0,2.0,1000.0,150.0,75.0,<class 'src.agents.rational.RationalDeveloperAgent'>,,optimal,-0.5,False,-39.23963910986585
0,1,2.0,0.09210316405272234,3.199704080549104,39.23685259241391,215,15,0.5,1.0,2.0,1000.0,150.0,75.0,<class 'src.agents.rational.RationalDeveloperAgent'>,,optimal,-0.5,False,-39.23685259241391
0,1,1.0,0.060929872554081534,2.6828190801274854,39.23963910986585,216,16,0.5,1.0,2.0,1000.0,150.0,75.0,<class 'src.agents.rational.RationalDeveloperAgent'>,,optimal,-0.5,False,-39.23963910986585
0,1,1.0,0.060929872554081534,2.6828190801274854,39.23963910986585,217,17,0.5,1.0,2.0,1000.0,150.0,75.0,<class 'src.agents.rational.RationalDeveloperAgent'>,,optimal,-0.5,False,-39.23963910986585
0,1,2.0,0.09210316405272234,3.199704080549104,39.337843880111514,218,18,0.5,1.0,2.0,1000.0,150.0,75.0,<class 'src.agents.rational.RationalDeveloperAgent'>,,optimal,-0.5,False,-39.337843880111514
0,1,1.0,0.060929872554081534,2.6828190801274854,39.23963910986585,219,19,0.5,1.0,2.0,1000.0,150.0,75.0,<class 'src.agents.rational.RationalDeveloperAgent'>,,optimal,-0.5,False,-39.23963910986585
0,1,1.0,0.060929872554081534,2.6828190801274854,39.23963910986585,220,20,0.5,1.0,2.0,1000.0,150.0,75.0,<class 'src.agents.rational.RationalDeveloperAgent'>,,optimal,-0.5,False,-39.23963910986585
0,1,2.0,0.09210316405272234,3.199704080549104,39.337843880111514,221,21,0.5,1.0,2.0,1000.0,150.0,75.0,<class 'src.agents.rational.RationalDeveloperAgent'>,,optimal,-0.5,False,-39.337843880111514
0,1,1.0,0.060929872554081534,2.6828190801274854,39.23963910986585,222,22,0.5,1.0,2.0,1000.0,150.0,75.0,<class 'src.agents.rational.RationalDeveloperAgent'>,,optimal,-0.5,False,-39.23963910986585
0,1,2.0,0.09210316405272234,3.199704080549104,39.23685259241391,223,23,0.5,1.0,2.0,1000.0,150.0,75.0,<class 'src.agents.rational.RationalDeveloperAgent'>,,optimal,-0.5,False,-39.23685259241391
0,1,2.0,0.09210316405272234,3.199704080549104,39.23685259241391,224,24,0.5,1.0,2.0,1000.0,150.0,75.0,<class 'src.agents.rational.RationalDeveloperAgent'>,,optimal,-0.5,False,-39.23685259241391
0,1,1.0,0.060929872554081534,2.6828190801274854,39.23963910986585,225,25,0.5,1.0,2.0,1000.0,150.0,75.0,<class 'src.agents.rational.RationalDeveloperAgent'>,,optimal,-0.5,False,-39.23963910986585
0,1,1.0,0.060929872554081534,2.6828190801274854,39.23963910986585,226,26,0.5,1.0,2.0,1000.0,150.0,75.0,<class 'src.agents.rational.RationalDeveloperAgent'>,,optimal,-0.5,False,-39.23963910986585
0,1,1.0,0.060929872554081534,2.6828190801274854,39.23963910986585,227,27,0.5,1.0,2.0,1000.0,150.0,75.0,<class 'src.agents.rational.RationalDeveloperAgent'>,,optimal,-0.5,False,-39.23963910986585
0,1,2.0,0.09210316405272234,3.199704080549104,39.23685259241391,228,28,0.5,1.0,2.0,1000.0,150.0,75.0,<class 'src.agents.rational.RationalDeveloperAgent'>,,optimal,-0.5,False,-39.23685259241391
0,1,2.0,0.09210316405272234,3.199704080549104,39.23685259241391,229,29,0.5,1.0,2.0,1000.0,150.0,75.0,<class 'src.agents.rational.RationalDeveloperAgent'>,,optimal,-0.5,False,-39.23685259241391
0,1,2.0,0.09210316405272234,3.199704080549104,39.23685259241391,230,30,0.5,1.0,2.0,1000.0,150.0,75.0,<class 'src.agents.rational.RationalDeveloperAgent'>,,optimal,-0.5,False,-39.23685259241391
0,1,1.0,0.060929872554081534,2.6828190801274854,39.23963910986585,231,31,0.5,1.0,2.0,1000.0,150.0,75.0,<class 'src.agents.rational.RationalDeveloperAgent'>,,optimal,-0.5,False,-39.23963910986585
0,1,2.0,0.09210316405272234,3.199704080549104,39.23685259241391,232,32,0.5,1.0,2.0,1000.0,150.0,75.0,<class 'src.agents.rational.RationalDeveloperAgent'>,,optimal,-0.5,False,-39.23685259241391
0,1,1.0,0.060929872554081534,2.6828190801274854,39.23963910986585,233,33,0.5,1.0,2.0,1000.0,150.0,75.0,<class 'src.agents.rational.RationalDeveloperAgent'>,,optimal,-0.5,False,-39.23963910986585
0,1,2.0,0.09210316405272234,3.199704080549104,39.23685259241391,234,34,0.5,1.0,2.0,1000.0,150.0,75.0,<class 'src.agents.rational.RationalDeveloperAgent'>,,optimal,-0.5,False,-39.23685259241391
0,1,1.0,0.060929872554081534,2.6828190801274854,39.23963910986585,235,35,0.5,1.0,2.0,1000.0,150.0,75.0,<class 'src.agents.rational.RationalDeveloperAgent'>,,optimal,-0.5,False,-39.23963910986585
0,1,1.0,0.060929872554081534,2.6828190801274854,39.23963910986585,236,36,0.5,1.0,2.0,1000.0,150.0,75.0,<class 'src.agents.rational.RationalDeveloperAgent'>,,optimal,-0.5,False,-39.23963910986585
0,1,2.0,0.09210316405272234,3.199704080549104,39.23685259241391,237,37,0.5,1.0,2.0,1000.0,150.0,75.0,<class 'src.agents.rational.RationalDeveloperAgent'>,,optimal,-0.5,False,-39.23685259241391
0,1,1.0,0.060929872554081534,2.6828190801274854,0.0,238,38,0.5,1.0,2.0,1000.0,150.0,75.0,<class 'src.agents.rational.RationalDeveloperAgent'>,,optimal,-0.5,True,-1000.0
0,1,1.0,0.060929872554081534,2.6828190801274854,39.23963910986585,239,39,0.5,1.0,2.0,1000.0,150.0,75.0,<class 'src.agents.rational.RationalDeveloperAgent'>,,optimal,-0.5,False,-39.23963910986585
0,1,1.0,0.060929872554081534,2.6828190801274854,39.23963910986585,240,40,0.5,1.0,2.0,1000.0,150.0,75.0,<class 'src.agents.rational.RationalDeveloperAgent'>,,optimal,-0.5,False,-39.23963910986585
0,1,1.0,0.060929872554081534,2.6828190801274854,39.23963910986585,241,41,0.5,1.0,2.0,1000.0,150.0,75.0,<class 'src.agents.rational.RationalDeveloperAgent'>,,optimal,-0.5,False,-39.23963910986585
0,1,1.0,0.060929872554081534,2.6828190801274854,39.23963910986585,242,42,0.5,1.0,2.0,1000.0,150.0,75.0,<class 'src.agents.rational.RationalDeveloperAgent'>,,optimal,-0.5,False,-39.23963910986585
0,1,1.0,0.060929872554081534,2.6828190801274854,39.23963910986585,243,43,0.5,1.0,2.0,1000.0,150.0,75.0,<class 'src.agents.rational.RationalDeveloperAgent'>,,optimal,-0.5,False,-39.23963910986585
0,1,1.0,0.060929872554081534,2.6828190801274854,39.23963910986585,244,44,0.5,1.0,2.0,1000.0,150.0,75.0,<class 'src.agents.rational.RationalDeveloperAgent'>,,optimal,-0.5,False,-39.23963910986585
0,1,1.0,0.060929872554081534,2.6828190801274854,39.23963910986585,245,45,0.5,1.0,2.0,1000.0,150.0,75.0,<class 'src.agents.rational.RationalDeveloperAgent'>,,optimal,-0.5,False,-39.23963910986585
0,1,2.0,0.09210316405272234,3.199704080549104,39.23685259241391,246,46,0.5,1.0,2.0,1000.0,150.0,75.0,<class 'src.agents.rational.RationalDeveloperAgent'>,,optimal,-0.5,False,-39.23685259241391
0,1,1.0,0.060929872554081534,2.6828190801274854,39.23963910986585,247,47,0.5,1.0,2.0,1000.0,150.0,75.0,<class 'src.agents.rational.RationalDeveloperAgent'>,,optimal,-0.5,False,-39.23963910986585
0,1,1.0,0.060929872554081534,2.6828190801274854,39.23963910986585,248,48,0.5,1.0,2.0,1000.0,150.0,75.0,<class 'src.agents.rational.RationalDeveloperAgent'>,,optimal,-0.5,False,-39.23963910986585
0,1,2.0,0.09210316405272234,3.199704080549104,3.937375225859796e-08,249,49,0.5,1.0,2.0,1000.0,150.0,75.0,<class 'src.agents.rational.RationalDeveloperAgent'>,,optimal,-0.5,True,-1000.0000000393737
0,1,1.0,0.060929872554081534,2.6828190801274854,39.23963910986585,250,50,0.5,1.0,2.0,1000.0,150.0,75.0,<class 'src.agents.rational.RationalDeveloperAgent'>,,optimal,-0.5,False,-39.23963910986585
0,1,1.0,0.060929872554081534,2.6828190801274854,39.23963910986585,251,51,0.5,1.0,2.0,1000.0,150.0,75.0,<class 'src.agents.rational.RationalDeveloperAgent'>,,optimal,-0.5,False,-39.23963910986585
0,1,2.0,0.09210316405272234,3.199704080549104,39.337843880111514,252,52,0.5,1.0,2.0,1000.0,150.0,75.0,<class 'src.agents.rational.RationalDeveloperAgent'>,,optimal,-0.5,False,-39.337843880111514
0,1,2.0,0.09210316405272234,3.199704080549104,39.23685259241391,253,53,0.5,1.0,2.0,1000.0,150.0,75.0,<class 'src.agents.rational.RationalDeveloperAgent'>,,optimal,-0.5,False,-39.23685259241391
0,1,1.0,0.060929872554081534,2.6828190801274854,0.0,254,54,0.5,1.0,2.0,1000.0,150.0,75.0,<class 'src.agents.rational.RationalDeveloperAgent'>,,optimal,-0.5,True,-1000.0
0,1,2.0,0.09210316405272234,3.199704080549104,39.23685259241391,255,55,0.5,1.0,2.0,1000.0,150.0,75.0,<class 'src.agents.rational.RationalDeveloperAgent'>,,optimal,-0.5,False,-39.23685259241391
0,1,2.0,0.09210316405272234,3.199704080549104,39.337843880111514,256,56,0.5,1.0,2.0,1000.0,150.0,75.0,<class 'src.agents.rational.RationalDeveloperAgent'>,,optimal,-0.5,False,-39.337843880111514
0,1,1.0,0.060929872554081534,2.6828190801274854,39.23963910986585,257,57,0.5,1.0,2.0,1000.0,150.0,75.0,<class 'src.agents.rational.RationalDeveloperAgent'>,,optimal,-0.5,False,-39.23963910986585
0,1,2.0,0.09210316405272234,3.199704080549104,39.23685259241391,258,58,0.5,1.0,2.0,1000.0,150.0,75.0,<class 'src.agents.rational.RationalDeveloperAgent'>,,optimal,-0.5,False,-39.23685259241391
0,1,2.0,0.09210316405272234,3.199704080549104,39.23685259241391,259,59,0.5,1.0,2.0,1000.0,150.0,75.0,<class 'src.agents.rational.RationalDeveloperAgent'>,,optimal,-0.5,False,-39.23685259241391
0,1,1.0,0.060929872554081534,2.6828190801274854,39.30439792367612,260,60,0.5,1.0,2.0,1000.0,150.0,75.0,<class 'src.agents.rational.RationalDeveloperAgent'>,,optimal,-0.5,False,-39.30439792367612
0,1,2.0,0.09210316405272234,3.199704080549104,39.23685259241391,261,61,0.5,1.0,2.0,1000.0,150.0,75.0,<class 'src.agents.rational.RationalDeveloperAgent'>,,optimal,-0.5,False,-39.23685259241391
0,1,1.0,0.060929872554081534,2.6828190801274854,39.23963910986585,262,62,0.5,1.0,2.0,1000.0,150.0,75.0,<class 'src.agents.rational.RationalDeveloperAgent'>,,optimal,-0.5,False,-39.23963910986585
0,1,1.0,0.060929872554081534,2.6828190801274854,39.23963910986585,263,63,0.5,1.0,2.0,1000.0,150.0,75.0,<class 'src.agents.rational.RationalDeveloperAgent'>,,optimal,-0.5,False,-39.23963910986585
0,1,2.0,0.09210316405272234,3.199704080549104,39.23685259241391,264,64,0.5,1.0,2.0,1000.0,150.0,75.0,<class 'src.agents.rational.RationalDeveloperAgent'>,,optimal,-0.5,False,-39.23685259241391
0,1,2.0,0.09210316405272234,3.199704080549104,39.23685259241391,265,65,0.5,1.0,2.0,1000.0,150.0,75.0,<class 'src.agents.rational.RationalDeveloperAgent'>,,optimal,-0.5,False,-39.23685259241391
0,1,1.0,0.060929872554081534,2.6828190801274854,39.23963910986585,266,66,0.5,1.0,2.0,1000.0,150.0,75.0,<class 'src.agents.rational.RationalDeveloperAgent'>,,optimal,-0.5,False,-39.23963910986585
0,1,1.0,0.060929872554081534,2.6828190801274854,39.23963910986585,267,67,0.5,1.0,2.0,1000.0,150.0,75.0,<class 'src.agents.rational.RationalDeveloperAgent'>,,optimal,-0.5,False,-39.23963910986585
0,1,1.0,0.060929872554081534,2.6828190801274854,39.30439792367612,268,68,0.5,1.0,2.0,1000.0,150.0,75.0,<class 'src.agents.rational.RationalDeveloperAgent'>,,optimal,-0.5,False,-39.30439792367612
0,1,1.0,0.060929872554081534,2.6828190801274854,39.23963910986585,269,69,0.5,1.0,2.0,1000.0,150.0,75.0,<class 'src.agents.rational.RationalDeveloperAgent'>,,optimal,-0.5,False,-39.23963910986585
0,1,2.0,0.09210316405272234,3.199704080549104,39.23685259241391,270,70,0.5,1.0,2.0,1000.0,150.0,75.0,<class 'src.agents.rational.RationalDeveloperAgent'>,,optimal,-0.5,False,-39.23685259241391
0,1,2.0,0.09210316405272234,3.199704080549104,39.23685259241391,271,71,0.5,1.0,2.0,1000.0,150.0,75.0,<class 'src.agents.rational.RationalDeveloperAgent'>,,optimal,-0.5,False,-39.23685259241391
0,1,1.0,0.060929872554081534,2.6828190801274854,39.23963910986585,272,72,0.5,1.0,2.0,1000.0,150.0,75.0,<class 'src.agents.rational.RationalDeveloperAgent'>,,optimal,-0.5,False,-39.23963910986585
0,1,2.0,0.09210316405272234,3.199704080549104,39.23685259241391,273,73,0.5,1.0,2.0,1000.0,150.0,75.0,<class 'src.agents.rational.RationalDeveloperAgent'>,,optimal,-0.5,False,-39.23685259241391
0,1,1.0,0.060929872554081534,2.6828190801274854,39.23963910986585,274,74,0.5,1.0,2.0,1000.0,150.0,75.0,<class 'src.agents.rational.RationalDeveloperAgent'>,,optimal,-0.5,False,-39.23963910986585
0,1,1.0,0.060929872554081534,2.6828190801274854,39.23963910986585,275,75,0.5,1.0,2.0,1000.0,150.0,75.0,<class 'src.agents.rational.RationalDeveloperAgent'>,,optimal,-0.5,False,-39.23963910986585
0,1,2.0,0.09210316405272234,3.199704080549104,39.23685259241391,276,76,0.5,1.0,2.0,1000.0,150.0,75.0,<class 'src.agents.rational.RationalDeveloperAgent'>,,optimal,-0.5,False,-39.23685259241391
0,1,1.0,0.060929872554081534,2.6828190801274854,39.23963910986585,277,77,0.5,1.0,2.0,1000.0,150.0,75.0,<class 'src.agents.rational.RationalDeveloperAgent'>,,optimal,-0.5,False,-39.23963910986585
0,1,2.0,0.09210316405272234,3.199704080549104,39.23685259241391,278,78,0.5,1.0,2.0,1000.0,150.0,75.0,<class 'src.agents.rational.RationalDeveloperAgent'>,,optimal,-0.5,False,-39.23685259241391
0,1,2.0,0.09210316405272234,3.199704080549104,39.23685259241391,279,79,0.5,1.0,2.0,1000.0,150.0,75.0,<class 'src.agents.rational.RationalDeveloperAgent'>,,optimal,-0.5,False,-39.23685259241391
0,1,2.0,0.09210316405272234,3.199704080549104,39.23685259241391,280,80,0.5,1.0,2.0,1000.0,150.0,75.0,<class 'src.agents.rational.RationalDeveloperAgent'>,,optimal,-0.5,False,-39.23685259241391
0,1,1.0,0.060929872554081534,2.6828190801274854,39.23963910986585,281,81,0.5,1.0,2.0,1000.0,150.0,75.0,<class 'src.agents.rational.RationalDeveloperAgent'>,,optimal,-0.5,False,-39.23963910986585
0,1,2.0,0.09210316405272234,3.199704080549104,39.337843880111514,282,82,0.5,1.0,2.0,1000.0,150.0,75.0,<class 'src.agents.rational.RationalDeveloperAgent'>,,optimal,-0.5,False,-39.337843880111514
0,1,2.0,0.09210316405272234,3.199704080549104,39.23685259241391,283,83,0.5,1.0,2.0,1000.0,150.0,75.0,<class 'src.agents.rational.RationalDeveloperAgent'>,,optimal,-0.5,False,-39.23685259241391
0,1,2.0,0.09210316405272234,3.199704080549104,39.23685259241391,284,84,0.5,1.0,2.0,1000.0,150.0,75.0,<class 'src.agents.rational.RationalDeveloperAgent'>,,optimal,-0.5,False,-39.23685259241391
0,1,1.0,0.060929872554081534,2.6828190801274854,39.23963910986585,285,85,0.5,1.0,2.0,1000.0,150.0,75.0,<class 'src.agents.rational.RationalDeveloperAgent'>,,optimal,-0.5,False,-39.23963910986585
0,1,1.0,0.060929872554081534,2.6828190801274854,0.0,286,86,0.5,1.0,2.0,1000.0,150.0,75.0,<class 'src.agents.rational.RationalDeveloperAgent'>,,optimal,-0.5,True,-1000.0
0,1,1.0,0.060929872554081534,2.6828190801274854,39.23963910986585,287,87,0.5,1.0,2.0,1000.0,150.0,75.0,<class 'src.agents.rational.RationalDeveloperAgent'>,,optimal,-0.5,False,-39.23963910986585
0,1,2.0,0.09210316405272234,3.199704080549104,39.23685259241391,288,88,0.5,1.0,2.0,1000.0,150.0,75.0,<class 'src.agents.rational.RationalDeveloperAgent'>,,optimal,-0.5,False,-39.23685259241391
0,1,1.0,0.060929872554081534,2.6828190801274854,39.23963910986585,289,89,0.5,1.0,2.0,1000.0,150.0,75.0,<class 'src.agents.rational.RationalDeveloperAgent'>,,optimal,-0.5,False,-39.23963910986585
0,1,1.0,0.060929872554081534,2.6828190801274854,39.30439792367612,290,90,0.5,1.0,2.0,1000.0,150.0,75.0,<class 'src.agents.rational.RationalDeveloperAgent'>,,optimal,-0.5,False,-39.30439792367612
0,1,1.0,0.060929872554081534,2.6828190801274854,39.23963910986585,291,91,0.5,1.0,2.0,1000.0,150.0,75.0,<class 'src.agents.rational.RationalDeveloperAgent'>,,optimal,-0.5,False,-39.23963910986585
0,1,1.0,0.060929872554081534,2.6828190801274854,39.23963910986585,292,92,0.5,1.0,2.0,1000.0,150.0,75.0,<class 'src.agents.rational.RationalDeveloperAgent'>,,optimal,-0.5,False,-39.23963910986585
0,1,1.0,0.060929872554081534,2.6828190801274854,39.23963910986585,293,93,0.5,1.0,2.0,1000.0,150.0,75.0,<class 'src.agents.rational.RationalDeveloperAgent'>,,optimal,-0.5,False,-39.23963910986585
0,1,1.0,0.060929872554081534,2.6828190801274854,39.23963910986585,294,94,0.5,1.0,2.0,1000.0,150.0,75.0,<class 'src.agents.rational.RationalDeveloperAgent'>,,optimal,-0.5,False,-39.23963910986585
0,1,1.0,0.060929872554081534,2.6828190801274854,39.23963910986585,295,95,0.5,1.0,2.0,1000.0,150.0,75.0,<class 'src.agents.rational.RationalDeveloperAgent'>,,optimal,-0.5,False,-39.23963910986585
0,1,2.0,0.09210316405272234,3.199704080549104,39.23685259241391,296,96,0.5,1.0,2.0,1000.0,150.0,75.0,<class 'src.agents.rational.RationalDeveloperAgent'>,,optimal,-0.5,False,-39.23685259241391
0,1,2.0,0.09210316405272234,3.199704080549104,39.23685259241391,297,97,0.5,1.0,2.0,1000.0,150.0,75.0,<class 'src.agents.rational.RationalDeveloperAgent'>,,optimal,-0.5,False,-39.23685259241391
0,1,2.0,0.09210316405272234,3.199704080549104,39.23685259241391,298,98,0.5,1.0,2.0,1000.0,150.0,75.0,<class 'src.agents.rational.RationalDeveloperAgent'>,,optimal,-0.5,False,-39.23685259241391
0,1,1.0,0.060929872554081534,2.6828190801274854,39.23963910986585,299,99,0.5,1.0,2.0,1000.0,150.0,75.0,<class 'src.agents.rational.RationalDeveloperAgent'>,,optimal,-0.5,False,-39.23963910986585
0,1,2.0,0.0,4.255556859445971,150.0,300,0,0.5,1.0,2.0,1000.0,150.0,75.0,<class 'src.agents.rational.RationalDeveloperAgent'>,,fine,0.0,False,-150.0
0,1,2.0,0.0,4.255556859445971,150.0,301,1,0.5,1.0,2.0,1000.0,150.0,75.0,<class 'src.agents.rational.RationalDeveloperAgent'>,,fine,0.0,False,-150.0
0,1,2.0,0.0,4.255556859445971,150.0,302,2,0.5,1.0,2.0,1000.0,150.0,75.0,<class 'src.agents.rational.RationalDeveloperAgent'>,,fine,0.0,False,-150.0
0,1,1.0,2.2371673121949318e-07,3.70181270944906,150.0,303,3,0.5,1.0,2.0,1000.0,150.0,75.0,<class 'src.agents.rational.RationalDeveloperAgent'>,,fine,0.0,False,-150.0
0,1,1.0,2.2371673121949318e-07,3.70181270944906,150.0,304,4,0.5,1.0,2.0,1000.0,150.0,75.0,<class 'src.agents.rational.RationalDeveloperAgent'>,,fine,0.0,False,-150.0
0,1,2.0,0.0,4.255556859445971,150.0,305,5,0.5,1.0,2.0,1000.0,150.0,75.0,<class 'src.agents.rational.RationalDeveloperAgent'>,,fine,0.0,False,-150.0
0,1,1.0,2.2371673121949318e-07,3.70181270944906,150.0,306,6,0.5,1.0,2.0,1000.0,150.0,75.0,<class 'src.agents.rational.RationalDeveloperAgent'>,,fine,0.0,False,-150.0
0,1,2.0,0.0,4.255556859445971,150.0,307,7,0.5,1.0,2.0,1000.0,150.0,75.0,<class 'src.agents.rational.RationalDeveloperAgent'>,,fine,0.0,False,-150.0
0,1,1.0,2.2371673121949318e-07,3.70181270944906,150.0,308,8,0.5,1.0,2.0,1000.0,150.0,75.0,<class 'src.agents.rational.RationalDeveloperAgent'>,,fine,0.0,False,-150.0
0,1,2.0,0.0,4.255556859445971,150.0,309,9,0.5,1.0,2.0,1000.0,150.0,75.0,<class 'src.agents.rational.RationalDeveloperAgent'>,,fine,0.0,False,-150.0
0,1,2.0,0.0,4.255556859445971,150.0,310,10,0.5,1.0,2.0,1000.0,150.0,75.0,<class 'src.agents.rational.RationalDeveloperAgent'>,,fine,0.0,False,-150.0
0,1,2.0,0.0,4.255556859445971,150.0,311,11,0.5,1.0,2.0,1000.0,150.0,75.0,<class 'src.agents.rational.RationalDeveloperAgent'>,,fine,0.0,False,-150.0
0,1,2.0,0.0,4.255556859445971,150.0,312,12,0.5,1.0,2.0,1000.0,150.0,75.0,<class 'src.agents.rational.RationalDeveloperAgent'>,,fine,0.0,False,-150.0
0,1,1.0,2.2371673121949318e-07,3.70181270944906,150.0,313,13,0.5,1.0,2.0,1000.0,150.0,75.0,<class 'src.agents.rational.RationalDeveloperAgent'>,,fine,0.0,False,-150.0
0,1,1.0,2.2371673121949318e-07,3.70181270944906,150.0,314,14,0.5,1.0,2.0,1000.0,150.0,75.0,<class 'src.agents.rational.RationalDeveloperAgent'>,,fine,0.0,False,-150.0
0,1,1.0,2.2371673121949318e-07,3.70181270944906,150.0,315,15,0.5,1.0,2.0,1000.0,150.0,75.0,<class 'src.agents.rational.RationalDeveloperAgent'>,,fine,0.0,False,-150.0
0,1,2.0,0.0,4.255556859445971,150.0,316,16,0.5,1.0,2.0,1000.0,150.0,75.0,<class 'src.agents.rational.RationalDeveloperAgent'>,,fine,0.0,False,-150.0
0,1,1.0,2.2371673121949318e-07,3.70181270944906,150.0,317,17,0.5,1.0,2.0,1000.0,150.0,75.0,<class 'src.agents.rational.RationalDeveloperAgent'>,,fine,0.0,False,-150.0
0,1,1.0,2.2371673121949318e-07,3.70181270944906,150.0,318,18,0.5,1.0,2.0,1000.0,150.0,75.0,<class 'src.agents.rational.RationalDeveloperAgent'>,,fine,0.0,False,-150.0
0,1,1.0,2.2371673121949318e-07,3.70181270944906,150.0,319,19,0.5,1.0,2.0,1000.0,150.0,75.0,<class 'src.agents.rational.RationalDeveloperAgent'>,,fine,0.0,False,-150.0
0,1,2.0,0.0,4.255556859445971,150.0,320,20,0.5,1.0,2.0,1000.0,150.0,75.0,<class 'src.agents.rational.RationalDeveloperAgent'>,,fine,0.0,False,-150.0
0,1,1.0,2.2371673121949318e-07,3.70181270944906,150.0,321,21,0.5,1.0,2.0,1000.0,150.0,75.0,<class 'src.agents.rational.RationalDeveloperAgent'>,,fine,0.0,False,-150.0
0,1,1.0,2.2371673121949318e-07,3.70181270944906,150.0,322,22,0.5,1.0,2.0,1000.0,150.0,75.0,<class 'src.agents.rational.RationalDeveloperAgent'>,,fine,0.0,False,-150.0
0,1,1.0,2.2371673121949318e-07,3.70181270944906,150.0,323,23,0.5,1.0,2.0,1000.0,150.0,75.0,<class 'src.agents.rational.RationalDeveloperAgent'>,,fine,0.0,False,-150.0
0,1,2.0,0.0,4.255556859445971,150.0,324,24,0.5,1.0,2.0,1000.0,150.0,75.0,<class 'src.agents.rational.RationalDeveloperAgent'>,,fine,0.0,False,-150.0
0,1,2.0,0.0,4.255556859445971,150.0,325,25,0.5,1.0,2.0,1000.0,150.0,75.0,<class 'src.agents.rational.RationalDeveloperAgent'>,,fine,0.0,False,-150.0
0,1,1.0,2.2371673121949318e-07,3.70181270944906,150.0,326,26,0.5,1.0,2.0,1000.0,150.0,75.0,<class 'src.agents.rational.RationalDeveloperAgent'>,,fine,0.0,False,-150.0
0,1,1.0,2.2371673121949318e-07,3.70181270944906,150.0,327,27,0.5,1.0,2.0,1000.0,150.0,75.0,<class 'src.agents.rational.RationalDeveloperAgent'>,,fine,0.0,False,-150.0
0,1,1.0,2.2371673121949318e-07,3.70181270944906,150.0,328,28,0.5,1.0,2.0,1000.0,150.0,75.0,<class 'src.agents.rational.RationalDeveloperAgent'>,,fine,0.0,False,-150.0
0,1,2.0,0.0,4.255556859445971,150.0,329,29,0.5,1.0,2.0,1000.0,150.0,75.0,<class 'src.agents.rational.RationalDeveloperAgent'>,,fine,0.0,False,-150.0
0,1,1.0,2.2371673121949318e-07,3.70181270944906,150.0,330,30,0.5,1.0,2.0,1000.0,150.0,75.0,<class 'src.agents.rational.RationalDeveloperAgent'>,,fine,0.0,False,-150.0
0,1,1.0,2.2371673121949318e-07,3.70181270944906,150.0,331,31,0.5,1.0,2.0,1000.0,150.0,75.0,<class 'src.agents.rational.RationalDeveloperAgent'>,,fine,0.0,False,-150.0
0,1,1.0,2.2371673121949318e-07,3.70181270944906,150.0,332,32,0.5,1.0,2.0,1000.0,150.0,75.0,<class 'src.agents.rational.RationalDeveloperAgent'>,,fine,0.0,False,-150.0
0,1,2.0,0.0,4.255556859445971,150.0,333,33,0.5,1.0,2.0,1000.0,150.0,75.0,<class 'src.agents.rational.RationalDeveloperAgent'>,,fine,0.0,False,-150.0
0,1,1.0,2.2371673121949318e-07,3.70181270944906,150.0,334,34,0.5,1.0,2.0,1000.0,150.0,75.0,<class 'src.agents.rational.RationalDeveloperAgent'>,,fine,0.0,False,-150.0
0,1,1.0,2.2371673121949318e-07,3.70181270944906,150.0,335,35,0.5,1.0,2.0,1000.0,150.0,75.0,<class 'src.agents.rational.RationalDeveloperAgent'>,,fine,0.0,False,-150.0
0,1,1.0,2.2371673121949318e-07,3.70181270944906,150.0,336,36,0.5,1.0,2.0,1000.0,150.0,75.0,<class 'src.agents.rational.RationalDeveloperAgent'>,,fine,0.0,False,-150.0
0,1,1.0,2.2371673121949318e-07,3.70181270944906,150.0,337,37,0.5,1.0,2.0,1000.0,150.0,75.0,<class 'src.agents.rational.RationalDeveloperAgent'>,,fine,0.0,False,-150.0
0,1,1.0,2.2371673121949318e-07,3.70181270944906,150.0,338,38,0.5,1.0,2.0,1000.0,150.0,75.0,<class 'src.agents.rational.RationalDeveloperAgent'>,,fine,0.0,False,-150.0
0,1,1.0,2.2371673121949318e-07,3.70181270944906,150.0,339,39,0.5,1.0,2.0,1000.0,150.0,75.0,<class 'src.agents.rational.RationalDeveloperAgent'>,,fine,0.0,False,-150.0
0,1,2.0,0.0,4.255556859445971,150.0,340,40,0.5,1.0,2.0,1000.0,150.0,75.0,<class 'src.agents.rational.RationalDeveloperAgent'>,,fine,0.0,False,-150.0
0,1,1.0,2.2371673121949318e-07,3.70181270944906,150.0,341,41,0.5,1.0,2.0,1000.0,150.0,75.0,<class 'src.agents.rational.RationalDeveloperAgent'>,,fine,0.0,False,-150.0
0,1,1.0,2.2371673121949318e-07,3.70181270944906,150.0,342,42,0.5,1.0,2.0,1000.0,150.0,75.0,<class 'src.agents.rational.RationalDeveloperAgent'>,,fine,0.0,False,-150.0
0,1,1.0,2.2371673121949318e-07,3.70181270944906,150.0,343,43,0.5,1.0,2.0,1000.0,150.0,75.0,<class 'src.agents.rational.RationalDeveloperAgent'>,,fine,0.0,False,-150.0
0,1,1.0,2.2371673121949318e-07,3.70181270944906,150.0,344,44,0.5,1.0,2.0,1000.0,150.0,75.0,<class 'src.agents.rational.RationalDeveloperAgent'>,,fine,0.0,False,-150.0
0,1,2.0,0.0,4.255556859445971,150.0,345,45,0.5,1.0,2.0,1000.0,150.0,75.0,<class 'src.agents.rational.RationalDeveloperAgent'>,,fine,0.0,False,-150.0
0,1,1.0,2.2371673121949318e-07,3.70181270944906,150.0,346,46,0.5,1.0,2.0,1000.0,150.0,75.0,<class 'src.agents.rational.RationalDeveloperAgent'>,,fine,0.0,False,-150.0
0,1,1.0,2.2371673121949318e-07,3.70181270944906,0.0,347,47,0.5,1.0,2.0,1000.0,150.0,75.0,<class 'src.agents.rational.RationalDeveloperAgent'>,,fine,0.0,True,-1000.0
0,1,1.0,2.2371673121949318e-07,3.70181270944906,150.0,348,48,0.5,1.0,2.0,1000.0,150.0,75.0,<class 'src.agents.rational.RationalDeveloperAgent'>,,fine,0.0,False,-150.0
0,1,2.0,0.0,4.255556859445971,150.0,349,49,0.5,1.0,2.0,1000.0,150.0,75.0,<class 'src.agents.rational.RationalDeveloperAgent'>,,fine,0.0,False,-150.0
0,1,1.0,2.2371673121949318e-07,3.70181270944906,150.0,350,50,0.5,1.0,2.0,1000.0,150.0,75.0,<class 'src.agents.rational.RationalDeveloperAgent'>,,fine,0.0,False,-150.0
0,1,1.0,2.2371673121949318e-07,3.70181270944906,150.0,351,51,0.5,1.0,2.0,1000.0,150.0,75.0,<class 'src.agents.rational.RationalDeveloperAgent'>,,fine,0.0,False,-150.0
0,1,2.0,0.0,4.255556859445971,150.0,352,52,0.5,1.0,2.0,1000.0,150.0,75.0,<class 'src.agents.rational.RationalDeveloperAgent'>,,fine,0.0,False,-150.0
0,1,1.0,2.2371673121949318e-07,3.70181270944906,150.0,353,53,0.5,1.0,2.0,1000.0,150.0,75.0,<class 'src.agents.rational.RationalDeveloperAgent'>,,fine,0.0,False,-150.0
0,1,2.0,0.0,4.255556859445971,150.0,354,54,0.5,1.0,2.0,1000.0,150.0,75.0,<class 'src.agents.rational.RationalDeveloperAgent'>,,fine,0.0,False,-150.0
0,1,2.0,0.0,4.255556859445971,150.0,355,55,0.5,1.0,2.0,1000.0,150.0,75.0,<class 'src.agents.rational.RationalDeveloperAgent'>,,fine,0.0,False,-150.0
0,1,2.0,0.0,4.255556859445971,150.0,356,56,0.5,1.0,2.0,1000.0,150.0,75.0,<class 'src.agents.rational.RationalDeveloperAgent'>,,fine,0.0,False,-150.0
0,1,2.0,0.0,4.255556859445971,150.0,357,57,0.5,1.0,2.0,1000.0,150.0,75.0,<class 'src.agents.rational.RationalDeveloperAgent'>,,fine,0.0,False,-150.0
0,1,2.0,0.0,4.255556859445971,150.0,358,58,0.5,1.0,2.0,1000.0,150.0,75.0,<class 'src.agents.rational.RationalDeveloperAgent'>,,fine,0.0,False,-150.0
0,1,1.0,2.2371673121949318e-07,3.70181270944906,150.0,359,59,0.5,1.0,2.0,1000.0,150.0,75.0,<class 'src.agents.rational.RationalDeveloperAgent'>,,fine,0.0,False,-150.0
0,1,2.0,0.0,4.255556859445971,150.0,360,60,0.5,1.0,2.0,1000.0,150.0,75.0,<class 'src.agents.rational.RationalDeveloperAgent'>,,fine,0.0,False,-150.0
0,1,1.0,2.2371673121949318e-07,3.70181270944906,150.0,361,61,0.5,1.0,2.0,1000.0,150.0,75.0,<class 'src.agents.rational.RationalDeveloperAgent'>,,fine,0.0,False,-150.0
0,1,1.0,2.2371673121949318e-07,3.70181270944906,150.0,362,62,0.5,1.0,2.0,1000.0,150.0,75.0,<class 'src.agents.rational.RationalDeveloperAgent'>,,fine,0.0,False,-150.0
0,1,2.0,0.0,4.255556859445971,150.0,363,63,0.5,1.0,2.0,1000.0,150.0,75.0,<class 'src.agents.rational.RationalDeveloperAgent'>,,fine,0.0,False,-150.0
0,1,1.0,2.2371673121949318e-07,3.70181270944906,150.0,364,64,0.5,1.0,2.0,1000.0,150.0,75.0,<class 'src.agents.rational.RationalDeveloperAgent'>,,fine,0.0,False,-150.0
0,1,1.0,2.2371673121949318e-07,3.70181270944906,150.0,365,65,0.5,1.0,2.0,1000.0,150.0,75.0,<class 'src.agents.rational.RationalDeveloperAgent'>,,fine,0.0,False,-150.0
0,1,2.0,0.0,4.255556859445971,150.0,366,66,0.5,1.0,2.0,1000.0,150.0,75.0,<class 'src.agents.rational.RationalDeveloperAgent'>,,fine,0.0,False,-150.0
0,1,2.0,0.0,4.255556859445971,150.0,367,67,0.5,1.0,2.0,1000.0,150.0,75.0,<class 'src.agents.rational.RationalDeveloperAgent'>,,fine,0.0,False,-150.0
0,1,1.0,2.2371673121949318e-07,3.70181270944906,150.0,368,68,0.5,1.0,2.0,1000.0,150.0,75.0,<class 'src.agents.rational.RationalDeveloperAgent'>,,fine,0.0,False,-150.0
0,1,2.0,0.0,4.255556859445971,150.0,369,69,0.5,1.0,2.0,1000.0,150.0,75.0,<class 'src.agents.rational.RationalDeveloperAgent'>,,fine,0.0,False,-150.0
0,1,1.0,2.2371673121949318e-07,3.70181270944906,150.0,370,70,0.5,1.0,2.0,1000.0,150.0,75.0,<class 'src.agents.rational.RationalDeveloperAgent'>,,fine,0.0,False,-150.0
0,1,1.0,2.2371673121949318e-07,3.70181270944906,150.0,371,71,0.5,1.0,2.0,1000.0,150.0,75.0,<class 'src.agents.rational.RationalDeveloperAgent'>,,fine,0.0,False,-150.0
0,1,1.0,2.2371673121949318e-07,3.70181270944906,150.0,372,72,0.5,1.0,2.0,1000.0,150.0,75.0,<class 'src.agents.rational.RationalDeveloperAgent'>,,fine,0.0,False,-150.0
0,1,1.0,2.2371673121949318e-07,3.70181270944906,150.0,373,73,0.5,1.0,2.0,1000.0,150.0,75.0,<class 'src.agents.rational.RationalDeveloperAgent'>,,fine,0.0,False,-150.0
0,1,1.0,2.2371673121949318e-07,3.70181270944906,150.0,374,74,0.5,1.0,2.0,1000.0,150.0,75.0,<class 'src.agents.rational.RationalDeveloperAgent'>,,fine,0.0,False,-150.0
0,1,2.0,0.0,4.255556859445971,150.0,375,75,0.5,1.0,2.0,1000.0,150.0,75.0,<class 'src.agents.rational.RationalDeveloperAgent'>,,fine,0.0,False,-150.0
0,1,1.0,2.2371673121949318e-07,3.70181270944906,150.0,376,76,0.5,1.0,2.0,1000.0,150.0,75.0,<class 'src.agents.rational.RationalDeveloperAgent'>,,fine,0.0,False,-150.0
0,1,2.0,0.0,4.255556859445971,150.0,377,77,0.5,1.0,2.0,1000.0,150.0,75.0,<class 'src.agents.rational.RationalDeveloperAgent'>,,fine,0.0,False,-150.0
0,1,1.0,2.2371673121949318e-07,3.70181270944906,150.0,378,78,0.5,1.0,2.0,1000.0,150.0,75.0,<class 'src.agents.rational.RationalDeveloperAgent'>,,fine,0.0,False,-150.0
0,1,1.0,2.2371673121949318e-07,3.70181270944906,150.0,379,79,0.5,1.0,2.0,1000.0,150.0,75.0,<class 'src.agents.rational.RationalDeveloperAgent'>,,fine,0.0,False,-150.0
0,1,1.0,2.2371673121949318e-07,3.70181270944906,150.0,380,80,0.5,1.0,2.0,1000.0,150.0,75.0,<class 'src.agents.rational.RationalDeveloperAgent'>,,fine,0.0,False,-150.0
0,1,1.0,2.2371673121949318e-07,3.70181270944906,150.0,381,81,0.5,1.0,2.0,1000.0,150.0,75.0,<class 'src.agents.rational.RationalDeveloperAgent'>,,fine,0.0,False,-150.0
0,1,2.0,0.0,4.255556859445971,150.0,382,82,0.5,1.0,2.0,1000.0,150.0,75.0,<class 'src.agents.rational.RationalDeveloperAgent'>,,fine,0.0,False,-150.0
0,1,2.0,0.0,4.255556859445971,150.0,383,83,0.5,1.0,2.0,1000.0,150.0,75.0,<class 'src.agents.rational.RationalDeveloperAgent'>,,fine,0.0,False,-150.0
0,1,2.0,0.0,4.255556859445971,150.0,384,84,0.5,1.0,2.0,1000.0,150.0,75.0,<class 'src.agents.rational.RationalDeveloperAgent'>,,fine,0.0,False,-150.0
0,1,1.0,2.2371673121949318e-07,3.70181270944906,150.0,385,85,0.5,1.0,2.0,1000.0,150.0,75.0,<class 'src.agents.rational.RationalDeveloperAgent'>,,fine,0.0,False,-150.0
0,1,1.0,2.2371673121949318e-07,3.70181270944906,150.0,386,86,0.5,1.0,2.0,1000.0,150.0,75.0,<class 'src.agents.rational.RationalDeveloperAgent'>,,fine,0.0,False,-150.0
0,1,2.0,0.0,4.255556859445971,150.0,387,87,0.5,1.0,2.0,1000.0,150.0,75.0,<class 'src.agents.rational.RationalDeveloperAgent'>,,fine,0.0,False,-150.0
0,1,2.0,0.0,4.255556859445971,150.0,388,88,0.5,1.0,2.0,1000.0,150.0,75.0,<class 'src.agents.rational.RationalDeveloperAgent'>,,fine,0.0,False,-150.0
0,1,2.0,0.0,4.255556859445971,150.0,389,89,0.5,1.0,2.0,1000.0,150.0,75.0,<class 'src.agents.rational.RationalDeveloperAgent'>,,fine,0.0,False,-150.0
0,1,2.0,0.0,4.255556859445971,150.0,390,90,0.5,1.0,2.0,1000.0,150.0,75.0,<class 'src.agents.rational.RationalDeveloperAgent'>,,fine,0.0,False,-150.0
0,1,2.0,0.0,4.255556859445971,0.0,391,91,0.5,1.0,2.0,1000.0,150.0,75.0,<class 'src.agents.rational.RationalDeveloperAgent'>,,fine,0.0,True,-1000.0
0,1,2.0,0.0,4.255556859445971,150.0,392,92,0.5,1.0,2.0,1000.0,150.0,75.0,<class 'src.agents.rational.RationalDeveloperAgent'>,,fine,0.0,False,-150.0
0,1,1.0,2.2371673121949318e-07,3.70181270944906,150.0,393,93,0.5,1.0,2.0,1000.0,150.0,75.0,<class 'src.agents.rational.RationalDeveloperAgent'>,,fine,0.0,False,-150.0
0,1,2.0,0.0,4.255556859445971,150.0,394,94,0.5,1.0,2.0,1000.0,150.0,75.0,<class 'src.agents.rational.RationalDeveloperAgent'>,,fine,0.0,False,-150.0
0,1,2.0,0.0,4.255556859445971,150.0,395,95,0.5,1.0,2.0,1000.0,150.0,75.0,<class 'src.agents.rational.RationalDeveloperAgent'>,,fine,0.0,False,-150.0
0,1,2.0,0.0,4.255556859445971,150.0,396,96,0.5,1.0,2.0,1000.0,150.0,75.0,<class 'src.agents.rational.RationalDeveloperAgent'>,,fine,0.0,False,-150.0
0,1,1.0,2.2371673121949318e-07,3.70181270944906,150.0,397,97,0.5,1.0,2.0,1000.0,150.0,75.0,<class 'src.agents.rational.RationalDeveloperAgent'>,,fine,0.0,False,-150.0
0,1,1.0,2.2371673121949318e-07,3.70181270944906,0.0,398,98,0.5,1.0,2.0,1000.0,150.0,75.0,<class 'src.agents.rational.RationalDeveloperAgent'>,,fine,0.0,True,-1000.0
0,1,2.0,0.0,4.255556859445971,150.0,399,99,0.5,1.0,2.0,1000.0,150.0,75.0,<class 'src.agents.rational.RationalDeveloperAgent'>,,fine,0.0,False,-150.0
0,1,2.0,0.0,4.255556859445971,150.0,400,0,0.5,1.0,2.0,1000.0,150.0,75.0,<class 'src.agents.rational.RationalDeveloperAgent'>,,fine,0.5,False,-150.0
0,1,1.0,2.2371673121949318e-07,3.70181270944906,150.0,401,1,0.5,1.0,2.0,1000.0,150.0,75.0,<class 'src.agents.rational.RationalDeveloperAgent'>,,fine,0.5,False,-150.0
0,1,2.0,0.0,4.255556859445971,150.0,402,2,0.5,1.0,2.0,1000.0,150.0,75.0,<class 'src.agents.rational.RationalDeveloperAgent'>,,fine,0.5,False,-150.0
0,1,1.0,2.2371673121949318e-07,3.70181270944906,150.0,403,3,0.5,1.0,2.0,1000.0,150.0,75.0,<class 'src.agents.rational.RationalDeveloperAgent'>,,fine,0.5,False,-150.0
0,1,1.0,2.2371673121949318e-07,3.70181270944906,150.0,404,4,0.5,1.0,2.0,1000.0,150.0,75.0,<class 'src.agents.rational.RationalDeveloperAgent'>,,fine,0.5,False,-150.0
0,1,1.0,2.2371673121949318e-07,3.70181270944906,150.0,405,5,0.5,1.0,2.0,1000.0,150.0,75.0,<class 'src.agents.rational.RationalDeveloperAgent'>,,fine,0.5,False,-150.0
0,1,1.0,2.2371673121949318e-07,3.70181270944906,150.0,406,6,0.5,1.0,2.0,1000.0,150.0,75.0,<class 'src.agents.rational.RationalDeveloperAgent'>,,fine,0.5,False,-150.0
0,1,2.0,0.0,4.255556859445971,150.0,407,7,0.5,1.0,2.0,1000.0,150.0,75.0,<class 'src.agents.rational.RationalDeveloperAgent'>,,fine,0.5,False,-150.0
0,1,2.0,0.0,4.255556859445971,150.0,408,8,0.5,1.0,2.0,1000.0,150.0,75.0,<class 'src.agents.rational.RationalDeveloperAgent'>,,fine,0.5,False,-150.0
0,1,2.0,0.0,4.255556859445971,150.0,409,9,0.5,1.0,2.0,1000.0,150.0,75.0,<class 'src.agents.rational.RationalDeveloperAgent'>,,fine,0.5,False,-150.0
0,1,1.0,2.2371673121949318e-07,3.70181270944906,150.0,410,10,0.5,1.0,2.0,1000.0,150.0,75.0,<class 'src.agents.rational.RationalDeveloperAgent'>,,fine,0.5,False,-150.0
0,1,2.0,0.0,4.255556859445971,150.0,411,11,0.5,1.0,2.0,1000.0,150.0,75.0,<class 'src.agents.rational.RationalDeveloperAgent'>,,fine,0.5,False,-150.0
0,1,2.0,0.0,4.255556859445971,150.0,412,12,0.5,1.0,2.0,1000.0,150.0,75.0,<class 'src.agents.rational.RationalDeveloperAgent'>,,fine,0.5,False,-150.0
0,1,2.0,0.0,4.255556859445971,150.0,413,13,0.5,1.0,2.0,1000.0,150.0,75.0,<class 'src.agents.rational.RationalDeveloperAgent'>,,fine,0.5,False,-150.0
0,1,1.0,2.2371673121949318e-07,3.70181270944906,150.0,414,14,0.5,1.0,2.0,1000.0,150.0,75.0,<class 'src.agents.rational.RationalDeveloperAgent'>,,fine,0.5,False,-150.0
0,1,1.0,2.2371673121949318e-07,3.70181270944906,150.0,415,15,0.5,1.0,2.0,1000.0,150.0,75.0,<class 'src.agents.rational.RationalDeveloperAgent'>,,fine,0.5,False,-150.0
0,1,2.0,0.0,4.255556859445971,150.0,416,16,0.5,1.0,2.0,1000.0,150.0,75.0,<class 'src.agents.rational.RationalDeveloperAgent'>,,fine,0.5,False,-150.0
0,1,2.0,0.0,4.255556859445971,150.0,417,17,0.5,1.0,2.0,1000.0,150.0,75.0,<class 'src.agents.rational.RationalDeveloperAgent'>,,fine,0.5,False,-150.0
0,1,2.0,0.0,4.255556859445971,150.0,418,18,0.5,1.0,2.0,1000.0,150.0,75.0,<class 'src.agents.rational.RationalDeveloperAgent'>,,fine,0.5,False,-150.0
0,1,2.0,0.0,4.255556859445971,150.0,419,19,0.5,1.0,2.0,1000.0,150.0,75.0,<class 'src.agents.rational.RationalDeveloperAgent'>,,fine,0.5,False,-150.0
0,1,1.0,2.2371673121949318e-07,3.70181270944906,150.0,420,20,0.5,1.0,2.0,1000.0,150.0,75.0,<class 'src.agents.rational.RationalDeveloperAgent'>,,fine,0.5,False,-150.0
0,1,2.0,0.0,4.255556859445971,150.0,421,21,0.5,1.0,2.0,1000.0,150.0,75.0,<class 'src.agents.rational.RationalDeveloperAgent'>,,fine,0.5,False,-150.0
0,1,2.0,0.0,4.255556859445971,150.0,422,22,0.5,1.0,2.0,1000.0,150.0,75.0,<class 'src.agents.rational.RationalDeveloperAgent'>,,fine,0.5,False,-150.0
0,1,2.0,0.0,4.255556859445971,150.0,423,23,0.5,1.0,2.0,1000.0,150.0,75.0,<class 'src.agents.rational.RationalDeveloperAgent'>,,fine,0.5,False,-150.0
0,1,2.0,0.0,4.255556859445971,150.0,424,24,0.5,1.0,2.0,1000.0,150.0,75.0,<class 'src.agents.rational.RationalDeveloperAgent'>,,fine,0.5,False,-150.0
0,1,1.0,2.2371673121949318e-07,3.70181270944906,150.0,425,25,0.5,1.0,2.0,1000.0,150.0,75.0,<class 'src.agents.rational.RationalDeveloperAgent'>,,fine,0.5,False,-150.0
0,1,1.0,2.2371673121949318e-07,3.70181270944906,150.0,426,26,0.5,1.0,2.0,1000.0,150.0,75.0,<class 'src.agents.rational.RationalDeveloperAgent'>,,fine,0.5,False,-150.0
0,1,1.0,2.2371673121949318e-07,3.70181270944906,150.0,427,27,0.5,1.0,2.0,1000.0,150.0,75.0,<class 'src.agents.rational.RationalDeveloperAgent'>,,fine,0.5,False,-150.0
0,1,1.0,2.2371673121949318e-07,3.70181270944906,150.0,428,28,0.5,1.0,2.0,1000.0,150.0,75.0,<class 'src.agents.rational.RationalDeveloperAgent'>,,fine,0.5,False,-150.0
0,1,2.0,0.0,4.255556859445971,150.0,429,29,0.5,1.0,2.0,1000.0,150.0,75.0,<class 'src.agents.rational.RationalDeveloperAgent'>,,fine,0.5,False,-150.0
0,1,2.0,0.0,4.255556859445971,150.0,430,30,0.5,1.0,2.0,1000.0,150.0,75.0,<class 'src.agents.rational.RationalDeveloperAgent'>,,fine,0.5,False,-150.0
0,1,2.0,0.0,4.255556859445971,150.0,431,31,0.5,1.0,2.0,1000.0,150.0,75.0,<class 'src.agents.rational.RationalDeveloperAgent'>,,fine,0.5,False,-150.0
0,1,2.0,0.0,4.255556859445971,150.0,432,32,0.5,1.0,2.0,1000.0,150.0,75.0,<class 'src.agents.rational.RationalDeveloperAgent'>,,fine,0.5,False,-150.0
0,1,2.0,0.0,4.255556859445971,150.0,433,33,0.5,1.0,2.0,1000.0,150.0,75.0,<class 'src.agents.rational.RationalDeveloperAgent'>,,fine,0.5,False,-150.0
0,1,1.0,2.2371673121949318e-07,3.70181270944906,150.0,434,34,0.5,1.0,2.0,1000.0,150.0,75.0,<class 'src.agents.rational.RationalDeveloperAgent'>,,fine,0.5,False,-150.0
0,1,1.0,2.2371673121949318e-07,3.70181270944906,150.0,435,35,0.5,1.0,2.0,1000.0,150.0,75.0,<class 'src.agents.rational.RationalDeveloperAgent'>,,fine,0.5,False,-150.0
0,1,2.0,0.0,4.255556859445971,150.0,436,36,0.5,1.0,2.0,1000.0,150.0,75.0,<class 'src.agents.rational.RationalDeveloperAgent'>,,fine,0.5,False,-150.0
0,1,1.0,2.2371673121949318e-07,3.70181270944906,150.0,437,37,0.5,1.0,2.0,1000.0,150.0,75.0,<class 'src.agents.rational.RationalDeveloperAgent'>,,fine,0.5,False,-150.0
0,1,2.0,0.0,4.255556859445971,150.0,438,38,0.5,1.0,2.0,1000.0,150.0,75.0,<class 'src.agents.rational.RationalDeveloperAgent'>,,fine,0.5,False,-150.0
0,1,1.0,2.2371673121949318e-07,3.70181270944906,150.0,439,39,0.5,1.0,2.0,1000.0,150.0,75.0,<class 'src.agents.rational.RationalDeveloperAgent'>,,fine,0.5,False,-150.0
0,1,1.0,2.2371673121949318e-07,3.70181270944906,150.0,440,40,0.5,1.0,2.0,1000.0,150.0,75.0,<class 'src.agents.rational.RationalDeveloperAgent'>,,fine,0.5,False,-150.0
0,1,2.0,0.0,4.255556859445971,150.0,441,41,0.5,1.0,2.0,1000.0,150.0,75.0,<class 'src.agents.rational.RationalDeveloperAgent'>,,fine,0.5,False,-150.0
0,1,2.0,0.0,4.255556859445971,150.0,442,42,0.5,1.0,2.0,1000.0,150.0,75.0,<class 'src.agents.rational.RationalDeveloperAgent'>,,fine,0.5,False,-150.0
0,1,1.0,2.2371673121949318e-07,3.70181270944906,150.0,443,43,0.5,1.0,2.0,1000.0,150.0,75.0,<class 'src.agents.rational.RationalDeveloperAgent'>,,fine,0.5,False,-150.0
0,1,1.0,2.2371673121949318e-07,3.70181270944906,0.0,444,44,0.5,1.0,2.0,1000.0,150.0,75.0,<class 'src.agents.rational.RationalDeveloperAgent'>,,fine,0.5,True,-1000.0
0,1,2.0,0.0,4.255556859445971,150.0,445,45,0.5,1.0,2.0,1000.0,150.0,75.0,<class 'src.agents.rational.RationalDeveloperAgent'>,,fine,0.5,False,-150.0
0,1,2.0,0.0,4.255556859445971,150.0,446,46,0.5,1.0,2.0,1000.0,150.0,75.0,<class 'src.agents.rational.RationalDeveloperAgent'>,,fine,0.5,False,-150.0
0,1,1.0,2.2371673121949318e-07,3.70181270944906,150.0,447,47,0.5,1.0,2.0,1000.0,150.0,75.0,<class 'src.agents.rational.RationalDeveloperAgent'>,,fine,0.5,False,-150.0
0,1,2.0,0.0,4.255556859445971,150.0,448,48,0.5,1.0,2.0,1000.0,150.0,75.0,<class 'src.agents.rational.RationalDeveloperAgent'>,,fine,0.5,False,-150.0
0,1,2.0,0.0,4.255556859445971,150.0,449,49,0.5,1.0,2.0,1000.0,150.0,75.0,<class 'src.agents.rational.RationalDeveloperAgent'>,,fine,0.5,False,-150.0
0,1,2.0,0.0,4.255556859445971,150.0,450,50,0.5,1.0,2.0,1000.0,150.0,75.0,<class 'src.agents.rational.RationalDeveloperAgent'>,,fine,0.5,False,-150.0
0,1,1.0,2.2371673121949318e-07,3.70181270944906,0.0,451,51,0.5,1.0,2.0,1000.0,150.0,75.0,<class 'src.agents.rational.RationalDeveloperAgent'>,,fine,0.5,True,-1000.0
0,1,2.0,0.0,4.255556859445971,150.0,452,52,0.5,1.0,2.0,1000.0,150.0,75.0,<class 'src.agents.rational.RationalDeveloperAgent'>,,fine,0.5,False,-150.0
0,1,1.0,2.2371673121949318e-07,3.70181270944906,150.0,453,53,0.5,1.0,2.0,1000.0,150.0,75.0,<class 'src.agents.rational.RationalDeveloperAgent'>,,fine,0.5,False,-150.0
0,1,1.0,2.2371673121949318e-07,3.70181270944906,150.0,454,54,0.5,1.0,2.0,1000.0,150.0,75.0,<class 'src.agents.rational.RationalDeveloperAgent'>,,fine,0.5,False,-150.0
0,1,1.0,2.2371673121949318e-07,3.70181270944906,150.0,455,55,0.5,1.0,2.0,1000.0,150.0,75.0,<class 'src.agents.rational.RationalDeveloperAgent'>,,fine,0.5,False,-150.0
0,1,1.0,2.2371673121949318e-07,3.70181270944906,150.0,456,56,0.5,1.0,2.0,1000.0,150.0,75.0,<class 'src.agents.rational.RationalDeveloperAgent'>,,fine,0.5,False,-150.0
0,1,2.0,0.0,4.255556859445971,150.0,457,57,0.5,1.0,2.0,1000.0,150.0,75.0,<class 'src.agents.rational.RationalDeveloperAgent'>,,fine,0.5,False,-150.0
0,1,1.0,2.2371673121949318e-07,3.70181270944906,150.0,458,58,0.5,1.0,2.0,1000.0,150.0,75.0,<class 'src.agents.rational.RationalDeveloperAgent'>,,fine,0.5,False,-150.0
0,1,2.0,0.0,4.255556859445971,150.0,459,59,0.5,1.0,2.0,1000.0,150.0,75.0,<class 'src.agents.rational.RationalDeveloperAgent'>,,fine,0.5,False,-150.0
0,1,2.0,0.0,4.255556859445971,150.0,460,60,0.5,1.0,2.0,1000.0,150.0,75.0,<class 'src.agents.rational.RationalDeveloperAgent'>,,fine,0.5,False,-150.0
0,1,1.0,2.2371673121949318e-07,3.70181270944906,0.0,461,61,0.5,1.0,2.0,1000.0,150.0,75.0,<class 'src.agents.rational.RationalDeveloperAgent'>,,fine,0.5,True,-1000.0
0,1,1.0,2.2371673121949318e-07,3.70181270944906,150.0,462,62,0.5,1.0,2.0,1000.0,150.0,75.0,<class 'src.agents.rational.RationalDeveloperAgent'>,,fine,0.5,False,-150.0
0,1,2.0,0.0,4.255556859445971,150.0,463,63,0.5,1.0,2.0,1000.0,150.0,75.0,<class 'src.agents.rational.RationalDeveloperAgent'>,,fine,0.5,False,-150.0
0,1,2.0,0.0,4.255556859445971,150.0,464,64,0.5,1.0,2.0,1000.0,150.0,75.0,<class 'src.agents.rational.RationalDeveloperAgent'>,,fine,0.5,False,-150.0
0,1,2.0,0.0,4.255556859445971,150.0,465,65,0.5,1.0,2.0,1000.0,150.0,75.0,<class 'src.agents.rational.RationalDeveloperAgent'>,,fine,0.5,False,-150.0
0,1,1.0,2.2371673121949318e-07,3.70181270944906,150.0,466,66,0.5,1.0,2.0,1000.0,150.0,75.0,<class 'src.agents.rational.RationalDeveloperAgent'>,,fine,0.5,False,-150.0
0,1,1.0,2.2371673121949318e-07,3.70181270944906,150.0,467,67,0.5,1.0,2.0,1000.0,150.0,75.0,<class 'src.agents.rational.RationalDeveloperAgent'>,,fine,0.5,False,-150.0
0,1,2.0,0.0,4.255556859445971,150.0,468,68,0.5,1.0,2.0,1000.0,150.0,75.0,<class 'src.agents.rational.RationalDeveloperAgent'>,,fine,0.5,False,-150.0
0,1,2.0,0.0,4.255556859445971,150.0,469,69,0.5,1.0,2.0,1000.0,150.0,75.0,<class 'src.agents.rational.RationalDeveloperAgent'>,,fine,0.5,False,-150.0
0,1,1.0,2.2371673121949318e-07,3.70181270944906,150.0,470,70,0.5,1.0,2.0,1000.0,150.0,75.0,<class 'src.agents.rational.RationalDeveloperAgent'>,,fine,0.5,False,-150.0
0,1,1.0,2.2371673121949318e-07,3.70181270944906,150.0,471,71,0.5,1.0,2.0,1000.0,150.0,75.0,<class 'src.agents.rational.RationalDeveloperAgent'>,,fine,0.5,False,-150.0
0,1,2.0,0.0,4.255556859445971,150.0,472,72,0.5,1.0,2.0,1000.0,150.0,75.0,<class 'src.agents.rational.RationalDeveloperAgent'>,,fine,0.5,False,-150.0
0,1,1.0,2.2371673121949318e-07,3.70181270944906,150.0,473,73,0.5,1.0,2.0,1000.0,150.0,75.0,<class 'src.agents.rational.RationalDeveloperAgent'>,,fine,0.5,False,-150.0
0,1,1.0,2.2371673121949318e-07,3.70181270944906,150.0,474,74,0.5,1.0,2.0,1000.0,150.0,75.0,<class 'src.agents.rational.RationalDeveloperAgent'>,,fine,0.5,False,-150.0
0,1,1.0,2.2371673121949318e-07,3.70181270944906,150.0,475,75,0.5,1.0,2.0,1000.0,150.0,75.0,<class 'src.agents.rational.RationalDeveloperAgent'>,,fine,0.5,False,-150.0
0,1,2.0,0.0,4.255556859445971,150.0,476,76,0.5,1.0,2.0,1000.0,150.0,75.0,<class 'src.agents.rational.RationalDeveloperAgent'>,,fine,0.5,False,-150.0
0,1,1.0,2.2371673121949318e-07,3.70181270944906,150.0,477,77,0.5,1.0,2.0,1000.0,150.0,75.0,<class 'src.agents.rational.RationalDeveloperAgent'>,,fine,0.5,False,-150.0
0,1,1.0,2.2371673121949318e-07,3.70181270944906,150.0,478,78,0.5,1.0,2.0,1000.0,150.0,75.0,<class 'src.agents.rational.RationalDeveloperAgent'>,,fine,0.5,False,-150.0
0,1,1.0,2.2371673121949318e-07,3.70181270944906,150.0,479,79,0.5,1.0,2.0,1000.0,150.0,75.0,<class 'src.agents.rational.RationalDeveloperAgent'>,,fine,0.5,False,-150.0
0,1,2.0,0.0,4.255556859445971,150.0,480,80,0.5,1.0,2.0,1000.0,150.0,75.0,<class 'src.agents.rational.RationalDeveloperAgent'>,,fine,0.5,False,-150.0
0,1,2.0,0.0,4.255556859445971,150.0,481,81,0.5,1.0,2.0,1000.0,150.0,75.0,<class 'src.agents.rational.RationalDeveloperAgent'>,,fine,0.5,False,-150.0
0,1,2.0,0.0,4.255556859445971,150.0,482,82,0.5,1.0,2.0,1000.0,150.0,75.0,<class 'src.agents.rational.RationalDeveloperAgent'>,,fine,0.5,False,-150.0
0,1,1.0,2.2371673121949318e-07,3.70181270944906,150.0,483,83,0.5,1.0,2.0,1000.0,150.0,75.0,<class 'src.agents.rational.RationalDeveloperAgent'>,,fine,0.5,False,-150.0
0,1,1.0,2.2371673121949318e-07,3.70181270944906,150.0,484,84,0.5,1.0,2.0,1000.0,150.0,75.0,<class 'src.agents.rational.RationalDeveloperAgent'>,,fine,0.5,False,-150.0
0,1,2.0,0.0,4.255556859445971,150.0,485,85,0.5,1.0,2.0,1000.0,150.0,75.0,<class 'src.agents.rational.RationalDeveloperAgent'>,,fine,0.5,False,-150.0
0,1,2.0,0.0,4.255556859445971,150.0,486,86,0.5,1.0,2.0,1000.0,150.0,75.0,<class 'src.agents.rational.RationalDeveloperAgent'>,,fine,0.5,False,-150.0
0,1,2.0,0.0,4.255556859445971,150.0,487,87,0.5,1.0,2.0,1000.0,150.0,75.0,<class 'src.agents.rational.RationalDeveloperAgent'>,,fine,0.5,False,-150.0
0,1,2.0,0.0,4.255556859445971,150.0,488,88,0.5,1.0,2.0,1000.0,150.0,75.0,<class 'src.agents.rational.RationalDeveloperAgent'>,,fine,0.5,False,-150.0
0,1,1.0,2.2371673121949318e-07,3.70181270944906,150.0,489,89,0.5,1.0,2.0,1000.0,150.0,75.0,<class 'src.agents.rational.RationalDeveloperAgent'>,,fine,0.5,False,-150.0
0,1,2.0,0.0,4.255556859445971,150.0,490,90,0.5,1.0,2.0,1000.0,150.0,75.0,<class 'src.agents.rational.RationalDeveloperAgent'>,,fine,0.5,False,-150.0
0,1,1.0,2.2371673121949318e-07,3.70181270944906,150.0,491,91,0.5,1.0,2.0,1000.0,150.0,75.0,<class 'src.agents.rational.RationalDeveloperAgent'>,,fine,0.5,False,-150.0
0,1,2.0,0.0,4.255556859445971,150.0,492,92,0.5,1.0,2.0,1000.0,150.0,75.0,<class 'src.agents.rational.RationalDeveloperAgent'>,,fine,0.5,False,-150.0
0,1,2.0,0.0,4.255556859445971,150.0,493,93,0.5,1.0,2.0,1000.0,150.0,75.0,<class 'src.agents.rational.RationalDeveloperAgent'>,,fine,0.5,False,-150.0
0,1,2.0,0.0,4.255556859445971,150.0,494,94,0.5,1.0,2.0,1000.0,150.0,75.0,<class 'src.agents.rational.RationalDeveloperAgent'>,,fine,0.5,False,-150.0
0,1,1.0,2.2371673121949318e-07,3.70181270944906,150.0,495,95,0.5,1.0,2.0,1000.0,150.0,75.0,<class 'src.agents.rational.RationalDeveloperAgent'>,,fine,0.5,False,-150.0
0,1,2.0,0.0,4.255556859445971,150.0,496,96,0.5,1.0,2.0,1000.0,150.0,75.0,<class 'src.agents.rational.RationalDeveloperAgent'>,,fine,0.5,False,-150.0
0,1,2.0,0.0,4.255556859445971,150.0,497,97,0.5,1.0,2.0,1000.0,150.0,75.0,<class 'src.agents.rational.RationalDeveloperAgent'>,,fine,0.5,False,-150.0
0,1,1.0,2.2371673121949318e-07,3.70181270944906,150.0,498,98,0.5,1.0,2.0,1000.0,150.0,75.0,<class 'src.agents.rational.RationalDeveloperAgent'>,,fine,0.5,False,-150.0
0,1,1.0,2.2371673121949318e-07,3.70181270944906,150.0,499,99,0.5,1.0,2.0,1000.0,150.0,75.0,<class 'src.agents.rational.RationalDeveloperAgent'>,,fine,0.5,False,-150.0
0,1,2.0,0.0,4.255556859445971,150.0,500,0,0.5,1.0,2.0,1000.0,150.0,75.0,<class 'src.agents.rational.RationalDeveloperAgent'>,,fine,-0.5,False,-150.0
0,1,1.0,2.2371673121949318e-07,3.70181270944906,150.0,501,1,0.5,1.0,2.0,1000.0,150.0,75.0,<class 'src.agents.rational.RationalDeveloperAgent'>,,fine,-0.5,False,-150.0
0,1,1.0,2.2371673121949318e-07,3.70181270944906,150.0,502,2,0.5,1.0,2.0,1000.0,150.0,75.0,<class 'src.agents.rational.RationalDeveloperAgent'>,,fine,-0.5,False,-150.0
0,1,2.0,0.0,4.255556859445971,150.0,503,3,0.5,1.0,2.0,1000.0,150.0,75.0,<class 'src.agents.rational.RationalDeveloperAgent'>,,fine,-0.5,False,-150.0
0,1,1.0,2.2371673121949318e-07,3.70181270944906,150.0,504,4,0.5,1.0,2.0,1000.0,150.0,75.0,<class 'src.agents.rational.RationalDeveloperAgent'>,,fine,-0.5,False,-150.0
0,1,2.0,0.0,4.255556859445971,150.0,505,5,0.5,1.0,2.0,1000.0,150.0,75.0,<class 'src.agents.rational.RationalDeveloperAgent'>,,fine,-0.5,False,-150.0
0,1,1.0,2.2371673121949318e-07,3.70181270944906,0.0,506,6,0.5,1.0,2.0,1000.0,150.0,75.0,<class 'src.agents.rational.RationalDeveloperAgent'>,,fine,-0.5,True,-1000.0
0,1,1.0,2.2371673121949318e-07,3.70181270944906,150.0,507,7,0.5,1.0,2.0,1000.0,150.0,75.0,<class 'src.agents.rational.RationalDeveloperAgent'>,,fine,-0.5,False,-150.0
0,1,1.0,2.2371673121949318e-07,3.70181270944906,150.0,508,8,0.5,1.0,2.0,1000.0,150.0,75.0,<class 'src.agents.rational.RationalDeveloperAgent'>,,fine,-0.5,False,-150.0
0,1,1.0,2.2371673121949318e-07,3.70181270944906,150.0,509,9,0.5,1.0,2.0,1000.0,150.0,75.0,<class 'src.agents.rational.RationalDeveloperAgent'>,,fine,-0.5,False,-150.0
0,1,1.0,2.2371673121949318e-07,3.70181270944906,150.0,510,10,0.5,1.0,2.0,1000.0,150.0,75.0,<class 'src.agents.rational.RationalDeveloperAgent'>,,fine,-0.5,False,-150.0
0,1,2.0,0.0,4.255556859445971,150.0,511,11,0.5,1.0,2.0,1000.0,150.0,75.0,<class 'src.agents.rational.RationalDeveloperAgent'>,,fine,-0.5,False,-150.0
0,1,1.0,2.2371673121949318e-07,3.70181270944906,150.0,512,12,0.5,1.0,2.0,1000.0,150.0,75.0,<class 'src.agents.rational.RationalDeveloperAgent'>,,fine,-0.5,False,-150.0
0,1,1.0,2.2371673121949318e-07,3.70181270944906,150.0,513,13,0.5,1.0,2.0,1000.0,150.0,75.0,<class 'src.agents.rational.RationalDeveloperAgent'>,,fine,-0.5,False,-150.0
0,1,2.0,0.0,4.255556859445971,150.0,514,14,0.5,1.0,2.0,1000.0,150.0,75.0,<class 'src.agents.rational.RationalDeveloperAgent'>,,fine,-0.5,False,-150.0
0,1,2.0,0.0,4.255556859445971,150.0,515,15,0.5,1.0,2.0,1000.0,150.0,75.0,<class 'src.agents.rational.RationalDeveloperAgent'>,,fine,-0.5,False,-150.0
0,1,2.0,0.0,4.255556859445971,150.0,516,16,0.5,1.0,2.0,1000.0,150.0,75.0,<class 'src.agents.rational.RationalDeveloperAgent'>,,fine,-0.5,False,-150.0
0,1,1.0,2.2371673121949318e-07,3.70181270944906,150.0,517,17,0.5,1.0,2.0,1000.0,150.0,75.0,<class 'src.agents.rational.RationalDeveloperAgent'>,,fine,-0.5,False,-150.0
0,1,2.0,0.0,4.255556859445971,150.0,518,18,0.5,1.0,2.0,1000.0,150.0,75.0,<class 'src.agents.rational.RationalDeveloperAgent'>,,fine,-0.5,False,-150.0
0,1,2.0,0.0,4.255556859445971,150.0,519,19,0.5,1.0,2.0,1000.0,150.0,75.0,<class 'src.agents.rational.RationalDeveloperAgent'>,,fine,-0.5,False,-150.0
0,1,1.0,2.2371673121949318e-07,3.70181270944906,150.0,520,20,0.5,1.0,2.0,1000.0,150.0,75.0,<class 'src.agents.rational.RationalDeveloperAgent'>,,fine,-0.5,False,-150.0
0,1,1.0,2.2371673121949318e-07,3.70181270944906,150.0,521,21,0.5,1.0,2.0,1000.0,150.0,75.0,<class 'src.agents.rational.RationalDeveloperAgent'>,,fine,-0.5,False,-150.0
0,1,1.0,2.2371673121949318e-07,3.70181270944906,150.0,522,22,0.5,1.0,2.0,1000.0,150.0,75.0,<class 'src.agents.rational.RationalDeveloperAgent'>,,fine,-0.5,False,-150.0
0,1,1.0,2.2371673121949318e-07,3.70181270944906,150.0,523,23,0.5,1.0,2.0,1000.0,150.0,75.0,<class 'src.agents.rational.RationalDeveloperAgent'>,,fine,-0.5,False,-150.0
0,1,2.0,0.0,4.255556859445971,150.0,524,24,0.5,1.0,2.0,1000.0,150.0,75.0,<class 'src.agents.rational.RationalDeveloperAgent'>,,fine,-0.5,False,-150.0
0,1,2.0,0.0,4.255556859445971,150.0,525,25,0.5,1.0,2.0,1000.0,150.0,75.0,<class 'src.agents.rational.RationalDeveloperAgent'>,,fine,-0.5,False,-150.0
0,1,2.0,0.0,4.255556859445971,150.0,526,26,0.5,1.0,2.0,1000.0,150.0,75.0,<class 'src.agents.rational.RationalDeveloperAgent'>,,fine,-0.5,False,-150.0
0,1,2.0,0.0,4.255556859445971,150.0,527,27,0.5,1.0,2.0,1000.0,150.0,75.0,<class 'src.agents.rational.RationalDeveloperAgent'>,,fine,-0.5,False,-150.0
0,1,2.0,0.0,4.255556859445971,150.0,528,28,0.5,1.0,2.0,1000.0,150.0,75.0,<class 'src.agents.rational.RationalDeveloperAgent'>,,fine,-0.5,False,-150.0
0,1,1.0,2.2371673121949318e-07,3.70181270944906,150.0,529,29,0.5,1.0,2.0,1000.0,150.0,75.0,<class 'src.agents.rational.RationalDeveloperAgent'>,,fine,-0.5,False,-150.0
0,1,1.0,2.2371673121949318e-07,3.70181270944906,150.0,530,30,0.5,1.0,2.0,1000.0,150.0,75.0,<class 'src.agents.rational.RationalDeveloperAgent'>,,fine,-0.5,False,-150.0
0,1,2.0,0.0,4.255556859445971,150.0,531,31,0.5,1.0,2.0,1000.0,150.0,75.0,<class 'src.agents.rational.RationalDeveloperAgent'>,,fine,-0.5,False,-150.0
0,1,1.0,2.2371673121949318e-07,3.70181270944906,150.0,532,32,0.5,1.0,2.0,1000.0,150.0,75.0,<class 'src.agents.rational.RationalDeveloperAgent'>,,fine,-0.5,False,-150.0
0,1,2.0,0.0,4.255556859445971,150.0,533,33,0.5,1.0,2.0,1000.0,150.0,75.0,<class 'src.agents.rational.RationalDeveloperAgent'>,,fine,-0.5,False,-150.0
0,1,2.0,0.0,4.255556859445971,150.0,534,34,0.5,1.0,2.0,1000.0,150.0,75.0,<class 'src.agents.rational.RationalDeveloperAgent'>,,fine,-0.5,False,-150.0
0,1,2.0,0.0,4.255556859445971,150.0,535,35,0.5,1.0,2.0,1000.0,150.0,75.0,<class 'src.agents.rational.RationalDeveloperAgent'>,,fine,-0.5,False,-150.0
0,1,2.0,0.0,4.255556859445971,150.0,536,36,0.5,1.0,2.0,1000.0,150.0,75.0,<class 'src.agents.rational.RationalDeveloperAgent'>,,fine,-0.5,False,-150.0
0,1,2.0,0.0,4.255556859445971,150.0,537,37,0.5,1.0,2.0,1000.0,150.0,75.0,<class 'src.agents.rational.RationalDeveloperAgent'>,,fine,-0.5,False,-150.0
0,1,1.0,2.2371673121949318e-07,3.70181270944906,150.0,538,38,0.5,1.0,2.0,1000.0,150.0,75.0,<class 'src.agents.rational.RationalDeveloperAgent'>,,fine,-0.5,False,-150.0
0,1,1.0,2.2371673121949318e-07,3.70181270944906,150.0,539,39,0.5,1.0,2.0,1000.0,150.0,75.0,<class 'src.agents.rational.RationalDeveloperAgent'>,,fine,-0.5,False,-150.0
0,1,1.0,2.2371673121949318e-07,3.70181270944906,150.0,540,40,0.5,1.0,2.0,1000.0,150.0,75.0,<class 'src.agents.rational.RationalDeveloperAgent'>,,fine,-0.5,False,-150.0
0,1,2.0,0.0,4.255556859445971,150.0,541,41,0.5,1.0,2.0,1000.0,150.0,75.0,<class 'src.agents.rational.RationalDeveloperAgent'>,,fine,-0.5,False,-150.0
0,1,2.0,0.0,4.255556859445971,150.0,542,42,0.5,1.0,2.0,1000.0,150.0,75.0,<class 'src.agents.rational.RationalDeveloperAgent'>,,fine,-0.5,False,-150.0
0,1,1.0,2.2371673121949318e-07,3.70181270944906,150.0,543,43,0.5,1.0,2.0,1000.0,150.0,75.0,<class 'src.agents.rational.RationalDeveloperAgent'>,,fine,-0.5,False,-150.0
0,1,2.0,0.0,4.255556859445971,150.0,544,44,0.5,1.0,2.0,1000.0,150.0,75.0,<class 'src.agents.rational.RationalDeveloperAgent'>,,fine,-0.5,False,-150.0
0,1,1.0,2.2371673121949318e-07,3.70181270944906,150.0,545,45,0.5,1.0,2.0,1000.0,150.0,75.0,<class 'src.agents.rational.RationalDeveloperAgent'>,,fine,-0.5,False,-150.0
0,1,2.0,0.0,4.255556859445971,150.0,546,46,0.5,1.0,2.0,1000.0,150.0,75.0,<class 'src.agents.rational.RationalDeveloperAgent'>,,fine,-0.5,False,-150.0
0,1,2.0,0.0,4.255556859445971,150.0,547,47,0.5,1.0,2.0,1000.0,150.0,75.0,<class 'src.agents.rational.RationalDeveloperAgent'>,,fine,-0.5,False,-150.0
0,1,2.0,0.0,4.255556859445971,150.0,548,48,0.5,1.0,2.0,1000.0,150.0,75.0,<class 'src.agents.rational.RationalDeveloperAgent'>,,fine,-0.5,False,-150.0
0,1,1.0,2.2371673121949318e-07,3.70181270944906,150.0,549,49,0.5,1.0,2.0,1000.0,150.0,75.0,<class 'src.agents.rational.RationalDeveloperAgent'>,,fine,-0.5,False,-150.0
0,1,2.0,0.0,4.255556859445971,150.0,550,50,0.5,1.0,2.0,1000.0,150.0,75.0,<class 'src.agents.rational.RationalDeveloperAgent'>,,fine,-0.5,False,-150.0
0,1,2.0,0.0,4.255556859445971,150.0,551,51,0.5,1.0,2.0,1000.0,150.0,75.0,<class 'src.agents.rational.RationalDeveloperAgent'>,,fine,-0.5,False,-150.0
0,1,1.0,2.2371673121949318e-07,3.70181270944906,150.0,552,52,0.5,1.0,2.0,1000.0,150.0,75.0,<class 'src.agents.rational.RationalDeveloperAgent'>,,fine,-0.5,False,-150.0
0,1,2.0,0.0,4.255556859445971,150.0,553,53,0.5,1.0,2.0,1000.0,150.0,75.0,<class 'src.agents.rational.RationalDeveloperAgent'>,,fine,-0.5,False,-150.0
0,1,2.0,0.0,4.255556859445971,150.0,554,54,0.5,1.0,2.0,1000.0,150.0,75.0,<class 'src.agents.rational.RationalDeveloperAgent'>,,fine,-0.5,False,-150.0
0,1,2.0,0.0,4.255556859445971,150.0,555,55,0.5,1.0,2.0,1000.0,150.0,75.0,<class 'src.agents.rational.RationalDeveloperAgent'>,,fine,-0.5,False,-150.0
0,1,2.0,0.0,4.255556859445971,150.0,556,56,0.5,1.0,2.0,1000.0,150.0,75.0,<class 'src.agents.rational.RationalDeveloperAgent'>,,fine,-0.5,False,-150.0
0,1,2.0,0.0,4.255556859445971,150.0,557,57,0.5,1.0,2.0,1000.0,150.0,75.0,<class 'src.agents.rational.RationalDeveloperAgent'>,,fine,-0.5,False,-150.0
0,1,1.0,2.2371673121949318e-07,3.70181270944906,150.0,558,58,0.5,1.0,2.0,1000.0,150.0,75.0,<class 'src.agents.rational.RationalDeveloperAgent'>,,fine,-0.5,False,-150.0
0,1,1.0,2.2371673121949318e-07,3.70181270944906,150.0,559,59,0.5,1.0,2.0,1000.0,150.0,75.0,<class 'src.agents.rational.RationalDeveloperAgent'>,,fine,-0.5,False,-150.0
0,1,2.0,0.0,4.255556859445971,150.0,560,60,0.5,1.0,2.0,1000.0,150.0,75.0,<class 'src.agents.rational.RationalDeveloperAgent'>,,fine,-0.5,False,-150.0
0,1,1.0,2.2371673121949318e-07,3.70181270944906,150.0,561,61,0.5,1.0,2.0,1000.0,150.0,75.0,<class 'src.agents.rational.RationalDeveloperAgent'>,,fine,-0.5,False,-150.0
0,1,2.0,0.0,4.255556859445971,150.0,562,62,0.5,1.0,2.0,1000.0,150.0,75.0,<class 'src.agents.rational.RationalDeveloperAgent'>,,fine,-0.5,False,-150.0
0,1,1.0,2.2371673121949318e-07,3.70181270944906,150.0,563,63,0.5,1.0,2.0,1000.0,150.0,75.0,<class 'src.agents.rational.RationalDeveloperAgent'>,,fine,-0.5,False,-150.0
0,1,2.0,0.0,4.255556859445971,150.0,564,64,0.5,1.0,2.0,1000.0,150.0,75.0,<class 'src.agents.rational.RationalDeveloperAgent'>,,fine,-0.5,False,-150.0
0,1,2.0,0.0,4.255556859445971,150.0,565,65,0.5,1.0,2.0,1000.0,150.0,75.0,<class 'src.agents.rational.RationalDeveloperAgent'>,,fine,-0.5,False,-150.0
0,1,1.0,2.2371673121949318e-07,3.70181270944906,150.0,566,66,0.5,1.0,2.0,1000.0,150.0,75.0,<class 'src.agents.rational.RationalDeveloperAgent'>,,fine,-0.5,False,-150.0
0,1,2.0,0.0,4.255556859445971,150.0,567,67,0.5,1.0,2.0,1000.0,150.0,75.0,<class 'src.agents.rational.RationalDeveloperAgent'>,,fine,-0.5,False,-150.0
0,1,2.0,0.0,4.255556859445971,150.0,568,68,0.5,1.0,2.0,1000.0,150.0,75.0,<class 'src.agents.rational.RationalDeveloperAgent'>,,fine,-0.5,False,-150.0
0,1,2.0,0.0,4.255556859445971,150.0,569,69,0.5,1.0,2.0,1000.0,150.0,75.0,<class 'src.agents.rational.RationalDeveloperAgent'>,,fine,-0.5,False,-150.0
0,1,1.0,2.2371673121949318e-07,3.70181270944906,150.0,570,70,0.5,1.0,2.0,1000.0,150.0,75.0,<class 'src.agents.rational.RationalDeveloperAgent'>,,fine,-0.5,False,-150.0
0,1,1.0,2.2371673121949318e-07,3.70181270944906,150.0,571,71,0.5,1.0,2.0,1000.0,150.0,75.0,<class 'src.agents.rational.RationalDeveloperAgent'>,,fine,-0.5,False,-150.0
0,1,1.0,2.2371673121949318e-07,3.70181270944906,150.0,572,72,0.5,1.0,2.0,1000.0,150.0,75.0,<class 'src.agents.rational.RationalDeveloperAgent'>,,fine,-0.5,False,-150.0
0,1,1.0,2.2371673121949318e-07,3.70181270944906,150.0,573,73,0.5,1.0,2.0,1000.0,150.0,75.0,<class 'src.agents.rational.RationalDeveloperAgent'>,,fine,-0.5,False,-150.0
0,1,2.0,0.0,4.255556859445971,150.0,574,74,0.5,1.0,2.0,1000.0,150.0,75.0,<class 'src.agents.rational.RationalDeveloperAgent'>,,fine,-0.5,False,-150.0
0,1,2.0,0.0,4.255556859445971,150.0,575,75,0.5,1.0,2.0,1000.0,150.0,75.0,<class 'src.agents.rational.RationalDeveloperAgent'>,,fine,-0.5,False,-150.0
0,1,2.0,0.0,4.255556859445971,150.0,576,76,0.5,1.0,2.0,1000.0,150.0,75.0,<class 'src.agents.rational.RationalDeveloperAgent'>,,fine,-0.5,False,-150.0
0,1,2.0,0.0,4.255556859445971,150.0,577,77,0.5,1.0,2.0,1000.0,150.0,75.0,<class 'src.agents.rational.RationalDeveloperAgent'>,,fine,-0.5,False,-150.0
0,1,1.0,2.2371673121949318e-07,3.70181270944906,150.0,578,78,0.5,1.0,2.0,1000.0,150.0,75.0,<class 'src.agents.rational.RationalDeveloperAgent'>,,fine,-0.5,False,-150.0
0,1,1.0,2.2371673121949318e-07,3.70181270944906,150.0,579,79,0.5,1.0,2.0,1000.0,150.0,75.0,<class 'src.agents.rational.RationalDeveloperAgent'>,,fine,-0.5,False,-150.0
0,1,2.0,0.0,4.255556859445971,150.0,580,80,0.5,1.0,2.0,1000.0,150.0,75.0,<class 'src.agents.rational.RationalDeveloperAgent'>,,fine,-0.5,False,-150.0
0,1,2.0,0.0,4.255556859445971,150.0,581,81,0.5,1.0,2.0,1000.0,150.0,75.0,<class 'src.agents.rational.RationalDeveloperAgent'>,,fine,-0.5,False,-150.0
0,1,1.0,2.2371673121949318e-07,3.70181270944906,150.0,582,82,0.5,1.0,2.0,1000.0,150.0,75.0,<class 'src.agents.rational.RationalDeveloperAgent'>,,fine,-0.5,False,-150.0
0,1,1.0,2.2371673121949318e-07,3.70181270944906,150.0,583,83,0.5,1.0,2.0,1000.0,150.0,75.0,<class 'src.agents.rational.RationalDeveloperAgent'>,,fine,-0.5,False,-150.0
0,1,1.0,2.2371673121949318e-07,3.70181270944906,150.0,584,84,0.5,1.0,2.0,1000.0,150.0,75.0,<class 'src.agents.rational.RationalDeveloperAgent'>,,fine,-0.5,False,-150.0
0,1,1.0,2.2371673121949318e-07,3.70181270944906,150.0,585,85,0.5,1.0,2.0,1000.0,150.0,75.0,<class 'src.agents.rational.RationalDeveloperAgent'>,,fine,-0.5,False,-150.0
0,1,2.0,0.0,4.255556859445971,150.0,586,86,0.5,1.0,2.0,1000.0,150.0,75.0,<class 'src.agents.rational.RationalDeveloperAgent'>,,fine,-0.5,False,-150.0
0,1,2.0,0.0,4.255556859445971,150.0,587,87,0.5,1.0,2.0,1000.0,150.0,75.0,<class 'src.agents.rational.RationalDeveloperAgent'>,,fine,-0.5,False,-150.0
0,1,1.0,2.2371673121949318e-07,3.70181270944906,150.0,588,88,0.5,1.0,2.0,1000.0,150.0,75.0,<class 'src.agents.rational.RationalDeveloperAgent'>,,fine,-0.5,False,-150.0
0,1,2.0,0.0,4.255556859445971,150.0,589,89,0.5,1.0,2.0,1000.0,150.0,75.0,<class 'src.agents.rational.RationalDeveloperAgent'>,,fine,-0.5,False,-150.0
0,1,2.0,0.0,4.255556859445971,150.0,590,90,0.5,1.0,2.0,1000.0,150.0,75.0,<class 'src.agents.rational.RationalDeveloperAgent'>,,fine,-0.5,False,-150.0
0,1,2.0,0.0,4.255556859445971,150.0,591,91,0.5,1.0,2.0,1000.0,150.0,75.0,<class 'src.agents.rational.RationalDeveloperAgent'>,,fine,-0.5,False,-150.0
0,1,1.0,2.2371673121949318e-07,3.70181270944906,150.0,592,92,0.5,1.0,2.0,1000.0,150.0,75.0,<class 'src.agents.rational.RationalDeveloperAgent'>,,fine,-0.5,False,-150.0
0,1,2.0,0.0,4.255556859445971,150.0,593,93,0.5,1.0,2.0,1000.0,150.0,75.0,<class 'src.agents.rational.RationalDeveloperAgent'>,,fine,-0.5,False,-150.0
0,1,1.0,2.2371673121949318e-07,3.70181270944906,150.0,594,94,0.5,1.0,2.0,1000.0,150.0,75.0,<class 'src.agents.rational.RationalDeveloperAgent'>,,fine,-0.5,False,-150.0
0,1,2.0,0.0,4.255556859445971,150.0,595,95,0.5,1.0,2.0,1000.0,150.0,75.0,<class 'src.agents.rational.RationalDeveloperAgent'>,,fine,-0.5,False,-150.0
0,1,2.0,0.0,4.255556859445971,150.0,596,96,0.5,1.0,2.0,1000.0,150.0,75.0,<class 'src.agents.rational.RationalDeveloperAgent'>,,fine,-0.5,False,-150.0
0,1,2.0,0.0,4.255556859445971,0.0,597,97,0.5,1.0,2.0,1000.0,150.0,75.0,<class 'src.agents.rational.RationalDeveloperAgent'>,,fine,-0.5,True,-1000.0
0,1,1.0,2.2371673121949318e-07,3.70181270944906,150.0,598,98,0.5,1.0,2.0,1000.0,150.0,75.0,<class 'src.agents.rational.RationalDeveloperAgent'>,,fine,-0.5,False,-150.0
0,1,1.0,2.2371673121949318e-07,3.70181270944906,150.0,599,99,0.5,1.0,2.0,1000.0,150.0,75.0,<class 'src.agents.rational.RationalDeveloperAgent'>,,fine,-0.5,False,-150.0
0,1,1.0,3.165254487617634,0.0,75.0,600,0,0.5,1.0,2.0,1000.0,150.0,75.0,<class 'src.agents.rational.RationalDeveloperAgent'>,,performance,0.0,True,-1075.0
0,1,2.0,3.1652543711976104,2.6965296408692585e-06,75.0,601,1,0.5,1.0,2.0,1000.0,150.0,75.0,<class 'src.agents.rational.RationalDeveloperAgent'>,,performance,0.0,True,-1075.0
0,1,1.0,3.165254487617634,0.0,75.0,602,2,0.5,1.0,2.0,1000.0,150.0,75.0,<class 'src.agents.rational.RationalDeveloperAgent'>,,performance,0.0,True,-1075.0
0,1,2.0,3.1652543711976104,2.6965296408692585e-06,75.0,603,3,0.5,1.0,2.0,1000.0,150.0,75.0,<class 'src.agents.rational.RationalDeveloperAgent'>,,performance,0.0,True,-1075.0
0,1,2.0,3.1652543711976104,2.6965296408692585e-06,75.0,604,4,0.5,1.0,2.0,1000.0,150.0,75.0,<class 'src.agents.rational.RationalDeveloperAgent'>,,performance,0.0,True,-1075.0
0,1,1.0,3.165254487617634,0.0,75.0,605,5,0.5,1.0,2.0,1000.0,150.0,75.0,<class 'src.agents.rational.RationalDeveloperAgent'>,,performance,0.0,True,-1075.0
0,1,1.0,3.165254487617634,0.0,75.0,606,6,0.5,1.0,2.0,1000.0,150.0,75.0,<class 'src.agents.rational.RationalDeveloperAgent'>,,performance,0.0,True,-1075.0
0,1,2.0,3.1652543711976104,2.6965296408692585e-06,75.0,607,7,0.5,1.0,2.0,1000.0,150.0,75.0,<class 'src.agents.rational.RationalDeveloperAgent'>,,performance,0.0,True,-1075.0
0,1,1.0,3.165254487617634,0.0,75.0,608,8,0.5,1.0,2.0,1000.0,150.0,75.0,<class 'src.agents.rational.RationalDeveloperAgent'>,,performance,0.0,True,-1075.0
0,1,1.0,3.165254487617634,0.0,75.0,609,9,0.5,1.0,2.0,1000.0,150.0,75.0,<class 'src.agents.rational.RationalDeveloperAgent'>,,performance,0.0,True,-1075.0
0,1,1.0,3.165254487617634,0.0,0.0,610,10,0.5,1.0,2.0,1000.0,150.0,75.0,<class 'src.agents.rational.RationalDeveloperAgent'>,,performance,0.0,True,-1000.0
0,1,2.0,3.1652543711976104,2.6965296408692585e-06,75.0,611,11,0.5,1.0,2.0,1000.0,150.0,75.0,<class 'src.agents.rational.RationalDeveloperAgent'>,,performance,0.0,True,-1075.0
0,1,1.0,3.165254487617634,0.0,75.0,612,12,0.5,1.0,2.0,1000.0,150.0,75.0,<class 'src.agents.rational.RationalDeveloperAgent'>,,performance,0.0,True,-1075.0
0,1,1.0,3.165254487617634,0.0,75.0,613,13,0.5,1.0,2.0,1000.0,150.0,75.0,<class 'src.agents.rational.RationalDeveloperAgent'>,,performance,0.0,True,-1075.0
0,1,2.0,3.1652543711976104,2.6965296408692585e-06,75.0,614,14,0.5,1.0,2.0,1000.0,150.0,75.0,<class 'src.agents.rational.RationalDeveloperAgent'>,,performance,0.0,True,-1075.0
0,1,2.0,3.1652543711976104,2.6965296408692585e-06,75.0,615,15,0.5,1.0,2.0,1000.0,150.0,75.0,<class 'src.agents.rational.RationalDeveloperAgent'>,,performance,0.0,True,-1075.0
0,1,2.0,3.1652543711976104,2.6965296408692585e-06,75.0,616,16,0.5,1.0,2.0,1000.0,150.0,75.0,<class 'src.agents.rational.RationalDeveloperAgent'>,,performance,0.0,True,-1075.0
0,1,1.0,3.165254487617634,0.0,0.0,617,17,0.5,1.0,2.0,1000.0,150.0,75.0,<class 'src.agents.rational.RationalDeveloperAgent'>,,performance,0.0,True,-1000.0
0,1,1.0,3.165254487617634,0.0,75.0,618,18,0.5,1.0,2.0,1000.0,150.0,75.0,<class 'src.agents.rational.RationalDeveloperAgent'>,,performance,0.0,True,-1075.0
0,1,1.0,3.165254487617634,0.0,75.0,619,19,0.5,1.0,2.0,1000.0,150.0,75.0,<class 'src.agents.rational.RationalDeveloperAgent'>,,performance,0.0,True,-1075.0
0,1,2.0,3.1652543711976104,2.6965296408692585e-06,75.0,620,20,0.5,1.0,2.0,1000.0,150.0,75.0,<class 'src.agents.rational.RationalDeveloperAgent'>,,performance,0.0,True,-1075.0
0,1,2.0,3.1652543711976104,2.6965296408692585e-06,75.0,621,21,0.5,1.0,2.0,1000.0,150.0,75.0,<class 'src.agents.rational.RationalDeveloperAgent'>,,performance,0.0,True,-1075.0
0,1,2.0,3.1652543711976104,2.6965296408692585e-06,75.0,622,22,0.5,1.0,2.0,1000.0,150.0,75.0,<class 'src.agents.rational.RationalDeveloperAgent'>,,performance,0.0,True,-1075.0
0,1,1.0,3.165254487617634,0.0,75.0,623,23,0.5,1.0,2.0,1000.0,150.0,75.0,<class 'src.agents.rational.RationalDeveloperAgent'>,,performance,0.0,True,-1075.0
0,1,2.0,3.1652543711976104,2.6965296408692585e-06,75.0,624,24,0.5,1.0,2.0,1000.0,150.0,75.0,<class 'src.agents.rational.RationalDeveloperAgent'>,,performance,0.0,True,-1075.0
0,1,1.0,3.165254487617634,0.0,75.0,625,25,0.5,1.0,2.0,1000.0,150.0,75.0,<class 'src.agents.rational.RationalDeveloperAgent'>,,performance,0.0,True,-1075.0
0,1,2.0,3.1652543711976104,2.6965296408692585e-06,75.0,626,26,0.5,1.0,2.0,1000.0,150.0,75.0,<class 'src.agents.rational.RationalDeveloperAgent'>,,performance,0.0,True,-1075.0
0,1,1.0,3.165254487617634,0.0,75.0,627,27,0.5,1.0,2.0,1000.0,150.0,75.0,<class 'src.agents.rational.RationalDeveloperAgent'>,,performance,0.0,True,-1075.0
0,1,1.0,3.165254487617634,0.0,75.0,628,28,0.5,1.0,2.0,1000.0,150.0,75.0,<class 'src.agents.rational.RationalDeveloperAgent'>,,performance,0.0,True,-1075.0
0,1,2.0,3.1652543711976104,2.6965296408692585e-06,0.0,629,29,0.5,1.0,2.0,1000.0,150.0,75.0,<class 'src.agents.rational.RationalDeveloperAgent'>,,performance,0.0,True,-1000.0
0,1,2.0,3.1652543711976104,2.6965296408692585e-06,75.0,630,30,0.5,1.0,2.0,1000.0,150.0,75.0,<class 'src.agents.rational.RationalDeveloperAgent'>,,performance,0.0,True,-1075.0
0,1,1.0,3.165254487617634,0.0,75.0,631,31,0.5,1.0,2.0,1000.0,150.0,75.0,<class 'src.agents.rational.RationalDeveloperAgent'>,,performance,0.0,True,-1075.0
0,1,2.0,3.1652543711976104,2.6965296408692585e-06,0.0,632,32,0.5,1.0,2.0,1000.0,150.0,75.0,<class 'src.agents.rational.RationalDeveloperAgent'>,,performance,0.0,True,-1000.0
0,1,1.0,3.165254487617634,0.0,75.0,633,33,0.5,1.0,2.0,1000.0,150.0,75.0,<class 'src.agents.rational.RationalDeveloperAgent'>,,performance,0.0,True,-1075.0
0,1,1.0,3.165254487617634,0.0,75.0,634,34,0.5,1.0,2.0,1000.0,150.0,75.0,<class 'src.agents.rational.RationalDeveloperAgent'>,,performance,0.0,True,-1075.0
0,1,1.0,3.165254487617634,0.0,75.0,635,35,0.5,1.0,2.0,1000.0,150.0,75.0,<class 'src.agents.rational.RationalDeveloperAgent'>,,performance,0.0,True,-1075.0
0,1,1.0,3.165254487617634,0.0,75.0,636,36,0.5,1.0,2.0,1000.0,150.0,75.0,<class 'src.agents.rational.RationalDeveloperAgent'>,,performance,0.0,True,-1075.0
0,1,1.0,3.165254487617634,0.0,75.0,637,37,0.5,1.0,2.0,1000.0,150.0,75.0,<class 'src.agents.rational.RationalDeveloperAgent'>,,performance,0.0,True,-1075.0
0,1,2.0,3.1652543711976104,2.6965296408692585e-06,75.0,638,38,0.5,1.0,2.0,1000.0,150.0,75.0,<class 'src.agents.rational.RationalDeveloperAgent'>,,performance,0.0,True,-1075.0
0,1,1.0,3.165254487617634,0.0,75.0,639,39,0.5,1.0,2.0,1000.0,150.0,75.0,<class 'src.agents.rational.RationalDeveloperAgent'>,,performance,0.0,True,-1075.0
0,1,1.0,3.165254487617634,0.0,75.0,640,40,0.5,1.0,2.0,1000.0,150.0,75.0,<class 'src.agents.rational.RationalDeveloperAgent'>,,performance,0.0,True,-1075.0
0,1,1.0,3.165254487617634,0.0,75.0,641,41,0.5,1.0,2.0,1000.0,150.0,75.0,<class 'src.agents.rational.RationalDeveloperAgent'>,,performance,0.0,True,-1075.0
0,1,1.0,3.165254487617634,0.0,75.0,642,42,0.5,1.0,2.0,1000.0,150.0,75.0,<class 'src.agents.rational.RationalDeveloperAgent'>,,performance,0.0,True,-1075.0
0,1,2.0,3.1652543711976104,2.6965296408692585e-06,75.0,643,43,0.5,1.0,2.0,1000.0,150.0,75.0,<class 'src.agents.rational.RationalDeveloperAgent'>,,performance,0.0,True,-1075.0
0,1,2.0,3.1652543711976104,2.6965296408692585e-06,75.0,644,44,0.5,1.0,2.0,1000.0,150.0,75.0,<class 'src.agents.rational.RationalDeveloperAgent'>,,performance,0.0,True,-1075.0
0,1,1.0,3.165254487617634,0.0,75.0,645,45,0.5,1.0,2.0,1000.0,150.0,75.0,<class 'src.agents.rational.RationalDeveloperAgent'>,,performance,0.0,True,-1075.0
0,1,2.0,3.1652543711976104,2.6965296408692585e-06,75.0,646,46,0.5,1.0,2.0,1000.0,150.0,75.0,<class 'src.agents.rational.RationalDeveloperAgent'>,,performance,0.0,True,-1075.0
0,1,1.0,3.165254487617634,0.0,75.0,647,47,0.5,1.0,2.0,1000.0,150.0,75.0,<class 'src.agents.rational.RationalDeveloperAgent'>,,performance,0.0,True,-1075.0
0,1,2.0,3.1652543711976104,2.6965296408692585e-06,75.0,648,48,0.5,1.0,2.0,1000.0,150.0,75.0,<class 'src.agents.rational.RationalDeveloperAgent'>,,performance,0.0,True,-1075.0
0,1,1.0,3.165254487617634,0.0,75.0,649,49,0.5,1.0,2.0,1000.0,150.0,75.0,<class 'src.agents.rational.RationalDeveloperAgent'>,,performance,0.0,True,-1075.0
0,1,2.0,3.1652543711976104,2.6965296408692585e-06,75.0,650,50,0.5,1.0,2.0,1000.0,150.0,75.0,<class 'src.agents.rational.RationalDeveloperAgent'>,,performance,0.0,True,-1075.0
0,1,1.0,3.165254487617634,0.0,75.0,651,51,0.5,1.0,2.0,1000.0,150.0,75.0,<class 'src.agents.rational.RationalDeveloperAgent'>,,performance,0.0,True,-1075.0
0,1,1.0,3.165254487617634,0.0,75.0,652,52,0.5,1.0,2.0,1000.0,150.0,75.0,<class 'src.agents.rational.RationalDeveloperAgent'>,,performance,0.0,True,-1075.0
0,1,2.0,3.1652543711976104,2.6965296408692585e-06,75.0,653,53,0.5,1.0,2.0,1000.0,150.0,75.0,<class 'src.agents.rational.RationalDeveloperAgent'>,,performance,0.0,True,-1075.0
0,1,1.0,3.165254487617634,0.0,75.0,654,54,0.5,1.0,2.0,1000.0,150.0,75.0,<class 'src.agents.rational.RationalDeveloperAgent'>,,performance,0.0,True,-1075.0
0,1,1.0,3.165254487617634,0.0,75.0,655,55,0.5,1.0,2.0,1000.0,150.0,75.0,<class 'src.agents.rational.RationalDeveloperAgent'>,,performance,0.0,True,-1075.0
0,1,1.0,3.165254487617634,0.0,75.0,656,56,0.5,1.0,2.0,1000.0,150.0,75.0,<class 'src.agents.rational.RationalDeveloperAgent'>,,performance,0.0,True,-1075.0
0,1,2.0,3.1652543711976104,2.6965296408692585e-06,75.0,657,57,0.5,1.0,2.0,1000.0,150.0,75.0,<class 'src.agents.rational.RationalDeveloperAgent'>,,performance,0.0,True,-1075.0
0,1,1.0,3.165254487617634,0.0,75.0,658,58,0.5,1.0,2.0,1000.0,150.0,75.0,<class 'src.agents.rational.RationalDeveloperAgent'>,,performance,0.0,True,-1075.0
0,1,1.0,3.165254487617634,0.0,75.0,659,59,0.5,1.0,2.0,1000.0,150.0,75.0,<class 'src.agents.rational.RationalDeveloperAgent'>,,performance,0.0,True,-1075.0
0,1,1.0,3.165254487617634,0.0,75.0,660,60,0.5,1.0,2.0,1000.0,150.0,75.0,<class 'src.agents.rational.RationalDeveloperAgent'>,,performance,0.0,True,-1075.0
0,1,2.0,3.1652543711976104,2.6965296408692585e-06,75.0,661,61,0.5,1.0,2.0,1000.0,150.0,75.0,<class 'src.agents.rational.RationalDeveloperAgent'>,,performance,0.0,True,-1075.0
0,1,2.0,3.1652543711976104,2.6965296408692585e-06,75.0,662,62,0.5,1.0,2.0,1000.0,150.0,75.0,<class 'src.agents.rational.RationalDeveloperAgent'>,,performance,0.0,True,-1075.0
0,1,1.0,3.165254487617634,0.0,75.0,663,63,0.5,1.0,2.0,1000.0,150.0,75.0,<class 'src.agents.rational.RationalDeveloperAgent'>,,performance,0.0,True,-1075.0
0,1,2.0,3.1652543711976104,2.6965296408692585e-06,75.0,664,64,0.5,1.0,2.0,1000.0,150.0,75.0,<class 'src.agents.rational.RationalDeveloperAgent'>,,performance,0.0,True,-1075.0
0,1,1.0,3.165254487617634,0.0,75.0,665,65,0.5,1.0,2.0,1000.0,150.0,75.0,<class 'src.agents.rational.RationalDeveloperAgent'>,,performance,0.0,True,-1075.0
0,1,1.0,3.165254487617634,0.0,75.0,666,66,0.5,1.0,2.0,1000.0,150.0,75.0,<class 'src.agents.rational.RationalDeveloperAgent'>,,performance,0.0,True,-1075.0
0,1,2.0,3.1652543711976104,2.6965296408692585e-06,75.0,667,67,0.5,1.0,2.0,1000.0,150.0,75.0,<class 'src.agents.rational.RationalDeveloperAgent'>,,performance,0.0,True,-1075.0
0,1,1.0,3.165254487617634,0.0,75.0,668,68,0.5,1.0,2.0,1000.0,150.0,75.0,<class 'src.agents.rational.RationalDeveloperAgent'>,,performance,0.0,True,-1075.0
0,1,1.0,3.165254487617634,0.0,75.0,669,69,0.5,1.0,2.0,1000.0,150.0,75.0,<class 'src.agents.rational.RationalDeveloperAgent'>,,performance,0.0,True,-1075.0
0,1,1.0,3.165254487617634,0.0,75.0,670,70,0.5,1.0,2.0,1000.0,150.0,75.0,<class 'src.agents.rational.RationalDeveloperAgent'>,,performance,0.0,True,-1075.0
0,1,1.0,3.165254487617634,0.0,75.0,671,71,0.5,1.0,2.0,1000.0,150.0,75.0,<class 'src.agents.rational.RationalDeveloperAgent'>,,performance,0.0,True,-1075.0
0,1,1.0,3.165254487617634,0.0,75.0,672,72,0.5,1.0,2.0,1000.0,150.0,75.0,<class 'src.agents.rational.RationalDeveloperAgent'>,,performance,0.0,True,-1075.0
0,1,2.0,3.1652543711976104,2.6965296408692585e-06,75.0,673,73,0.5,1.0,2.0,1000.0,150.0,75.0,<class 'src.agents.rational.RationalDeveloperAgent'>,,performance,0.0,True,-1075.0
0,1,1.0,3.165254487617634,0.0,75.0,674,74,0.5,1.0,2.0,1000.0,150.0,75.0,<class 'src.agents.rational.RationalDeveloperAgent'>,,performance,0.0,True,-1075.0
0,1,2.0,3.1652543711976104,2.6965296408692585e-06,75.0,675,75,0.5,1.0,2.0,1000.0,150.0,75.0,<class 'src.agents.rational.RationalDeveloperAgent'>,,performance,0.0,True,-1075.0
0,1,2.0,3.1652543711976104,2.6965296408692585e-06,75.0,676,76,0.5,1.0,2.0,1000.0,150.0,75.0,<class 'src.agents.rational.RationalDeveloperAgent'>,,performance,0.0,True,-1075.0
0,1,2.0,3.1652543711976104,2.6965296408692585e-06,75.0,677,77,0.5,1.0,2.0,1000.0,150.0,75.0,<class 'src.agents.rational.RationalDeveloperAgent'>,,performance,0.0,True,-1075.0
0,1,1.0,3.165254487617634,0.0,75.0,678,78,0.5,1.0,2.0,1000.0,150.0,75.0,<class 'src.agents.rational.RationalDeveloperAgent'>,,performance,0.0,True,-1075.0
0,1,1.0,3.165254487617634,0.0,75.0,679,79,0.5,1.0,2.0,1000.0,150.0,75.0,<class 'src.agents.rational.RationalDeveloperAgent'>,,performance,0.0,True,-1075.0
0,1,2.0,3.1652543711976104,2.6965296408692585e-06,75.0,680,80,0.5,1.0,2.0,1000.0,150.0,75.0,<class 'src.agents.rational.RationalDeveloperAgent'>,,performance,0.0,True,-1075.0
0,1,1.0,3.165254487617634,0.0,75.0,681,81,0.5,1.0,2.0,1000.0,150.0,75.0,<class 'src.agents.rational.RationalDeveloperAgent'>,,performance,0.0,True,-1075.0
0,1,1.0,3.165254487617634,0.0,75.0,682,82,0.5,1.0,2.0,1000.0,150.0,75.0,<class 'src.agents.rational.RationalDeveloperAgent'>,,performance,0.0,True,-1075.0
0,1,1.0,3.165254487617634,0.0,75.0,683,83,0.5,1.0,2.0,1000.0,150.0,75.0,<class 'src.agents.rational.RationalDeveloperAgent'>,,performance,0.0,True,-1075.0
0,1,1.0,3.165254487617634,0.0,75.0,684,84,0.5,1.0,2.0,1000.0,150.0,75.0,<class 'src.agents.rational.RationalDeveloperAgent'>,,performance,0.0,True,-1075.0
0,1,2.0,3.1652543711976104,2.6965296408692585e-06,75.0,685,85,0.5,1.0,2.0,1000.0,150.0,75.0,<class 'src.agents.rational.RationalDeveloperAgent'>,,performance,0.0,True,-1075.0
0,1,1.0,3.165254487617634,0.0,75.0,686,86,0.5,1.0,2.0,1000.0,150.0,75.0,<class 'src.agents.rational.RationalDeveloperAgent'>,,performance,0.0,True,-1075.0
0,1,2.0,3.1652543711976104,2.6965296408692585e-06,75.0,687,87,0.5,1.0,2.0,1000.0,150.0,75.0,<class 'src.agents.rational.RationalDeveloperAgent'>,,performance,0.0,True,-1075.0
0,1,2.0,3.1652543711976104,2.6965296408692585e-06,75.0,688,88,0.5,1.0,2.0,1000.0,150.0,75.0,<class 'src.agents.rational.RationalDeveloperAgent'>,,performance,0.0,True,-1075.0
0,1,2.0,3.1652543711976104,2.6965296408692585e-06,75.0,689,89,0.5,1.0,2.0,1000.0,150.0,75.0,<class 'src.agents.rational.RationalDeveloperAgent'>,,performance,0.0,True,-1075.0
0,1,2.0,3.1652543711976104,2.6965296408692585e-06,75.0,690,90,0.5,1.0,2.0,1000.0,150.0,75.0,<class 'src.agents.rational.RationalDeveloperAgent'>,,performance,0.0,True,-1075.0
0,1,1.0,3.165254487617634,0.0,75.0,691,91,0.5,1.0,2.0,1000.0,150.0,75.0,<class 'src.agents.rational.RationalDeveloperAgent'>,,performance,0.0,True,-1075.0
0,1,2.0,3.1652543711976104,2.6965296408692585e-06,75.0,692,92,0.5,1.0,2.0,1000.0,150.0,75.0,<class 'src.agents.rational.RationalDeveloperAgent'>,,performance,0.0,True,-1075.0
0,1,1.0,3.165254487617634,0.0,75.0,693,93,0.5,1.0,2.0,1000.0,150.0,75.0,<class 'src.agents.rational.RationalDeveloperAgent'>,,performance,0.0,True,-1075.0
0,1,2.0,3.1652543711976104,2.6965296408692585e-06,75.0,694,94,0.5,1.0,2.0,1000.0,150.0,75.0,<class 'src.agents.rational.RationalDeveloperAgent'>,,performance,0.0,True,-1075.0
0,1,1.0,3.165254487617634,0.0,75.0,695,95,0.5,1.0,2.0,1000.0,150.0,75.0,<class 'src.agents.rational.RationalDeveloperAgent'>,,performance,0.0,True,-1075.0
0,1,2.0,3.1652543711976104,2.6965296408692585e-06,75.0,696,96,0.5,1.0,2.0,1000.0,150.0,75.0,<class 'src.agents.rational.RationalDeveloperAgent'>,,performance,0.0,True,-1075.0
0,1,2.0,3.1652543711976104,2.6965296408692585e-06,75.0,697,97,0.5,1.0,2.0,1000.0,150.0,75.0,<class 'src.agents.rational.RationalDeveloperAgent'>,,performance,0.0,True,-1075.0
0,1,2.0,3.1652543711976104,2.6965296408692585e-06,75.0,698,98,0.5,1.0,2.0,1000.0,150.0,75.0,<class 'src.agents.rational.RationalDeveloperAgent'>,,performance,0.0,True,-1075.0
0,1,1.0,3.165254487617634,0.0,75.0,699,99,0.5,1.0,2.0,1000.0,150.0,75.0,<class 'src.agents.rational.RationalDeveloperAgent'>,,performance,0.0,True,-1075.0
0,1,2.0,3.1652543711976104,2.6965296408692585e-06,75.0,700,0,0.5,1.0,2.0,1000.0,150.0,75.0,<class 'src.agents.rational.RationalDeveloperAgent'>,,performance,0.5,False,-75.0
0,1,2.0,3.1652543711976104,2.6965296408692585e-06,75.0,701,1,0.5,1.0,2.0,1000.0,150.0,75.0,<class 'src.agents.rational.RationalDeveloperAgent'>,,performance,0.5,False,-75.0
0,1,1.0,3.165254487617634,0.0,75.0,702,2,0.5,1.0,2.0,1000.0,150.0,75.0,<class 'src.agents.rational.RationalDeveloperAgent'>,,performance,0.5,False,-75.0
0,1,2.0,3.1652543711976104,2.6965296408692585e-06,75.0,703,3,0.5,1.0,2.0,1000.0,150.0,75.0,<class 'src.agents.rational.RationalDeveloperAgent'>,,performance,0.5,True,-1075.0
0,1,1.0,3.165254487617634,0.0,75.0,704,4,0.5,1.0,2.0,1000.0,150.0,75.0,<class 'src.agents.rational.RationalDeveloperAgent'>,,performance,0.5,False,-75.0
0,1,1.0,3.165254487617634,0.0,75.0,705,5,0.5,1.0,2.0,1000.0,150.0,75.0,<class 'src.agents.rational.RationalDeveloperAgent'>,,performance,0.5,False,-75.0
0,1,1.0,3.165254487617634,0.0,75.0,706,6,0.5,1.0,2.0,1000.0,150.0,75.0,<class 'src.agents.rational.RationalDeveloperAgent'>,,performance,0.5,False,-75.0
0,1,2.0,3.1652543711976104,2.6965296408692585e-06,75.0,707,7,0.5,1.0,2.0,1000.0,150.0,75.0,<class 'src.agents.rational.RationalDeveloperAgent'>,,performance,0.5,False,-75.0
0,1,2.0,3.1652543711976104,2.6965296408692585e-06,75.0,708,8,0.5,1.0,2.0,1000.0,150.0,75.0,<class 'src.agents.rational.RationalDeveloperAgent'>,,performance,0.5,False,-75.0
0,1,2.0,3.1652543711976104,2.6965296408692585e-06,0.0,709,9,0.5,1.0,2.0,1000.0,150.0,75.0,<class 'src.agents.rational.RationalDeveloperAgent'>,,performance,0.5,False,0.0
0,1,2.0,3.1652543711976104,2.6965296408692585e-06,75.0,710,10,0.5,1.0,2.0,1000.0,150.0,75.0,<class 'src.agents.rational.RationalDeveloperAgent'>,,performance,0.5,True,-1075.0
0,1,2.0,3.1652543711976104,2.6965296408692585e-06,75.0,711,11,0.5,1.0,2.0,1000.0,150.0,75.0,<class 'src.agents.rational.RationalDeveloperAgent'>,,performance,0.5,False,-75.0
0,1,2.0,3.1652543711976104,2.6965296408692585e-06,75.0,712,12,0.5,1.0,2.0,1000.0,150.0,75.0,<class 'src.agents.rational.RationalDeveloperAgent'>,,performance,0.5,False,-75.0
0,1,1.0,3.165254487617634,0.0,75.0,713,13,0.5,1.0,2.0,1000.0,150.0,75.0,<class 'src.agents.rational.RationalDeveloperAgent'>,,performance,0.5,False,-75.0
0,1,1.0,3.165254487617634,0.0,75.0,714,14,0.5,1.0,2.0,1000.0,150.0,75.0,<class 'src.agents.rational.RationalDeveloperAgent'>,,performance,0.5,True,-1075.0
0,1,2.0,3.1652543711976104,2.6965296408692585e-06,0.0,715,15,0.5,1.0,2.0,1000.0,150.0,75.0,<class 'src.agents.rational.RationalDeveloperAgent'>,,performance,0.5,True,-1000.0
0,1,2.0,3.1652543711976104,2.6965296408692585e-06,75.0,716,16,0.5,1.0,2.0,1000.0,150.0,75.0,<class 'src.agents.rational.RationalDeveloperAgent'>,,performance,0.5,False,-75.0
0,1,1.0,3.165254487617634,0.0,75.0,717,17,0.5,1.0,2.0,1000.0,150.0,75.0,<class 'src.agents.rational.RationalDeveloperAgent'>,,performance,0.5,False,-75.0
0,1,2.0,3.1652543711976104,2.6965296408692585e-06,75.0,718,18,0.5,1.0,2.0,1000.0,150.0,75.0,<class 'src.agents.rational.RationalDeveloperAgent'>,,performance,0.5,False,-75.0
0,1,1.0,3.165254487617634,0.0,75.0,719,19,0.5,1.0,2.0,1000.0,150.0,75.0,<class 'src.agents.rational.RationalDeveloperAgent'>,,performance,0.5,False,-75.0
0,1,1.0,3.165254487617634,0.0,75.0,720,20,0.5,1.0,2.0,1000.0,150.0,75.0,<class 'src.agents.rational.RationalDeveloperAgent'>,,performance,0.5,True,-1075.0
0,1,2.0,3.1652543711976104,2.6965296408692585e-06,75.0,721,21,0.5,1.0,2.0,1000.0,150.0,75.0,<class 'src.agents.rational.RationalDeveloperAgent'>,,performance,0.5,False,-75.0
0,1,1.0,3.165254487617634,0.0,75.0,722,22,0.5,1.0,2.0,1000.0,150.0,75.0,<class 'src.agents.rational.RationalDeveloperAgent'>,,performance,0.5,False,-75.0
0,1,1.0,3.165254487617634,0.0,75.0,723,23,0.5,1.0,2.0,1000.0,150.0,75.0,<class 'src.agents.rational.RationalDeveloperAgent'>,,performance,0.5,False,-75.0
0,1,1.0,3.165254487617634,0.0,75.0,724,24,0.5,1.0,2.0,1000.0,150.0,75.0,<class 'src.agents.rational.RationalDeveloperAgent'>,,performance,0.5,False,-75.0
0,1,1.0,3.165254487617634,0.0,75.0,725,25,0.5,1.0,2.0,1000.0,150.0,75.0,<class 'src.agents.rational.RationalDeveloperAgent'>,,performance,0.5,False,-75.0
0,1,2.0,3.1652543711976104,2.6965296408692585e-06,75.0,726,26,0.5,1.0,2.0,1000.0,150.0,75.0,<class 'src.agents.rational.RationalDeveloperAgent'>,,performance,0.5,False,-75.0
0,1,2.0,3.1652543711976104,2.6965296408692585e-06,75.0,727,27,0.5,1.0,2.0,1000.0,150.0,75.0,<class 'src.agents.rational.RationalDeveloperAgent'>,,performance,0.5,False,-75.0
0,1,2.0,3.1652543711976104,2.6965296408692585e-06,75.0,728,28,0.5,1.0,2.0,1000.0,150.0,75.0,<class 'src.agents.rational.RationalDeveloperAgent'>,,performance,0.5,True,-1075.0
0,1,2.0,3.1652543711976104,2.6965296408692585e-06,75.0,729,29,0.5,1.0,2.0,1000.0,150.0,75.0,<class 'src.agents.rational.RationalDeveloperAgent'>,,performance,0.5,False,-75.0
0,1,1.0,3.165254487617634,0.0,75.0,730,30,0.5,1.0,2.0,1000.0,150.0,75.0,<class 'src.agents.rational.RationalDeveloperAgent'>,,performance,0.5,False,-75.0
0,1,1.0,3.165254487617634,0.0,75.0,731,31,0.5,1.0,2.0,1000.0,150.0,75.0,<class 'src.agents.rational.RationalDeveloperAgent'>,,performance,0.5,False,-75.0
0,1,2.0,3.1652543711976104,2.6965296408692585e-06,75.0,732,32,0.5,1.0,2.0,1000.0,150.0,75.0,<class 'src.agents.rational.RationalDeveloperAgent'>,,performance,0.5,False,-75.0
0,1,1.0,3.165254487617634,0.0,75.0,733,33,0.5,1.0,2.0,1000.0,150.0,75.0,<class 'src.agents.rational.RationalDeveloperAgent'>,,performance,0.5,False,-75.0
0,1,1.0,3.165254487617634,0.0,75.0,734,34,0.5,1.0,2.0,1000.0,150.0,75.0,<class 'src.agents.rational.RationalDeveloperAgent'>,,performance,0.5,False,-75.0
0,1,2.0,3.1652543711976104,2.6965296408692585e-06,75.0,735,35,0.5,1.0,2.0,1000.0,150.0,75.0,<class 'src.agents.rational.RationalDeveloperAgent'>,,performance,0.5,False,-75.0
0,1,1.0,3.165254487617634,0.0,0.0,736,36,0.5,1.0,2.0,1000.0,150.0,75.0,<class 'src.agents.rational.RationalDeveloperAgent'>,,performance,0.5,False,0.0
0,1,1.0,3.165254487617634,0.0,75.0,737,37,0.5,1.0,2.0,1000.0,150.0,75.0,<class 'src.agents.rational.RationalDeveloperAgent'>,,performance,0.5,False,-75.0
0,1,1.0,3.165254487617634,0.0,75.0,738,38,0.5,1.0,2.0,1000.0,150.0,75.0,<class 'src.agents.rational.RationalDeveloperAgent'>,,performance,0.5,False,-75.0
0,1,2.0,3.1652543711976104,2.6965296408692585e-06,75.0,739,39,0.5,1.0,2.0,1000.0,150.0,75.0,<class 'src.agents.rational.RationalDeveloperAgent'>,,performance,0.5,False,-75.0
0,1,2.0,3.1652543711976104,2.6965296408692585e-06,75.0,740,40,0.5,1.0,2.0,1000.0,150.0,75.0,<class 'src.agents.rational.RationalDeveloperAgent'>,,performance,0.5,False,-75.0
0,1,2.0,3.1652543711976104,2.6965296408692585e-06,75.0,741,41,0.5,1.0,2.0,1000.0,150.0,75.0,<class 'src.agents.rational.RationalDeveloperAgent'>,,performance,0.5,False,-75.0
0,1,1.0,3.165254487617634,0.0,75.0,742,42,0.5,1.0,2.0,1000.0,150.0,75.0,<class 'src.agents.rational.RationalDeveloperAgent'>,,performance,0.5,False,-75.0
0,1,2.0,3.1652543711976104,2.6965296408692585e-06,75.0,743,43,0.5,1.0,2.0,1000.0,150.0,75.0,<class 'src.agents.rational.RationalDeveloperAgent'>,,performance,0.5,False,-75.0
0,1,1.0,3.165254487617634,0.0,75.0,744,44,0.5,1.0,2.0,1000.0,150.0,75.0,<class 'src.agents.rational.RationalDeveloperAgent'>,,performance,0.5,False,-75.0
0,1,2.0,3.1652543711976104,2.6965296408692585e-06,75.0,745,45,0.5,1.0,2.0,1000.0,150.0,75.0,<class 'src.agents.rational.RationalDeveloperAgent'>,,performance,0.5,False,-75.0
0,1,2.0,3.1652543711976104,2.6965296408692585e-06,75.0,746,46,0.5,1.0,2.0,1000.0,150.0,75.0,<class 'src.agents.rational.RationalDeveloperAgent'>,,performance,0.5,False,-75.0
0,1,2.0,3.1652543711976104,2.6965296408692585e-06,75.0,747,47,0.5,1.0,2.0,1000.0,150.0,75.0,<class 'src.agents.rational.RationalDeveloperAgent'>,,performance,0.5,False,-75.0
0,1,1.0,3.165254487617634,0.0,75.0,748,48,0.5,1.0,2.0,1000.0,150.0,75.0,<class 'src.agents.rational.RationalDeveloperAgent'>,,performance,0.5,False,-75.0
0,1,2.0,3.1652543711976104,2.6965296408692585e-06,75.0,749,49,0.5,1.0,2.0,1000.0,150.0,75.0,<class 'src.agents.rational.RationalDeveloperAgent'>,,performance,0.5,True,-1075.0
0,1,1.0,3.165254487617634,0.0,75.0,750,50,0.5,1.0,2.0,1000.0,150.0,75.0,<class 'src.agents.rational.RationalDeveloperAgent'>,,performance,0.5,True,-1075.0
0,1,1.0,3.165254487617634,0.0,75.0,751,51,0.5,1.0,2.0,1000.0,150.0,75.0,<class 'src.agents.rational.RationalDeveloperAgent'>,,performance,0.5,False,-75.0
0,1,1.0,3.165254487617634,0.0,75.0,752,52,0.5,1.0,2.0,1000.0,150.0,75.0,<class 'src.agents.rational.RationalDeveloperAgent'>,,performance,0.5,True,-1075.0
0,1,1.0,3.165254487617634,0.0,75.0,753,53,0.5,1.0,2.0,1000.0,150.0,75.0,<class 'src.agents.rational.RationalDeveloperAgent'>,,performance,0.5,False,-75.0
0,1,1.0,3.165254487617634,0.0,75.0,754,54,0.5,1.0,2.0,1000.0,150.0,75.0,<class 'src.agents.rational.RationalDeveloperAgent'>,,performance,0.5,False,-75.0
0,1,1.0,3.165254487617634,0.0,75.0,755,55,0.5,1.0,2.0,1000.0,150.0,75.0,<class 'src.agents.rational.RationalDeveloperAgent'>,,performance,0.5,False,-75.0
0,1,1.0,3.165254487617634,0.0,75.0,756,56,0.5,1.0,2.0,1000.0,150.0,75.0,<class 'src.agents.rational.RationalDeveloperAgent'>,,performance,0.5,False,-75.0
0,1,1.0,3.165254487617634,0.0,75.0,757,57,0.5,1.0,2.0,1000.0,150.0,75.0,<class 'src.agents.rational.RationalDeveloperAgent'>,,performance,0.5,False,-75.0
0,1,1.0,3.165254487617634,0.0,75.0,758,58,0.5,1.0,2.0,1000.0,150.0,75.0,<class 'src.agents.rational.RationalDeveloperAgent'>,,performance,0.5,False,-75.0
0,1,1.0,3.165254487617634,0.0,75.0,759,59,0.5,1.0,2.0,1000.0,150.0,75.0,<class 'src.agents.rational.RationalDeveloperAgent'>,,performance,0.5,True,-1075.0
0,1,1.0,3.165254487617634,0.0,75.0,760,60,0.5,1.0,2.0,1000.0,150.0,75.0,<class 'src.agents.rational.RationalDeveloperAgent'>,,performance,0.5,False,-75.0
0,1,2.0,3.1652543711976104,2.6965296408692585e-06,75.0,761,61,0.5,1.0,2.0,1000.0,150.0,75.0,<class 'src.agents.rational.RationalDeveloperAgent'>,,performance,0.5,True,-1075.0
0,1,1.0,3.165254487617634,0.0,75.0,762,62,0.5,1.0,2.0,1000.0,150.0,75.0,<class 'src.agents.rational.RationalDeveloperAgent'>,,performance,0.5,False,-75.0
0,1,2.0,3.1652543711976104,2.6965296408692585e-06,75.0,763,63,0.5,1.0,2.0,1000.0,150.0,75.0,<class 'src.agents.rational.RationalDeveloperAgent'>,,performance,0.5,True,-1075.0
0,1,1.0,3.165254487617634,0.0,75.0,764,64,0.5,1.0,2.0,1000.0,150.0,75.0,<class 'src.agents.rational.RationalDeveloperAgent'>,,performance,0.5,False,-75.0
0,1,1.0,3.165254487617634,0.0,75.0,765,65,0.5,1.0,2.0,1000.0,150.0,75.0,<class 'src.agents.rational.RationalDeveloperAgent'>,,performance,0.5,False,-75.0
0,1,2.0,3.1652543711976104,2.6965296408692585e-06,75.0,766,66,0.5,1.0,2.0,1000.0,150.0,75.0,<class 'src.agents.rational.RationalDeveloperAgent'>,,performance,0.5,True,-1075.0
0,1,2.0,3.1652543711976104,2.6965296408692585e-06,75.0,767,67,0.5,1.0,2.0,1000.0,150.0,75.0,<class 'src.agents.rational.RationalDeveloperAgent'>,,performance,0.5,False,-75.0
0,1,1.0,3.165254487617634,0.0,75.0,768,68,0.5,1.0,2.0,1000.0,150.0,75.0,<class 'src.agents.rational.RationalDeveloperAgent'>,,performance,0.5,False,-75.0
0,1,1.0,3.165254487617634,0.0,75.0,769,69,0.5,1.0,2.0,1000.0,150.0,75.0,<class 'src.agents.rational.RationalDeveloperAgent'>,,performance,0.5,False,-75.0
0,1,2.0,3.1652543711976104,2.6965296408692585e-06,75.0,770,70,0.5,1.0,2.0,1000.0,150.0,75.0,<class 'src.agents.rational.RationalDeveloperAgent'>,,performance,0.5,False,-75.0
0,1,1.0,3.165254487617634,0.0,75.0,771,71,0.5,1.0,2.0,1000.0,150.0,75.0,<class 'src.agents.rational.RationalDeveloperAgent'>,,performance,0.5,False,-75.0
0,1,2.0,3.1652543711976104,2.6965296408692585e-06,75.0,772,72,0.5,1.0,2.0,1000.0,150.0,75.0,<class 'src.agents.rational.RationalDeveloperAgent'>,,performance,0.5,False,-75.0
0,1,2.0,3.1652543711976104,2.6965296408692585e-06,75.0,773,73,0.5,1.0,2.0,1000.0,150.0,75.0,<class 'src.agents.rational.RationalDeveloperAgent'>,,performance,0.5,False,-75.0
0,1,2.0,3.1652543711976104,2.6965296408692585e-06,75.0,774,74,0.5,1.0,2.0,1000.0,150.0,75.0,<class 'src.agents.rational.RationalDeveloperAgent'>,,performance,0.5,True,-1075.0
0,1,2.0,3.1652543711976104,2.6965296408692585e-06,75.0,775,75,0.5,1.0,2.0,1000.0,150.0,75.0,<class 'src.agents.rational.RationalDeveloperAgent'>,,performance,0.5,False,-75.0
0,1,1.0,3.165254487617634,0.0,75.0,776,76,0.5,1.0,2.0,1000.0,150.0,75.0,<class 'src.agents.rational.RationalDeveloperAgent'>,,performance,0.5,True,-1075.0
0,1,1.0,3.165254487617634,0.0,75.0,777,77,0.5,1.0,2.0,1000.0,150.0,75.0,<class 'src.agents.rational.RationalDeveloperAgent'>,,performance,0.5,False,-75.0
0,1,1.0,3.165254487617634,0.0,75.0,778,78,0.5,1.0,2.0,1000.0,150.0,75.0,<class 'src.agents.rational.RationalDeveloperAgent'>,,performance,0.5,False,-75.0
0,1,1.0,3.165254487617634,0.0,75.0,779,79,0.5,1.0,2.0,1000.0,150.0,75.0,<class 'src.agents.rational.RationalDeveloperAgent'>,,performance,0.5,False,-75.0
0,1,1.0,3.165254487617634,0.0,75.0,780,80,0.5,1.0,2.0,1000.0,150.0,75.0,<class 'src.agents.rational.RationalDeveloperAgent'>,,performance,0.5,False,-75.0
0,1,1.0,3.165254487617634,0.0,75.0,781,81,0.5,1.0,2.0,1000.0,150.0,75.0,<class 'src.agents.rational.RationalDeveloperAgent'>,,performance,0.5,False,-75.0
0,1,2.0,3.1652543711976104,2.6965296408692585e-06,75.0,782,82,0.5,1.0,2.0,1000.0,150.0,75.0,<class 'src.agents.rational.RationalDeveloperAgent'>,,performance,0.5,False,-75.0
0,1,2.0,3.1652543711976104,2.6965296408692585e-06,75.0,783,83,0.5,1.0,2.0,1000.0,150.0,75.0,<class 'src.agents.rational.RationalDeveloperAgent'>,,performance,0.5,False,-75.0
0,1,1.0,3.165254487617634,0.0,75.0,784,84,0.5,1.0,2.0,1000.0,150.0,75.0,<class 'src.agents.rational.RationalDeveloperAgent'>,,performance,0.5,False,-75.0
0,1,2.0,3.1652543711976104,2.6965296408692585e-06,75.0,785,85,0.5,1.0,2.0,1000.0,150.0,75.0,<class 'src.agents.rational.RationalDeveloperAgent'>,,performance,0.5,False,-75.0
0,1,2.0,3.1652543711976104,2.6965296408692585e-06,75.0,786,86,0.5,1.0,2.0,1000.0,150.0,75.0,<class 'src.agents.rational.RationalDeveloperAgent'>,,performance,0.5,True,-1075.0
0,1,1.0,3.165254487617634,0.0,75.0,787,87,0.5,1.0,2.0,1000.0,150.0,75.0,<class 'src.agents.rational.RationalDeveloperAgent'>,,performance,0.5,False,-75.0
0,1,1.0,3.165254487617634,0.0,75.0,788,88,0.5,1.0,2.0,1000.0,150.0,75.0,<class 'src.agents.rational.RationalDeveloperAgent'>,,performance,0.5,False,-75.0
0,1,2.0,3.1652543711976104,2.6965296408692585e-06,75.0,789,89,0.5,1.0,2.0,1000.0,150.0,75.0,<class 'src.agents.rational.RationalDeveloperAgent'>,,performance,0.5,False,-75.0
0,1,2.0,3.1652543711976104,2.6965296408692585e-06,75.0,790,90,0.5,1.0,2.0,1000.0,150.0,75.0,<class 'src.agents.rational.RationalDeveloperAgent'>,,performance,0.5,False,-75.0
0,1,2.0,3.1652543711976104,2.6965296408692585e-06,75.0,791,91,0.5,1.0,2.0,1000.0,150.0,75.0,<class 'src.agents.rational.RationalDeveloperAgent'>,,performance,0.5,False,-75.0
0,1,1.0,3.165254487617634,0.0,75.0,792,92,0.5,1.0,2.0,1000.0,150.0,75.0,<class 'src.agents.rational.RationalDeveloperAgent'>,,performance,0.5,False,-75.0
0,1,2.0,3.1652543711976104,2.6965296408692585e-06,75.0,793,93,0.5,1.0,2.0,1000.0,150.0,75.0,<class 'src.agents.rational.RationalDeveloperAgent'>,,performance,0.5,False,-75.0
0,1,2.0,3.1652543711976104,2.6965296408692585e-06,75.0,794,94,0.5,1.0,2.0,1000.0,150.0,75.0,<class 'src.agents.rational.RationalDeveloperAgent'>,,performance,0.5,False,-75.0
0,1,1.0,3.165254487617634,0.0,75.0,795,95,0.5,1.0,2.0,1000.0,150.0,75.0,<class 'src.agents.rational.RationalDeveloperAgent'>,,performance,0.5,False,-75.0
0,1,1.0,3.165254487617634,0.0,75.0,796,96,0.5,1.0,2.0,1000.0,150.0,75.0,<class 'src.agents.rational.RationalDeveloperAgent'>,,performance,0.5,False,-75.0
0,1,1.0,3.165254487617634,0.0,75.0,797,97,0.5,1.0,2.0,1000.0,150.0,75.0,<class 'src.agents.rational.RationalDeveloperAgent'>,,performance,0.5,False,-75.0
0,1,1.0,3.165254487617634,0.0,75.0,798,98,0.5,1.0,2.0,1000.0,150.0,75.0,<class 'src.agents.rational.RationalDeveloperAgent'>,,performance,0.5,False,-75.0
0,1,1.0,3.165254487617634,0.0,75.0,799,99,0.5,1.0,2.0,1000.0,150.0,75.0,<class 'src.agents.rational.RationalDeveloperAgent'>,,performance,0.5,False,-75.0
0,1,2.0,3.1652543711976104,2.6965296408692585e-06,75.0,800,0,0.5,1.0,2.0,1000.0,150.0,75.0,<class 'src.agents.rational.RationalDeveloperAgent'>,,performance,-0.5,True,-1075.0
0,1,2.0,3.1652543711976104,2.6965296408692585e-06,75.0,801,1,0.5,1.0,2.0,1000.0,150.0,75.0,<class 'src.agents.rational.RationalDeveloperAgent'>,,performance,-0.5,True,-1075.0
0,1,1.0,3.165254487617634,0.0,75.0,802,2,0.5,1.0,2.0,1000.0,150.0,75.0,<class 'src.agents.rational.RationalDeveloperAgent'>,,performance,-0.5,True,-1075.0
0,1,1.0,3.165254487617634,0.0,75.0,803,3,0.5,1.0,2.0,1000.0,150.0,75.0,<class 'src.agents.rational.RationalDeveloperAgent'>,,performance,-0.5,True,-1075.0
0,1,2.0,3.1652543711976104,2.6965296408692585e-06,75.0,804,4,0.5,1.0,2.0,1000.0,150.0,75.0,<class 'src.agents.rational.RationalDeveloperAgent'>,,performance,-0.5,True,-1075.0
0,1,2.0,3.1652543711976104,2.6965296408692585e-06,75.0,805,5,0.5,1.0,2.0,1000.0,150.0,75.0,<class 'src.agents.rational.RationalDeveloperAgent'>,,performance,-0.5,True,-1075.0
0,1,2.0,3.1652543711976104,2.6965296408692585e-06,75.0,806,6,0.5,1.0,2.0,1000.0,150.0,75.0,<class 'src.agents.rational.RationalDeveloperAgent'>,,performance,-0.5,True,-1075.0
0,1,1.0,3.165254487617634,0.0,75.0,807,7,0.5,1.0,2.0,1000.0,150.0,75.0,<class 'src.agents.rational.RationalDeveloperAgent'>,,performance,-0.5,True,-1075.0
0,1,2.0,3.1652543711976104,2.6965296408692585e-06,75.0,808,8,0.5,1.0,2.0,1000.0,150.0,75.0,<class 'src.agents.rational.RationalDeveloperAgent'>,,performance,-0.5,True,-1075.0
0,1,1.0,3.165254487617634,0.0,75.0,809,9,0.5,1.0,2.0,1000.0,150.0,75.0,<class 'src.agents.rational.RationalDeveloperAgent'>,,performance,-0.5,True,-1075.0
0,1,1.0,3.165254487617634,0.0,75.0,810,10,0.5,1.0,2.0,1000.0,150.0,75.0,<class 'src.agents.rational.RationalDeveloperAgent'>,,performance,-0.5,True,-1075.0
0,1,1.0,3.165254487617634,0.0,75.0,811,11,0.5,1.0,2.0,1000.0,150.0,75.0,<class 'src.agents.rational.RationalDeveloperAgent'>,,performance,-0.5,True,-1075.0
0,1,1.0,3.165254487617634,0.0,0.0,812,12,0.5,1.0,2.0,1000.0,150.0,75.0,<class 'src.agents.rational.RationalDeveloperAgent'>,,performance,-0.5,True,-1000.0
0,1,1.0,3.165254487617634,0.0,75.0,813,13,0.5,1.0,2.0,1000.0,150.0,75.0,<class 'src.agents.rational.RationalDeveloperAgent'>,,performance,-0.5,True,-1075.0
0,1,2.0,3.1652543711976104,2.6965296408692585e-06,75.0,814,14,0.5,1.0,2.0,1000.0,150.0,75.0,<class 'src.agents.rational.RationalDeveloperAgent'>,,performance,-0.5,True,-1075.0
0,1,2.0,3.1652543711976104,2.6965296408692585e-06,0.0,815,15,0.5,1.0,2.0,1000.0,150.0,75.0,<class 'src.agents.rational.RationalDeveloperAgent'>,,performance,-0.5,True,-1000.0
0,1,1.0,3.165254487617634,0.0,75.0,816,16,0.5,1.0,2.0,1000.0,150.0,75.0,<class 'src.agents.rational.RationalDeveloperAgent'>,,performance,-0.5,True,-1075.0
0,1,1.0,3.165254487617634,0.0,0.0,817,17,0.5,1.0,2.0,1000.0,150.0,75.0,<class 'src.agents.rational.RationalDeveloperAgent'>,,performance,-0.5,True,-1000.0
0,1,1.0,3.165254487617634,0.0,75.0,818,18,0.5,1.0,2.0,1000.0,150.0,75.0,<class 'src.agents.rational.RationalDeveloperAgent'>,,performance,-0.5,True,-1075.0
0,1,1.0,3.165254487617634,0.0,75.0,819,19,0.5,1.0,2.0,1000.0,150.0,75.0,<class 'src.agents.rational.RationalDeveloperAgent'>,,performance,-0.5,True,-1075.0
0,1,1.0,3.165254487617634,0.0,75.0,820,20,0.5,1.0,2.0,1000.0,150.0,75.0,<class 'src.agents.rational.RationalDeveloperAgent'>,,performance,-0.5,True,-1075.0
0,1,2.0,3.1652543711976104,2.6965296408692585e-06,75.0,821,21,0.5,1.0,2.0,1000.0,150.0,75.0,<class 'src.agents.rational.RationalDeveloperAgent'>,,performance,-0.5,True,-1075.0
0,1,1.0,3.165254487617634,0.0,75.0,822,22,0.5,1.0,2.0,1000.0,150.0,75.0,<class 'src.agents.rational.RationalDeveloperAgent'>,,performance,-0.5,True,-1075.0
0,1,2.0,3.1652543711976104,2.6965296408692585e-06,75.0,823,23,0.5,1.0,2.0,1000.0,150.0,75.0,<class 'src.agents.rational.RationalDeveloperAgent'>,,performance,-0.5,True,-1075.0
0,1,2.0,3.1652543711976104,2.6965296408692585e-06,75.0,824,24,0.5,1.0,2.0,1000.0,150.0,75.0,<class 'src.agents.rational.RationalDeveloperAgent'>,,performance,-0.5,True,-1075.0
0,1,2.0,3.1652543711976104,2.6965296408692585e-06,75.0,825,25,0.5,1.0,2.0,1000.0,150.0,75.0,<class 'src.agents.rational.RationalDeveloperAgent'>,,performance,-0.5,True,-1075.0
0,1,2.0,3.1652543711976104,2.6965296408692585e-06,75.0,826,26,0.5,1.0,2.0,1000.0,150.0,75.0,<class 'src.agents.rational.RationalDeveloperAgent'>,,performance,-0.5,True,-1075.0
0,1,2.0,3.1652543711976104,2.6965296408692585e-06,75.0,827,27,0.5,1.0,2.0,1000.0,150.0,75.0,<class 'src.agents.rational.RationalDeveloperAgent'>,,performance,-0.5,True,-1075.0
0,1,1.0,3.165254487617634,0.0,75.0,828,28,0.5,1.0,2.0,1000.0,150.0,75.0,<class 'src.agents.rational.RationalDeveloperAgent'>,,performance,-0.5,True,-1075.0
0,1,2.0,3.1652543711976104,2.6965296408692585e-06,75.0,829,29,0.5,1.0,2.0,1000.0,150.0,75.0,<class 'src.agents.rational.RationalDeveloperAgent'>,,performance,-0.5,True,-1075.0
0,1,1.0,3.165254487617634,0.0,75.0,830,30,0.5,1.0,2.0,1000.0,150.0,75.0,<class 'src.agents.rational.RationalDeveloperAgent'>,,performance,-0.5,True,-1075.0
0,1,2.0,3.1652543711976104,2.6965296408692585e-06,75.0,831,31,0.5,1.0,2.0,1000.0,150.0,75.0,<class 'src.agents.rational.RationalDeveloperAgent'>,,performance,-0.5,True,-1075.0
0,1,2.0,3.1652543711976104,2.6965296408692585e-06,75.0,832,32,0.5,1.0,2.0,1000.0,150.0,75.0,<class 'src.agents.rational.RationalDeveloperAgent'>,,performance,-0.5,True,-1075.0
0,1,2.0,3.1652543711976104,2.6965296408692585e-06,75.0,833,33,0.5,1.0,2.0,1000.0,150.0,75.0,<class 'src.agents.rational.RationalDeveloperAgent'>,,performance,-0.5,True,-1075.0
0,1,2.0,3.1652543711976104,2.6965296408692585e-06,75.0,834,34,0.5,1.0,2.0,1000.0,150.0,75.0,<class 'src.agents.rational.RationalDeveloperAgent'>,,performance,-0.5,True,-1075.0
0,1,2.0,3.1652543711976104,2.6965296408692585e-06,75.0,835,35,0.5,1.0,2.0,1000.0,150.0,75.0,<class 'src.agents.rational.RationalDeveloperAgent'>,,performance,-0.5,True,-1075.0
0,1,1.0,3.165254487617634,0.0,75.0,836,36,0.5,1.0,2.0,1000.0,150.0,75.0,<class 'src.agents.rational.RationalDeveloperAgent'>,,performance,-0.5,True,-1075.0
0,1,2.0,3.1652543711976104,2.6965296408692585e-06,75.0,837,37,0.5,1.0,2.0,1000.0,150.0,75.0,<class 'src.agents.rational.RationalDeveloperAgent'>,,performance,-0.5,True,-1075.0
0,1,1.0,3.165254487617634,0.0,75.0,838,38,0.5,1.0,2.0,1000.0,150.0,75.0,<class 'src.agents.rational.RationalDeveloperAgent'>,,performance,-0.5,True,-1075.0
0,1,2.0,3.1652543711976104,2.6965296408692585e-06,75.0,839,39,0.5,1.0,2.0,1000.0,150.0,75.0,<class 'src.agents.rational.RationalDeveloperAgent'>,,performance,-0.5,True,-1075.0
0,1,1.0,3.165254487617634,0.0,75.0,840,40,0.5,1.0,2.0,1000.0,150.0,75.0,<class 'src.agents.rational.RationalDeveloperAgent'>,,performance,-0.5,True,-1075.0
0,1,1.0,3.165254487617634,0.0,75.0,841,41,0.5,1.0,2.0,1000.0,150.0,75.0,<class 'src.agents.rational.RationalDeveloperAgent'>,,performance,-0.5,True,-1075.0
0,1,1.0,3.165254487617634,0.0,75.0,842,42,0.5,1.0,2.0,1000.0,150.0,75.0,<class 'src.agents.rational.RationalDeveloperAgent'>,,performance,-0.5,True,-1075.0
0,1,1.0,3.165254487617634,0.0,75.0,843,43,0.5,1.0,2.0,1000.0,150.0,75.0,<class 'src.agents.rational.RationalDeveloperAgent'>,,performance,-0.5,True,-1075.0
0,1,2.0,3.1652543711976104,2.6965296408692585e-06,75.0,844,44,0.5,1.0,2.0,1000.0,150.0,75.0,<class 'src.agents.rational.RationalDeveloperAgent'>,,performance,-0.5,True,-1075.0
0,1,2.0,3.1652543711976104,2.6965296408692585e-06,75.0,845,45,0.5,1.0,2.0,1000.0,150.0,75.0,<class 'src.agents.rational.RationalDeveloperAgent'>,,performance,-0.5,True,-1075.0
0,1,2.0,3.1652543711976104,2.6965296408692585e-06,75.0,846,46,0.5,1.0,2.0,1000.0,150.0,75.0,<class 'src.agents.rational.RationalDeveloperAgent'>,,performance,-0.5,True,-1075.0
0,1,1.0,3.165254487617634,0.0,75.0,847,47,0.5,1.0,2.0,1000.0,150.0,75.0,<class 'src.agents.rational.RationalDeveloperAgent'>,,performance,-0.5,True,-1075.0
0,1,2.0,3.1652543711976104,2.6965296408692585e-06,75.0,848,48,0.5,1.0,2.0,1000.0,150.0,75.0,<class 'src.agents.rational.RationalDeveloperAgent'>,,performance,-0.5,True,-1075.0
0,1,1.0,3.165254487617634,0.0,75.0,849,49,0.5,1.0,2.0,1000.0,150.0,75.0,<class 'src.agents.rational.RationalDeveloperAgent'>,,performance,-0.5,True,-1075.0
0,1,1.0,3.165254487617634,0.0,75.0,850,50,0.5,1.0,2.0,1000.0,150.0,75.0,<class 'src.agents.rational.RationalDeveloperAgent'>,,performance,-0.5,True,-1075.0
0,1,1.0,3.165254487617634,0.0,75.0,851,51,0.5,1.0,2.0,1000.0,150.0,75.0,<class 'src.agents.rational.RationalDeveloperAgent'>,,performance,-0.5,True,-1075.0
0,1,2.0,3.1652543711976104,2.6965296408692585e-06,75.0,852,52,0.5,1.0,2.0,1000.0,150.0,75.0,<class 'src.agents.rational.RationalDeveloperAgent'>,,performance,-0.5,True,-1075.0
0,1,1.0,3.165254487617634,0.0,75.0,853,53,0.5,1.0,2.0,1000.0,150.0,75.0,<class 'src.agents.rational.RationalDeveloperAgent'>,,performance,-0.5,True,-1075.0
0,1,2.0,3.1652543711976104,2.6965296408692585e-06,75.0,854,54,0.5,1.0,2.0,1000.0,150.0,75.0,<class 'src.agents.rational.RationalDeveloperAgent'>,,performance,-0.5,True,-1075.0
0,1,1.0,3.165254487617634,0.0,75.0,855,55,0.5,1.0,2.0,1000.0,150.0,75.0,<class 'src.agents.rational.RationalDeveloperAgent'>,,performance,-0.5,True,-1075.0
0,1,2.0,3.1652543711976104,2.6965296408692585e-06,75.0,856,56,0.5,1.0,2.0,1000.0,150.0,75.0,<class 'src.agents.rational.RationalDeveloperAgent'>,,performance,-0.5,True,-1075.0
0,1,1.0,3.165254487617634,0.0,0.0,857,57,0.5,1.0,2.0,1000.0,150.0,75.0,<class 'src.agents.rational.RationalDeveloperAgent'>,,performance,-0.5,True,-1000.0
0,1,1.0,3.165254487617634,0.0,75.0,858,58,0.5,1.0,2.0,1000.0,150.0,75.0,<class 'src.agents.rational.RationalDeveloperAgent'>,,performance,-0.5,True,-1075.0
0,1,2.0,3.1652543711976104,2.6965296408692585e-06,75.0,859,59,0.5,1.0,2.0,1000.0,150.0,75.0,<class 'src.agents.rational.RationalDeveloperAgent'>,,performance,-0.5,True,-1075.0
0,1,2.0,3.1652543711976104,2.6965296408692585e-06,75.0,860,60,0.5,1.0,2.0,1000.0,150.0,75.0,<class 'src.agents.rational.RationalDeveloperAgent'>,,performance,-0.5,True,-1075.0
0,1,1.0,3.165254487617634,0.0,75.0,861,61,0.5,1.0,2.0,1000.0,150.0,75.0,<class 'src.agents.rational.RationalDeveloperAgent'>,,performance,-0.5,True,-1075.0
0,1,2.0,3.1652543711976104,2.6965296408692585e-06,75.0,862,62,0.5,1.0,2.0,1000.0,150.0,75.0,<class 'src.agents.rational.RationalDeveloperAgent'>,,performance,-0.5,True,-1075.0
0,1,1.0,3.165254487617634,0.0,75.0,863,63,0.5,1.0,2.0,1000.0,150.0,75.0,<class 'src.agents.rational.RationalDeveloperAgent'>,,performance,-0.5,True,-1075.0
0,1,2.0,3.1652543711976104,2.6965296408692585e-06,75.0,864,64,0.5,1.0,2.0,1000.0,150.0,75.0,<class 'src.agents.rational.RationalDeveloperAgent'>,,performance,-0.5,True,-1075.0
0,1,2.0,3.1652543711976104,2.6965296408692585e-06,75.0,865,65,0.5,1.0,2.0,1000.0,150.0,75.0,<class 'src.agents.rational.RationalDeveloperAgent'>,,performance,-0.5,True,-1075.0
0,1,1.0,3.165254487617634,0.0,75.0,866,66,0.5,1.0,2.0,1000.0,150.0,75.0,<class 'src.agents.rational.RationalDeveloperAgent'>,,performance,-0.5,True,-1075.0
0,1,2.0,3.1652543711976104,2.6965296408692585e-06,75.0,867,67,0.5,1.0,2.0,1000.0,150.0,75.0,<class 'src.agents.rational.RationalDeveloperAgent'>,,performance,-0.5,True,-1075.0
0,1,2.0,3.1652543711976104,2.6965296408692585e-06,75.0,868,68,0.5,1.0,2.0,1000.0,150.0,75.0,<class 'src.agents.rational.RationalDeveloperAgent'>,,performance,-0.5,True,-1075.0
0,1,1.0,3.165254487617634,0.0,75.0,869,69,0.5,1.0,2.0,1000.0,150.0,75.0,<class 'src.agents.rational.RationalDeveloperAgent'>,,performance,-0.5,True,-1075.0
0,1,1.0,3.165254487617634,0.0,75.0,870,70,0.5,1.0,2.0,1000.0,150.0,75.0,<class 'src.agents.rational.RationalDeveloperAgent'>,,performance,-0.5,True,-1075.0
0,1,1.0,3.165254487617634,0.0,75.0,871,71,0.5,1.0,2.0,1000.0,150.0,75.0,<class 'src.agents.rational.RationalDeveloperAgent'>,,performance,-0.5,True,-1075.0
0,1,2.0,3.1652543711976104,2.6965296408692585e-06,75.0,872,72,0.5,1.0,2.0,1000.0,150.0,75.0,<class 'src.agents.rational.RationalDeveloperAgent'>,,performance,-0.5,True,-1075.0
0,1,2.0,3.1652543711976104,2.6965296408692585e-06,75.0,873,73,0.5,1.0,2.0,1000.0,150.0,75.0,<class 'src.agents.rational.RationalDeveloperAgent'>,,performance,-0.5,True,-1075.0
0,1,2.0,3.1652543711976104,2.6965296408692585e-06,75.0,874,74,0.5,1.0,2.0,1000.0,150.0,75.0,<class 'src.agents.rational.RationalDeveloperAgent'>,,performance,-0.5,True,-1075.0
0,1,1.0,3.165254487617634,0.0,75.0,875,75,0.5,1.0,2.0,1000.0,150.0,75.0,<class 'src.agents.rational.RationalDeveloperAgent'>,,performance,-0.5,True,-1075.0
0,1,2.0,3.1652543711976104,2.6965296408692585e-06,75.0,876,76,0.5,1.0,2.0,1000.0,150.0,75.0,<class 'src.agents.rational.RationalDeveloperAgent'>,,performance,-0.5,True,-1075.0
0,1,2.0,3.1652543711976104,2.6965296408692585e-06,75.0,877,77,0.5,1.0,2.0,1000.0,150.0,75.0,<class 'src.agents.rational.RationalDeveloperAgent'>,,performance,-0.5,True,-1075.0
0,1,2.0,3.1652543711976104,2.6965296408692585e-06,75.0,878,78,0.5,1.0,2.0,1000.0,150.0,75.0,<class 'src.agents.rational.RationalDeveloperAgent'>,,performance,-0.5,True,-1075.0
0,1,2.0,3.1652543711976104,2.6965296408692585e-06,75.0,879,79,0.5,1.0,2.0,1000.0,150.0,75.0,<class 'src.agents.rational.RationalDeveloperAgent'>,,performance,-0.5,True,-1075.0
0,1,2.0,3.1652543711976104,2.6965296408692585e-06,75.0,880,80,0.5,1.0,2.0,1000.0,150.0,75.0,<class 'src.agents.rational.RationalDeveloperAgent'>,,performance,-0.5,True,-1075.0
0,1,1.0,3.165254487617634,0.0,75.0,881,81,0.5,1.0,2.0,1000.0,150.0,75.0,<class 'src.agents.rational.RationalDeveloperAgent'>,,performance,-0.5,True,-1075.0
0,1,1.0,3.165254487617634,0.0,75.0,882,82,0.5,1.0,2.0,1000.0,150.0,75.0,<class 'src.agents.rational.RationalDeveloperAgent'>,,performance,-0.5,True,-1075.0
0,1,2.0,3.1652543711976104,2.6965296408692585e-06,75.0,883,83,0.5,1.0,2.0,1000.0,150.0,75.0,<class 'src.agents.rational.RationalDeveloperAgent'>,,performance,-0.5,True,-1075.0
0,1,2.0,3.1652543711976104,2.6965296408692585e-06,75.0,884,84,0.5,1.0,2.0,1000.0,150.0,75.0,<class 'src.agents.rational.RationalDeveloperAgent'>,,performance,-0.5,True,-1075.0
0,1,2.0,3.1652543711976104,2.6965296408692585e-06,75.0,885,85,0.5,1.0,2.0,1000.0,150.0,75.0,<class 'src.agents.rational.RationalDeveloperAgent'>,,performance,-0.5,True,-1075.0
0,1,2.0,3.1652543711976104,2.6965296408692585e-06,75.0,886,86,0.5,1.0,2.0,1000.0,150.0,75.0,<class 'src.agents.rational.RationalDeveloperAgent'>,,performance,-0.5,True,-1075.0
0,1,2.0,3.1652543711976104,2.6965296408692585e-06,0.0,887,87,0.5,1.0,2.0,1000.0,150.0,75.0,<class 'src.agents.rational.RationalDeveloperAgent'>,,performance,-0.5,True,-1000.0
0,1,2.0,3.1652543711976104,2.6965296408692585e-06,75.0,888,88,0.5,1.0,2.0,1000.0,150.0,75.0,<class 'src.agents.rational.RationalDeveloperAgent'>,,performance,-0.5,True,-1075.0
0,1,1.0,3.165254487617634,0.0,75.0,889,89,0.5,1.0,2.0,1000.0,150.0,75.0,<class 'src.agents.rational.RationalDeveloperAgent'>,,performance,-0.5,True,-1075.0
0,1,2.0,3.1652543711976104,2.6965296408692585e-06,75.0,890,90,0.5,1.0,2.0,1000.0,150.0,75.0,<class 'src.agents.rational.RationalDeveloperAgent'>,,performance,-0.5,True,-1075.0
0,1,2.0,3.1652543711976104,2.6965296408692585e-06,75.0,891,91,0.5,1.0,2.0,1000.0,150.0,75.0,<class 'src.agents.rational.RationalDeveloperAgent'>,,performance,-0.5,True,-1075.0
0,1,2.0,3.1652543711976104,2.6965296408692585e-06,0.0,892,92,0.5,1.0,2.0,1000.0,150.0,75.0,<class 'src.agents.rational.RationalDeveloperAgent'>,,performance,-0.5,True,-1000.0
0,1,1.0,3.165254487617634,0.0,75.0,893,93,0.5,1.0,2.0,1000.0,150.0,75.0,<class 'src.agents.rational.RationalDeveloperAgent'>,,performance,-0.5,True,-1075.0
0,1,1.0,3.165254487617634,0.0,0.0,894,94,0.5,1.0,2.0,1000.0,150.0,75.0,<class 'src.agents.rational.RationalDeveloperAgent'>,,performance,-0.5,True,-1000.0
0,1,2.0,3.1652543711976104,2.6965296408692585e-06,75.0,895,95,0.5,1.0,2.0,1000.0,150.0,75.0,<class 'src.agents.rational.RationalDeveloperAgent'>,,performance,-0.5,True,-1075.0
0,1,1.0,3.165254487617634,0.0,75.0,896,96,0.5,1.0,2.0,1000.0,150.0,75.0,<class 'src.agents.rational.RationalDeveloperAgent'>,,performance,-0.5,True,-1075.0
0,1,1.0,3.165254487617634,0.0,75.0,897,97,0.5,1.0,2.0,1000.0,150.0,75.0,<class 'src.agents.rational.RationalDeveloperAgent'>,,performance,-0.5,True,-1075.0
0,1,1.0,3.165254487617634,0.0,75.0,898,98,0.5,1.0,2.0,1000.0,150.0,75.0,<class 'src.agents.rational.RationalDeveloperAgent'>,,performance,-0.5,True,-1075.0
0,1,2.0,3.1652543711976104,2.6965296408692585e-06,75.0,899,99,0.5,1.0,2.0,1000.0,150.0,75.0,<class 'src.agents.rational.RationalDeveloperAgent'>,,performance,-0.5,True,-1075.0
0,1,1.0,3.165259483801457,3.7018160344154882,225.0,900,0,0.5,1.0,2.0,1000.0,150.0,75.0,<class 'src.agents.rational.RationalDeveloperAgent'>,,hybrid,0.0,False,-225.0
0,1,2.0,3.16523217591329,4.255563888364,225.0,901,1,0.5,1.0,2.0,1000.0,150.0,75.0,<class 'src.agents.rational.RationalDeveloperAgent'>,,hybrid,0.0,False,-225.0
0,1,1.0,3.165259483801457,3.7018160344154882,75.0,902,2,0.5,1.0,2.0,1000.0,150.0,75.0,<class 'src.agents.rational.RationalDeveloperAgent'>,,hybrid,0.0,True,-1075.0
0,1,2.0,3.16523217591329,4.255563888364,225.0,903,3,0.5,1.0,2.0,1000.0,150.0,75.0,<class 'src.agents.rational.RationalDeveloperAgent'>,,hybrid,0.0,False,-225.0
0,1,2.0,3.16523217591329,4.255563888364,225.0,904,4,0.5,1.0,2.0,1000.0,150.0,75.0,<class 'src.agents.rational.RationalDeveloperAgent'>,,hybrid,0.0,False,-225.0
0,1,2.0,3.16523217591329,4.255563888364,225.0,905,5,0.5,1.0,2.0,1000.0,150.0,75.0,<class 'src.agents.rational.RationalDeveloperAgent'>,,hybrid,0.0,False,-225.0
0,1,2.0,3.16523217591329,4.255563888364,225.0,906,6,0.5,1.0,2.0,1000.0,150.0,75.0,<class 'src.agents.rational.RationalDeveloperAgent'>,,hybrid,0.0,False,-225.0
0,1,1.0,3.165259483801457,3.7018160344154882,225.0,907,7,0.5,1.0,2.0,1000.0,150.0,75.0,<class 'src.agents.rational.RationalDeveloperAgent'>,,hybrid,0.0,False,-225.0
0,1,1.0,3.165259483801457,3.7018160344154882,225.0,908,8,0.5,1.0,2.0,1000.0,150.0,75.0,<class 'src.agents.rational.RationalDeveloperAgent'>,,hybrid,0.0,False,-225.0
0,1,2.0,3.16523217591329,4.255563888364,225.0,909,9,0.5,1.0,2.0,1000.0,150.0,75.0,<class 'src.agents.rational.RationalDeveloperAgent'>,,hybrid,0.0,False,-225.0
0,1,1.0,3.165259483801457,3.7018160344154882,225.0,910,10,0.5,1.0,2.0,1000.0,150.0,75.0,<class 'src.agents.rational.RationalDeveloperAgent'>,,hybrid,0.0,False,-225.0
0,1,1.0,3.165259483801457,3.7018160344154882,225.0,911,11,0.5,1.0,2.0,1000.0,150.0,75.0,<class 'src.agents.rational.RationalDeveloperAgent'>,,hybrid,0.0,False,-225.0
0,1,1.0,3.165259483801457,3.7018160344154882,225.0,912,12,0.5,1.0,2.0,1000.0,150.0,75.0,<class 'src.agents.rational.RationalDeveloperAgent'>,,hybrid,0.0,False,-225.0
0,1,1.0,3.165259483801457,3.7018160344154882,225.0,913,13,0.5,1.0,2.0,1000.0,150.0,75.0,<class 'src.agents.rational.RationalDeveloperAgent'>,,hybrid,0.0,False,-225.0
0,1,1.0,3.165259483801457,3.7018160344154882,225.0,914,14,0.5,1.0,2.0,1000.0,150.0,75.0,<class 'src.agents.rational.RationalDeveloperAgent'>,,hybrid,0.0,False,-225.0
0,1,1.0,3.165259483801457,3.7018160344154882,225.0,915,15,0.5,1.0,2.0,1000.0,150.0,75.0,<class 'src.agents.rational.RationalDeveloperAgent'>,,hybrid,0.0,False,-225.0
0,1,1.0,3.165259483801457,3.7018160344154882,225.0,916,16,0.5,1.0,2.0,1000.0,150.0,75.0,<class 'src.agents.rational.RationalDeveloperAgent'>,,hybrid,0.0,False,-225.0
0,1,2.0,3.16523217591329,4.255563888364,225.0,917,17,0.5,1.0,2.0,1000.0,150.0,75.0,<class 'src.agents.rational.RationalDeveloperAgent'>,,hybrid,0.0,False,-225.0
0,1,2.0,3.16523217591329,4.255563888364,225.0,918,18,0.5,1.0,2.0,1000.0,150.0,75.0,<class 'src.agents.rational.RationalDeveloperAgent'>,,hybrid,0.0,False,-225.0
0,1,2.0,3.16523217591329,4.255563888364,225.0,919,19,0.5,1.0,2.0,1000.0,150.0,75.0,<class 'src.agents.rational.RationalDeveloperAgent'>,,hybrid,0.0,False,-225.0
0,1,1.0,3.165259483801457,3.7018160344154882,225.0,920,20,0.5,1.0,2.0,1000.0,150.0,75.0,<class 'src.agents.rational.RationalDeveloperAgent'>,,hybrid,0.0,False,-225.0
0,1,2.0,3.16523217591329,4.255563888364,225.0,921,21,0.5,1.0,2.0,1000.0,150.0,75.0,<class 'src.agents.rational.RationalDeveloperAgent'>,,hybrid,0.0,False,-225.0
0,1,1.0,3.165259483801457,3.7018160344154882,225.0,922,22,0.5,1.0,2.0,1000.0,150.0,75.0,<class 'src.agents.rational.RationalDeveloperAgent'>,,hybrid,0.0,False,-225.0
0,1,1.0,3.165259483801457,3.7018160344154882,75.0,923,23,0.5,1.0,2.0,1000.0,150.0,75.0,<class 'src.agents.rational.RationalDeveloperAgent'>,,hybrid,0.0,True,-1075.0
0,1,2.0,3.16523217591329,4.255563888364,225.0,924,24,0.5,1.0,2.0,1000.0,150.0,75.0,<class 'src.agents.rational.RationalDeveloperAgent'>,,hybrid,0.0,False,-225.0
0,1,2.0,3.16523217591329,4.255563888364,225.0,925,25,0.5,1.0,2.0,1000.0,150.0,75.0,<class 'src.agents.rational.RationalDeveloperAgent'>,,hybrid,0.0,False,-225.0
0,1,1.0,3.165259483801457,3.7018160344154882,225.0,926,26,0.5,1.0,2.0,1000.0,150.0,75.0,<class 'src.agents.rational.RationalDeveloperAgent'>,,hybrid,0.0,False,-225.0
0,1,1.0,3.165259483801457,3.7018160344154882,225.0,927,27,0.5,1.0,2.0,1000.0,150.0,75.0,<class 'src.agents.rational.RationalDeveloperAgent'>,,hybrid,0.0,False,-225.0
0,1,1.0,3.165259483801457,3.7018160344154882,225.0,928,28,0.5,1.0,2.0,1000.0,150.0,75.0,<class 'src.agents.rational.RationalDeveloperAgent'>,,hybrid,0.0,False,-225.0
0,1,2.0,3.16523217591329,4.255563888364,225.0,929,29,0.5,1.0,2.0,1000.0,150.0,75.0,<class 'src.agents.rational.RationalDeveloperAgent'>,,hybrid,0.0,False,-225.0
0,1,2.0,3.16523217591329,4.255563888364,225.0,930,30,0.5,1.0,2.0,1000.0,150.0,75.0,<class 'src.agents.rational.RationalDeveloperAgent'>,,hybrid,0.0,False,-225.0
0,1,1.0,3.165259483801457,3.7018160344154882,225.0,931,31,0.5,1.0,2.0,1000.0,150.0,75.0,<class 'src.agents.rational.RationalDeveloperAgent'>,,hybrid,0.0,False,-225.0
0,1,1.0,3.165259483801457,3.7018160344154882,225.0,932,32,0.5,1.0,2.0,1000.0,150.0,75.0,<class 'src.agents.rational.RationalDeveloperAgent'>,,hybrid,0.0,False,-225.0
0,1,1.0,3.165259483801457,3.7018160344154882,225.0,933,33,0.5,1.0,2.0,1000.0,150.0,75.0,<class 'src.agents.rational.RationalDeveloperAgent'>,,hybrid,0.0,False,-225.0
0,1,1.0,3.165259483801457,3.7018160344154882,225.0,934,34,0.5,1.0,2.0,1000.0,150.0,75.0,<class 'src.agents.rational.RationalDeveloperAgent'>,,hybrid,0.0,False,-225.0
0,1,2.0,3.16523217591329,4.255563888364,225.0,935,35,0.5,1.0,2.0,1000.0,150.0,75.0,<class 'src.agents.rational.RationalDeveloperAgent'>,,hybrid,0.0,False,-225.0
0,1,2.0,3.16523217591329,4.255563888364,225.0,936,36,0.5,1.0,2.0,1000.0,150.0,75.0,<class 'src.agents.rational.RationalDeveloperAgent'>,,hybrid,0.0,False,-225.0
0,1,2.0,3.16523217591329,4.255563888364,225.0,937,37,0.5,1.0,2.0,1000.0,150.0,75.0,<class 'src.agents.rational.RationalDeveloperAgent'>,,hybrid,0.0,False,-225.0
0,1,1.0,3.165259483801457,3.7018160344154882,225.0,938,38,0.5,1.0,2.0,1000.0,150.0,75.0,<class 'src.agents.rational.RationalDeveloperAgent'>,,hybrid,0.0,False,-225.0
0,1,2.0,3.16523217591329,4.255563888364,225.0,939,39,0.5,1.0,2.0,1000.0,150.0,75.0,<class 'src.agents.rational.RationalDeveloperAgent'>,,hybrid,0.0,False,-225.0
0,1,1.0,3.165259483801457,3.7018160344154882,225.0,940,40,0.5,1.0,2.0,1000.0,150.0,75.0,<class 'src.agents.rational.RationalDeveloperAgent'>,,hybrid,0.0,False,-225.0
0,1,1.0,3.165259483801457,3.7018160344154882,225.0,941,41,0.5,1.0,2.0,1000.0,150.0,75.0,<class 'src.agents.rational.RationalDeveloperAgent'>,,hybrid,0.0,False,-225.0
0,1,1.0,3.165259483801457,3.7018160344154882,225.0,942,42,0.5,1.0,2.0,1000.0,150.0,75.0,<class 'src.agents.rational.RationalDeveloperAgent'>,,hybrid,0.0,False,-225.0
0,1,1.0,3.165259483801457,3.7018160344154882,225.0,943,43,0.5,1.0,2.0,1000.0,150.0,75.0,<class 'src.agents.rational.RationalDeveloperAgent'>,,hybrid,0.0,False,-225.0
0,1,2.0,3.16523217591329,4.255563888364,225.0,944,44,0.5,1.0,2.0,1000.0,150.0,75.0,<class 'src.agents.rational.RationalDeveloperAgent'>,,hybrid,0.0,False,-225.0
0,1,1.0,3.165259483801457,3.7018160344154882,225.0,945,45,0.5,1.0,2.0,1000.0,150.0,75.0,<class 'src.agents.rational.RationalDeveloperAgent'>,,hybrid,0.0,False,-225.0
0,1,2.0,3.16523217591329,4.255563888364,225.0,946,46,0.5,1.0,2.0,1000.0,150.0,75.0,<class 'src.agents.rational.RationalDeveloperAgent'>,,hybrid,0.0,False,-225.0
0,1,1.0,3.165259483801457,3.7018160344154882,225.0,947,47,0.5,1.0,2.0,1000.0,150.0,75.0,<class 'src.agents.rational.RationalDeveloperAgent'>,,hybrid,0.0,False,-225.0
0,1,1.0,3.165259483801457,3.7018160344154882,225.0,948,48,0.5,1.0,2.0,1000.0,150.0,75.0,<class 'src.agents.rational.RationalDeveloperAgent'>,,hybrid,0.0,False,-225.0
0,1,2.0,3.16523217591329,4.255563888364,225.0,949,49,0.5,1.0,2.0,1000.0,150.0,75.0,<class 'src.agents.rational.RationalDeveloperAgent'>,,hybrid,0.0,False,-225.0
0,1,2.0,3.16523217591329,4.255563888364,225.0,950,50,0.5,1.0,2.0,1000.0,150.0,75.0,<class 'src.agents.rational.RationalDeveloperAgent'>,,hybrid,0.0,False,-225.0
0,1,2.0,3.16523217591329,4.255563888364,225.0,951,51,0.5,1.0,2.0,1000.0,150.0,75.0,<class 'src.agents.rational.RationalDeveloperAgent'>,,hybrid,0.0,False,-225.0
0,1,2.0,3.16523217591329,4.255563888364,225.0,952,52,0.5,1.0,2.0,1000.0,150.0,75.0,<class 'src.agents.rational.RationalDeveloperAgent'>,,hybrid,0.0,False,-225.0
0,1,1.0,3.165259483801457,3.7018160344154882,225.0,953,53,0.5,1.0,2.0,1000.0,150.0,75.0,<class 'src.agents.rational.RationalDeveloperAgent'>,,hybrid,0.0,False,-225.0
0,1,2.0,3.16523217591329,4.255563888364,225.0,954,54,0.5,1.0,2.0,1000.0,150.0,75.0,<class 'src.agents.rational.RationalDeveloperAgent'>,,hybrid,0.0,False,-225.0
0,1,2.0,3.16523217591329,4.255563888364,225.0,955,55,0.5,1.0,2.0,1000.0,150.0,75.0,<class 'src.agents.rational.RationalDeveloperAgent'>,,hybrid,0.0,False,-225.0
0,1,2.0,3.16523217591329,4.255563888364,225.0,956,56,0.5,1.0,2.0,1000.0,150.0,75.0,<class 'src.agents.rational.RationalDeveloperAgent'>,,hybrid,0.0,False,-225.0
0,1,2.0,3.16523217591329,4.255563888364,225.0,957,57,0.5,1.0,2.0,1000.0,150.0,75.0,<class 'src.agents.rational.RationalDeveloperAgent'>,,hybrid,0.0,False,-225.0
0,1,2.0,3.16523217591329,4.255563888364,225.0,958,58,0.5,1.0,2.0,1000.0,150.0,75.0,<class 'src.agents.rational.RationalDeveloperAgent'>,,hybrid,0.0,False,-225.0
0,1,2.0,3.16523217591329,4.255563888364,225.0,959,59,0.5,1.0,2.0,1000.0,150.0,75.0,<class 'src.agents.rational.RationalDeveloperAgent'>,,hybrid,0.0,False,-225.0
0,1,1.0,3.165259483801457,3.7018160344154882,225.0,960,60,0.5,1.0,2.0,1000.0,150.0,75.0,<class 'src.agents.rational.RationalDeveloperAgent'>,,hybrid,0.0,False,-225.0
0,1,1.0,3.165259483801457,3.7018160344154882,225.0,961,61,0.5,1.0,2.0,1000.0,150.0,75.0,<class 'src.agents.rational.RationalDeveloperAgent'>,,hybrid,0.0,False,-225.0
0,1,1.0,3.165259483801457,3.7018160344154882,225.0,962,62,0.5,1.0,2.0,1000.0,150.0,75.0,<class 'src.agents.rational.RationalDeveloperAgent'>,,hybrid,0.0,False,-225.0
0,1,1.0,3.165259483801457,3.7018160344154882,225.0,963,63,0.5,1.0,2.0,1000.0,150.0,75.0,<class 'src.agents.rational.RationalDeveloperAgent'>,,hybrid,0.0,False,-225.0
0,1,1.0,3.165259483801457,3.7018160344154882,225.0,964,64,0.5,1.0,2.0,1000.0,150.0,75.0,<class 'src.agents.rational.RationalDeveloperAgent'>,,hybrid,0.0,False,-225.0
0,1,2.0,3.16523217591329,4.255563888364,225.0,965,65,0.5,1.0,2.0,1000.0,150.0,75.0,<class 'src.agents.rational.RationalDeveloperAgent'>,,hybrid,0.0,False,-225.0
0,1,2.0,3.16523217591329,4.255563888364,225.0,966,66,0.5,1.0,2.0,1000.0,150.0,75.0,<class 'src.agents.rational.RationalDeveloperAgent'>,,hybrid,0.0,False,-225.0
0,1,1.0,3.165259483801457,3.7018160344154882,225.0,967,67,0.5,1.0,2.0,1000.0,150.0,75.0,<class 'src.agents.rational.RationalDeveloperAgent'>,,hybrid,0.0,False,-225.0
0,1,1.0,3.165259483801457,3.7018160344154882,225.0,968,68,0.5,1.0,2.0,1000.0,150.0,75.0,<class 'src.agents.rational.RationalDeveloperAgent'>,,hybrid,0.0,False,-225.0
0,1,2.0,3.16523217591329,4.255563888364,225.0,969,69,0.5,1.0,2.0,1000.0,150.0,75.0,<class 'src.agents.rational.RationalDeveloperAgent'>,,hybrid,0.0,False,-225.0
0,1,2.0,3.16523217591329,4.255563888364,225.0,970,70,0.5,1.0,2.0,1000.0,150.0,75.0,<class 'src.agents.rational.RationalDeveloperAgent'>,,hybrid,0.0,False,-225.0
0,1,2.0,3.16523217591329,4.255563888364,225.0,971,71,0.5,1.0,2.0,1000.0,150.0,75.0,<class 'src.agents.rational.RationalDeveloperAgent'>,,hybrid,0.0,False,-225.0
0,1,1.0,3.165259483801457,3.7018160344154882,225.0,972,72,0.5,1.0,2.0,1000.0,150.0,75.0,<class 'src.agents.rational.RationalDeveloperAgent'>,,hybrid,0.0,False,-225.0
0,1,2.0,3.16523217591329,4.255563888364,225.0,973,73,0.5,1.0,2.0,1000.0,150.0,75.0,<class 'src.agents.rational.RationalDeveloperAgent'>,,hybrid,0.0,False,-225.0
0,1,1.0,3.165259483801457,3.7018160344154882,225.0,974,74,0.5,1.0,2.0,1000.0,150.0,75.0,<class 'src.agents.rational.RationalDeveloperAgent'>,,hybrid,0.0,False,-225.0
0,1,2.0,3.16523217591329,4.255563888364,225.0,975,75,0.5,1.0,2.0,1000.0,150.0,75.0,<class 'src.agents.rational.RationalDeveloperAgent'>,,hybrid,0.0,False,-225.0
0,1,2.0,3.16523217591329,4.255563888364,225.0,976,76,0.5,1.0,2.0,1000.0,150.0,75.0,<class 'src.agents.rational.RationalDeveloperAgent'>,,hybrid,0.0,False,-225.0
0,1,1.0,3.165259483801457,3.7018160344154882,225.0,977,77,0.5,1.0,2.0,1000.0,150.0,75.0,<class 'src.agents.rational.RationalDeveloperAgent'>,,hybrid,0.0,False,-225.0
0,1,1.0,3.165259483801457,3.7018160344154882,150.0,978,78,0.5,1.0,2.0,1000.0,150.0,75.0,<class 'src.agents.rational.RationalDeveloperAgent'>,,hybrid,0.0,False,-150.0
0,1,1.0,3.165259483801457,3.7018160344154882,225.0,979,79,0.5,1.0,2.0,1000.0,150.0,75.0,<class 'src.agents.rational.RationalDeveloperAgent'>,,hybrid,0.0,False,-225.0
0,1,2.0,3.16523217591329,4.255563888364,150.0,980,80,0.5,1.0,2.0,1000.0,150.0,75.0,<class 'src.agents.rational.RationalDeveloperAgent'>,,hybrid,0.0,False,-150.0
0,1,1.0,3.165259483801457,3.7018160344154882,225.0,981,81,0.5,1.0,2.0,1000.0,150.0,75.0,<class 'src.agents.rational.RationalDeveloperAgent'>,,hybrid,0.0,False,-225.0
0,1,1.0,3.165259483801457,3.7018160344154882,225.0,982,82,0.5,1.0,2.0,1000.0,150.0,75.0,<class 'src.agents.rational.RationalDeveloperAgent'>,,hybrid,0.0,False,-225.0
0,1,2.0,3.16523217591329,4.255563888364,225.0,983,83,0.5,1.0,2.0,1000.0,150.0,75.0,<class 'src.agents.rational.RationalDeveloperAgent'>,,hybrid,0.0,False,-225.0
0,1,2.0,3.16523217591329,4.255563888364,225.0,984,84,0.5,1.0,2.0,1000.0,150.0,75.0,<class 'src.agents.rational.RationalDeveloperAgent'>,,hybrid,0.0,False,-225.0
0,1,1.0,3.165259483801457,3.7018160344154882,225.0,985,85,0.5,1.0,2.0,1000.0,150.0,75.0,<class 'src.agents.rational.RationalDeveloperAgent'>,,hybrid,0.0,False,-225.0
0,1,2.0,3.16523217591329,4.255563888364,225.0,986,86,0.5,1.0,2.0,1000.0,150.0,75.0,<class 'src.agents.rational.RationalDeveloperAgent'>,,hybrid,0.0,False,-225.0
0,1,2.0,3.16523217591329,4.255563888364,225.0,987,87,0.5,1.0,2.0,1000.0,150.0,75.0,<class 'src.agents.rational.RationalDeveloperAgent'>,,hybrid,0.0,False,-225.0
0,1,2.0,3.16523217591329,4.255563888364,225.0,988,88,0.5,1.0,2.0,1000.0,150.0,75.0,<class 'src.agents.rational.RationalDeveloperAgent'>,,hybrid,0.0,False,-225.0
0,1,2.0,3.16523217591329,4.255563888364,225.0,989,89,0.5,1.0,2.0,1000.0,150.0,75.0,<class 'src.agents.rational.RationalDeveloperAgent'>,,hybrid,0.0,False,-225.0
0,1,1.0,3.165259483801457,3.7018160344154882,225.0,990,90,0.5,1.0,2.0,1000.0,150.0,75.0,<class 'src.agents.rational.RationalDeveloperAgent'>,,hybrid,0.0,False,-225.0
0,1,1.0,3.165259483801457,3.7018160344154882,225.0,991,91,0.5,1.0,2.0,1000.0,150.0,75.0,<class 'src.agents.rational.RationalDeveloperAgent'>,,hybrid,0.0,False,-225.0
0,1,1.0,3.165259483801457,3.7018160344154882,225.0,992,92,0.5,1.0,2.0,1000.0,150.0,75.0,<class 'src.agents.rational.RationalDeveloperAgent'>,,hybrid,0.0,False,-225.0
0,1,2.0,3.16523217591329,4.255563888364,225.0,993,93,0.5,1.0,2.0,1000.0,150.0,75.0,<class 'src.agents.rational.RationalDeveloperAgent'>,,hybrid,0.0,False,-225.0
0,1,2.0,3.16523217591329,4.255563888364,225.0,994,94,0.5,1.0,2.0,1000.0,150.0,75.0,<class 'src.agents.rational.RationalDeveloperAgent'>,,hybrid,0.0,False,-225.0
0,1,1.0,3.165259483801457,3.7018160344154882,225.0,995,95,0.5,1.0,2.0,1000.0,150.0,75.0,<class 'src.agents.rational.RationalDeveloperAgent'>,,hybrid,0.0,False,-225.0
0,1,1.0,3.165259483801457,3.7018160344154882,75.0,996,96,0.5,1.0,2.0,1000.0,150.0,75.0,<class 'src.agents.rational.RationalDeveloperAgent'>,,hybrid,0.0,True,-1075.0
0,1,1.0,3.165259483801457,3.7018160344154882,150.0,997,97,0.5,1.0,2.0,1000.0,150.0,75.0,<class 'src.agents.rational.RationalDeveloperAgent'>,,hybrid,0.0,False,-150.0
0,1,1.0,3.165259483801457,3.7018160344154882,225.0,998,98,0.5,1.0,2.0,1000.0,150.0,75.0,<class 'src.agents.rational.RationalDeveloperAgent'>,,hybrid,0.0,False,-225.0
0,1,2.0,3.16523217591329,4.255563888364,225.0,999,99,0.5,1.0,2.0,1000.0,150.0,75.0,<class 'src.agents.rational.RationalDeveloperAgent'>,,hybrid,0.0,False,-225.0
0,1,2.0,3.16523217591329,4.255563888364,225.0,1000,0,0.5,1.0,2.0,1000.0,150.0,75.0,<class 'src.agents.rational.RationalDeveloperAgent'>,,hybrid,0.5,False,-225.0
0,1,2.0,3.16523217591329,4.255563888364,225.0,1001,1,0.5,1.0,2.0,1000.0,150.0,75.0,<class 'src.agents.rational.RationalDeveloperAgent'>,,hybrid,0.5,False,-225.0
0,1,1.0,3.165259483801457,3.7018160344154882,225.0,1002,2,0.5,1.0,2.0,1000.0,150.0,75.0,<class 'src.agents.rational.RationalDeveloperAgent'>,,hybrid,0.5,False,-225.0
0,1,2.0,3.16523217591329,4.255563888364,225.0,1003,3,0.5,1.0,2.0,1000.0,150.0,75.0,<class 'src.agents.rational.RationalDeveloperAgent'>,,hybrid,0.5,False,-225.0
0,1,2.0,3.16523217591329,4.255563888364,225.0,1004,4,0.5,1.0,2.0,1000.0,150.0,75.0,<class 'src.agents.rational.RationalDeveloperAgent'>,,hybrid,0.5,False,-225.0
0,1,2.0,3.16523217591329,4.255563888364,225.0,1005,5,0.5,1.0,2.0,1000.0,150.0,75.0,<class 'src.agents.rational.RationalDeveloperAgent'>,,hybrid,0.5,False,-225.0
0,1,2.0,3.16523217591329,4.255563888364,225.0,1006,6,0.5,1.0,2.0,1000.0,150.0,75.0,<class 'src.agents.rational.RationalDeveloperAgent'>,,hybrid,0.5,False,-225.0
0,1,2.0,3.16523217591329,4.255563888364,225.0,1007,7,0.5,1.0,2.0,1000.0,150.0,75.0,<class 'src.agents.rational.RationalDeveloperAgent'>,,hybrid,0.5,False,-225.0
0,1,2.0,3.16523217591329,4.255563888364,225.0,1008,8,0.5,1.0,2.0,1000.0,150.0,75.0,<class 'src.agents.rational.RationalDeveloperAgent'>,,hybrid,0.5,False,-225.0
0,1,2.0,3.16523217591329,4.255563888364,225.0,1009,9,0.5,1.0,2.0,1000.0,150.0,75.0,<class 'src.agents.rational.RationalDeveloperAgent'>,,hybrid,0.5,False,-225.0
0,1,2.0,3.16523217591329,4.255563888364,225.0,1010,10,0.5,1.0,2.0,1000.0,150.0,75.0,<class 'src.agents.rational.RationalDeveloperAgent'>,,hybrid,0.5,False,-225.0
0,1,1.0,3.165259483801457,3.7018160344154882,225.0,1011,11,0.5,1.0,2.0,1000.0,150.0,75.0,<class 'src.agents.rational.RationalDeveloperAgent'>,,hybrid,0.5,False,-225.0
0,1,2.0,3.16523217591329,4.255563888364,225.0,1012,12,0.5,1.0,2.0,1000.0,150.0,75.0,<class 'src.agents.rational.RationalDeveloperAgent'>,,hybrid,0.5,False,-225.0
0,1,1.0,3.165259483801457,3.7018160344154882,225.0,1013,13,0.5,1.0,2.0,1000.0,150.0,75.0,<class 'src.agents.rational.RationalDeveloperAgent'>,,hybrid,0.5,False,-225.0
0,1,2.0,3.16523217591329,4.255563888364,225.0,1014,14,0.5,1.0,2.0,1000.0,150.0,75.0,<class 'src.agents.rational.RationalDeveloperAgent'>,,hybrid,0.5,False,-225.0
0,1,2.0,3.16523217591329,4.255563888364,225.0,1015,15,0.5,1.0,2.0,1000.0,150.0,75.0,<class 'src.agents.rational.RationalDeveloperAgent'>,,hybrid,0.5,False,-225.0
0,1,2.0,3.16523217591329,4.255563888364,225.0,1016,16,0.5,1.0,2.0,1000.0,150.0,75.0,<class 'src.agents.rational.RationalDeveloperAgent'>,,hybrid,0.5,False,-225.0
0,1,2.0,3.16523217591329,4.255563888364,225.0,1017,17,0.5,1.0,2.0,1000.0,150.0,75.0,<class 'src.agents.rational.RationalDeveloperAgent'>,,hybrid,0.5,False,-225.0
0,1,1.0,3.165259483801457,3.7018160344154882,225.0,1018,18,0.5,1.0,2.0,1000.0,150.0,75.0,<class 'src.agents.rational.RationalDeveloperAgent'>,,hybrid,0.5,False,-225.0
0,1,1.0,3.165259483801457,3.7018160344154882,225.0,1019,19,0.5,1.0,2.0,1000.0,150.0,75.0,<class 'src.agents.rational.RationalDeveloperAgent'>,,hybrid,0.5,False,-225.0
0,1,1.0,3.165259483801457,3.7018160344154882,225.0,1020,20,0.5,1.0,2.0,1000.0,150.0,75.0,<class 'src.agents.rational.RationalDeveloperAgent'>,,hybrid,0.5,False,-225.0
0,1,2.0,3.16523217591329,4.255563888364,225.0,1021,21,0.5,1.0,2.0,1000.0,150.0,75.0,<class 'src.agents.rational.RationalDeveloperAgent'>,,hybrid,0.5,False,-225.0
0,1,2.0,3.16523217591329,4.255563888364,225.0,1022,22,0.5,1.0,2.0,1000.0,150.0,75.0,<class 'src.agents.rational.RationalDeveloperAgent'>,,hybrid,0.5,False,-225.0
0,1,2.0,3.16523217591329,4.255563888364,225.0,1023,23,0.5,1.0,2.0,1000.0,150.0,75.0,<class 'src.agents.rational.RationalDeveloperAgent'>,,hybrid,0.5,False,-225.0
0,1,2.0,3.16523217591329,4.255563888364,225.0,1024,24,0.5,1.0,2.0,1000.0,150.0,75.0,<class 'src.agents.rational.RationalDeveloperAgent'>,,hybrid,0.5,False,-225.0
0,1,1.0,3.165259483801457,3.7018160344154882,225.0,1025,25,0.5,1.0,2.0,1000.0,150.0,75.0,<class 'src.agents.rational.RationalDeveloperAgent'>,,hybrid,0.5,False,-225.0
0,1,2.0,3.16523217591329,4.255563888364,225.0,1026,26,0.5,1.0,2.0,1000.0,150.0,75.0,<class 'src.agents.rational.RationalDeveloperAgent'>,,hybrid,0.5,False,-225.0
0,1,1.0,3.165259483801457,3.7018160344154882,225.0,1027,27,0.5,1.0,2.0,1000.0,150.0,75.0,<class 'src.agents.rational.RationalDeveloperAgent'>,,hybrid,0.5,False,-225.0
0,1,2.0,3.16523217591329,4.255563888364,225.0,1028,28,0.5,1.0,2.0,1000.0,150.0,75.0,<class 'src.agents.rational.RationalDeveloperAgent'>,,hybrid,0.5,False,-225.0
0,1,1.0,3.165259483801457,3.7018160344154882,225.0,1029,29,0.5,1.0,2.0,1000.0,150.0,75.0,<class 'src.agents.rational.RationalDeveloperAgent'>,,hybrid,0.5,False,-225.0
0,1,2.0,3.16523217591329,4.255563888364,150.0,1030,30,0.5,1.0,2.0,1000.0,150.0,75.0,<class 'src.agents.rational.RationalDeveloperAgent'>,,hybrid,0.5,False,-150.0
0,1,1.0,3.165259483801457,3.7018160344154882,225.0,1031,31,0.5,1.0,2.0,1000.0,150.0,75.0,<class 'src.agents.rational.RationalDeveloperAgent'>,,hybrid,0.5,False,-225.0
0,1,2.0,3.16523217591329,4.255563888364,225.0,1032,32,0.5,1.0,2.0,1000.0,150.0,75.0,<class 'src.agents.rational.RationalDeveloperAgent'>,,hybrid,0.5,False,-225.0
0,1,2.0,3.16523217591329,4.255563888364,225.0,1033,33,0.5,1.0,2.0,1000.0,150.0,75.0,<class 'src.agents.rational.RationalDeveloperAgent'>,,hybrid,0.5,False,-225.0
0,1,2.0,3.16523217591329,4.255563888364,225.0,1034,34,0.5,1.0,2.0,1000.0,150.0,75.0,<class 'src.agents.rational.RationalDeveloperAgent'>,,hybrid,0.5,False,-225.0
0,1,2.0,3.16523217591329,4.255563888364,225.0,1035,35,0.5,1.0,2.0,1000.0,150.0,75.0,<class 'src.agents.rational.RationalDeveloperAgent'>,,hybrid,0.5,False,-225.0
0,1,1.0,3.165259483801457,3.7018160344154882,225.0,1036,36,0.5,1.0,2.0,1000.0,150.0,75.0,<class 'src.agents.rational.RationalDeveloperAgent'>,,hybrid,0.5,False,-225.0
0,1,2.0,3.16523217591329,4.255563888364,225.0,1037,37,0.5,1.0,2.0,1000.0,150.0,75.0,<class 'src.agents.rational.RationalDeveloperAgent'>,,hybrid,0.5,False,-225.0
0,1,1.0,3.165259483801457,3.7018160344154882,225.0,1038,38,0.5,1.0,2.0,1000.0,150.0,75.0,<class 'src.agents.rational.RationalDeveloperAgent'>,,hybrid,0.5,False,-225.0
0,1,2.0,3.16523217591329,4.255563888364,225.0,1039,39,0.5,1.0,2.0,1000.0,150.0,75.0,<class 'src.agents.rational.RationalDeveloperAgent'>,,hybrid,0.5,False,-225.0
0,1,2.0,3.16523217591329,4.255563888364,225.0,1040,40,0.5,1.0,2.0,1000.0,150.0,75.0,<class 'src.agents.rational.RationalDeveloperAgent'>,,hybrid,0.5,False,-225.0
0,1,2.0,3.16523217591329,4.255563888364,225.0,1041,41,0.5,1.0,2.0,1000.0,150.0,75.0,<class 'src.agents.rational.RationalDeveloperAgent'>,,hybrid,0.5,False,-225.0
0,1,1.0,3.165259483801457,3.7018160344154882,225.0,1042,42,0.5,1.0,2.0,1000.0,150.0,75.0,<class 'src.agents.rational.RationalDeveloperAgent'>,,hybrid,0.5,False,-225.0
0,1,2.0,3.16523217591329,4.255563888364,225.0,1043,43,0.5,1.0,2.0,1000.0,150.0,75.0,<class 'src.agents.rational.RationalDeveloperAgent'>,,hybrid,0.5,False,-225.0
0,1,1.0,3.165259483801457,3.7018160344154882,225.0,1044,44,0.5,1.0,2.0,1000.0,150.0,75.0,<class 'src.agents.rational.RationalDeveloperAgent'>,,hybrid,0.5,False,-225.0
0,1,1.0,3.165259483801457,3.7018160344154882,225.0,1045,45,0.5,1.0,2.0,1000.0,150.0,75.0,<class 'src.agents.rational.RationalDeveloperAgent'>,,hybrid,0.5,False,-225.0
0,1,2.0,3.16523217591329,4.255563888364,225.0,1046,46,0.5,1.0,2.0,1000.0,150.0,75.0,<class 'src.agents.rational.RationalDeveloperAgent'>,,hybrid,0.5,False,-225.0
0,1,1.0,3.165259483801457,3.7018160344154882,225.0,1047,47,0.5,1.0,2.0,1000.0,150.0,75.0,<class 'src.agents.rational.RationalDeveloperAgent'>,,hybrid,0.5,False,-225.0
0,1,1.0,3.165259483801457,3.7018160344154882,225.0,1048,48,0.5,1.0,2.0,1000.0,150.0,75.0,<class 'src.agents.rational.RationalDeveloperAgent'>,,hybrid,0.5,False,-225.0
0,1,2.0,3.16523217591329,4.255563888364,225.0,1049,49,0.5,1.0,2.0,1000.0,150.0,75.0,<class 'src.agents.rational.RationalDeveloperAgent'>,,hybrid,0.5,False,-225.0
0,1,2.0,3.16523217591329,4.255563888364,225.0,1050,50,0.5,1.0,2.0,1000.0,150.0,75.0,<class 'src.agents.rational.RationalDeveloperAgent'>,,hybrid,0.5,False,-225.0
0,1,1.0,3.165259483801457,3.7018160344154882,225.0,1051,51,0.5,1.0,2.0,1000.0,150.0,75.0,<class 'src.agents.rational.RationalDeveloperAgent'>,,hybrid,0.5,False,-225.0
0,1,1.0,3.165259483801457,3.7018160344154882,225.0,1052,52,0.5,1.0,2.0,1000.0,150.0,75.0,<class 'src.agents.rational.RationalDeveloperAgent'>,,hybrid,0.5,False,-225.0
0,1,1.0,3.165259483801457,3.7018160344154882,225.0,1053,53,0.5,1.0,2.0,1000.0,150.0,75.0,<class 'src.agents.rational.RationalDeveloperAgent'>,,hybrid,0.5,False,-225.0
0,1,1.0,3.165259483801457,3.7018160344154882,225.0,1054,54,0.5,1.0,2.0,1000.0,150.0,75.0,<class 'src.agents.rational.RationalDeveloperAgent'>,,hybrid,0.5,False,-225.0
0,1,1.0,3.165259483801457,3.7018160344154882,225.0,1055,55,0.5,1.0,2.0,1000.0,150.0,75.0,<class 'src.agents.rational.RationalDeveloperAgent'>,,hybrid,0.5,False,-225.0
0,1,1.0,3.165259483801457,3.7018160344154882,225.0,1056,56,0.5,1.0,2.0,1000.0,150.0,75.0,<class 'src.agents.rational.RationalDeveloperAgent'>,,hybrid,0.5,False,-225.0
0,1,2.0,3.16523217591329,4.255563888364,225.0,1057,57,0.5,1.0,2.0,1000.0,150.0,75.0,<class 'src.agents.rational.RationalDeveloperAgent'>,,hybrid,0.5,False,-225.0
0,1,1.0,3.165259483801457,3.7018160344154882,225.0,1058,58,0.5,1.0,2.0,1000.0,150.0,75.0,<class 'src.agents.rational.RationalDeveloperAgent'>,,hybrid,0.5,False,-225.0
0,1,2.0,3.16523217591329,4.255563888364,225.0,1059,59,0.5,1.0,2.0,1000.0,150.0,75.0,<class 'src.agents.rational.RationalDeveloperAgent'>,,hybrid,0.5,False,-225.0
0,1,2.0,3.16523217591329,4.255563888364,225.0,1060,60,0.5,1.0,2.0,1000.0,150.0,75.0,<class 'src.agents.rational.RationalDeveloperAgent'>,,hybrid,0.5,False,-225.0
0,1,2.0,3.16523217591329,4.255563888364,225.0,1061,61,0.5,1.0,2.0,1000.0,150.0,75.0,<class 'src.agents.rational.RationalDeveloperAgent'>,,hybrid,0.5,False,-225.0
0,1,1.0,3.165259483801457,3.7018160344154882,225.0,1062,62,0.5,1.0,2.0,1000.0,150.0,75.0,<class 'src.agents.rational.RationalDeveloperAgent'>,,hybrid,0.5,False,-225.0
0,1,2.0,3.16523217591329,4.255563888364,225.0,1063,63,0.5,1.0,2.0,1000.0,150.0,75.0,<class 'src.agents.rational.RationalDeveloperAgent'>,,hybrid,0.5,False,-225.0
0,1,1.0,3.165259483801457,3.7018160344154882,225.0,1064,64,0.5,1.0,2.0,1000.0,150.0,75.0,<class 'src.agents.rational.RationalDeveloperAgent'>,,hybrid,0.5,False,-225.0
0,1,2.0,3.16523217591329,4.255563888364,225.0,1065,65,0.5,1.0,2.0,1000.0,150.0,75.0,<class 'src.agents.rational.RationalDeveloperAgent'>,,hybrid,0.5,False,-225.0
0,1,2.0,3.16523217591329,4.255563888364,225.0,1066,66,0.5,1.0,2.0,1000.0,150.0,75.0,<class 'src.agents.rational.RationalDeveloperAgent'>,,hybrid,0.5,False,-225.0
0,1,1.0,3.165259483801457,3.7018160344154882,225.0,1067,67,0.5,1.0,2.0,1000.0,150.0,75.0,<class 'src.agents.rational.RationalDeveloperAgent'>,,hybrid,0.5,False,-225.0
0,1,2.0,3.16523217591329,4.255563888364,225.0,1068,68,0.5,1.0,2.0,1000.0,150.0,75.0,<class 'src.agents.rational.RationalDeveloperAgent'>,,hybrid,0.5,False,-225.0
0,1,2.0,3.16523217591329,4.255563888364,225.0,1069,69,0.5,1.0,2.0,1000.0,150.0,75.0,<class 'src.agents.rational.RationalDeveloperAgent'>,,hybrid,0.5,False,-225.0
0,1,2.0,3.16523217591329,4.255563888364,225.0,1070,70,0.5,1.0,2.0,1000.0,150.0,75.0,<class 'src.agents.rational.RationalDeveloperAgent'>,,hybrid,0.5,False,-225.0
0,1,2.0,3.16523217591329,4.255563888364,225.0,1071,71,0.5,1.0,2.0,1000.0,150.0,75.0,<class 'src.agents.rational.RationalDeveloperAgent'>,,hybrid,0.5,False,-225.0
0,1,2.0,3.16523217591329,4.255563888364,225.0,1072,72,0.5,1.0,2.0,1000.0,150.0,75.0,<class 'src.agents.rational.RationalDeveloperAgent'>,,hybrid,0.5,False,-225.0
0,1,2.0,3.16523217591329,4.255563888364,225.0,1073,73,0.5,1.0,2.0,1000.0,150.0,75.0,<class 'src.agents.rational.RationalDeveloperAgent'>,,hybrid,0.5,False,-225.0
0,1,2.0,3.16523217591329,4.255563888364,225.0,1074,74,0.5,1.0,2.0,1000.0,150.0,75.0,<class 'src.agents.rational.RationalDeveloperAgent'>,,hybrid,0.5,False,-225.0
0,1,1.0,3.165259483801457,3.7018160344154882,225.0,1075,75,0.5,1.0,2.0,1000.0,150.0,75.0,<class 'src.agents.rational.RationalDeveloperAgent'>,,hybrid,0.5,False,-225.0
0,1,1.0,3.165259483801457,3.7018160344154882,225.0,1076,76,0.5,1.0,2.0,1000.0,150.0,75.0,<class 'src.agents.rational.RationalDeveloperAgent'>,,hybrid,0.5,False,-225.0
0,1,1.0,3.165259483801457,3.7018160344154882,225.0,1077,77,0.5,1.0,2.0,1000.0,150.0,75.0,<class 'src.agents.rational.RationalDeveloperAgent'>,,hybrid,0.5,False,-225.0
0,1,1.0,3.165259483801457,3.7018160344154882,225.0,1078,78,0.5,1.0,2.0,1000.0,150.0,75.0,<class 'src.agents.rational.RationalDeveloperAgent'>,,hybrid,0.5,False,-225.0
0,1,1.0,3.165259483801457,3.7018160344154882,225.0,1079,79,0.5,1.0,2.0,1000.0,150.0,75.0,<class 'src.agents.rational.RationalDeveloperAgent'>,,hybrid,0.5,False,-225.0
0,1,2.0,3.16523217591329,4.255563888364,225.0,1080,80,0.5,1.0,2.0,1000.0,150.0,75.0,<class 'src.agents.rational.RationalDeveloperAgent'>,,hybrid,0.5,False,-225.0
0,1,2.0,3.16523217591329,4.255563888364,225.0,1081,81,0.5,1.0,2.0,1000.0,150.0,75.0,<class 'src.agents.rational.RationalDeveloperAgent'>,,hybrid,0.5,False,-225.0
0,1,1.0,3.165259483801457,3.7018160344154882,225.0,1082,82,0.5,1.0,2.0,1000.0,150.0,75.0,<class 'src.agents.rational.RationalDeveloperAgent'>,,hybrid,0.5,False,-225.0
0,1,1.0,3.165259483801457,3.7018160344154882,225.0,1083,83,0.5,1.0,2.0,1000.0,150.0,75.0,<class 'src.agents.rational.RationalDeveloperAgent'>,,hybrid,0.5,False,-225.0
0,1,1.0,3.165259483801457,3.7018160344154882,225.0,1084,84,0.5,1.0,2.0,1000.0,150.0,75.0,<class 'src.agents.rational.RationalDeveloperAgent'>,,hybrid,0.5,False,-225.0
0,1,1.0,3.165259483801457,3.7018160344154882,225.0,1085,85,0.5,1.0,2.0,1000.0,150.0,75.0,<class 'src.agents.rational.RationalDeveloperAgent'>,,hybrid,0.5,False,-225.0
0,1,1.0,3.165259483801457,3.7018160344154882,225.0,1086,86,0.5,1.0,2.0,1000.0,150.0,75.0,<class 'src.agents.rational.RationalDeveloperAgent'>,,hybrid,0.5,False,-225.0
0,1,2.0,3.16523217591329,4.255563888364,225.0,1087,87,0.5,1.0,2.0,1000.0,150.0,75.0,<class 'src.agents.rational.RationalDeveloperAgent'>,,hybrid,0.5,False,-225.0
0,1,2.0,3.16523217591329,4.255563888364,225.0,1088,88,0.5,1.0,2.0,1000.0,150.0,75.0,<class 'src.agents.rational.RationalDeveloperAgent'>,,hybrid,0.5,False,-225.0
0,1,1.0,3.165259483801457,3.7018160344154882,225.0,1089,89,0.5,1.0,2.0,1000.0,150.0,75.0,<class 'src.agents.rational.RationalDeveloperAgent'>,,hybrid,0.5,False,-225.0
0,1,2.0,3.16523217591329,4.255563888364,225.0,1090,90,0.5,1.0,2.0,1000.0,150.0,75.0,<class 'src.agents.rational.RationalDeveloperAgent'>,,hybrid,0.5,False,-225.0
0,1,1.0,3.165259483801457,3.7018160344154882,225.0,1091,91,0.5,1.0,2.0,1000.0,150.0,75.0,<class 'src.agents.rational.RationalDeveloperAgent'>,,hybrid,0.5,False,-225.0
0,1,2.0,3.16523217591329,4.255563888364,225.0,1092,92,0.5,1.0,2.0,1000.0,150.0,75.0,<class 'src.agents.rational.RationalDeveloperAgent'>,,hybrid,0.5,False,-225.0
0,1,2.0,3.16523217591329,4.255563888364,225.0,1093,93,0.5,1.0,2.0,1000.0,150.0,75.0,<class 'src.agents.rational.RationalDeveloperAgent'>,,hybrid,0.5,False,-225.0
0,1,1.0,3.165259483801457,3.7018160344154882,225.0,1094,94,0.5,1.0,2.0,1000.0,150.0,75.0,<class 'src.agents.rational.RationalDeveloperAgent'>,,hybrid,0.5,False,-225.0
0,1,1.0,3.165259483801457,3.7018160344154882,225.0,1095,95,0.5,1.0,2.0,1000.0,150.0,75.0,<class 'src.agents.rational.RationalDeveloperAgent'>,,hybrid,0.5,False,-225.0
0,1,1.0,3.165259483801457,3.7018160344154882,225.0,1096,96,0.5,1.0,2.0,1000.0,150.0,75.0,<class 'src.agents.rational.RationalDeveloperAgent'>,,hybrid,0.5,False,-225.0
0,1,2.0,3.16523217591329,4.255563888364,225.0,1097,97,0.5,1.0,2.0,1000.0,150.0,75.0,<class 'src.agents.rational.RationalDeveloperAgent'>,,hybrid,0.5,False,-225.0
0,1,2.0,3.16523217591329,4.255563888364,225.0,1098,98,0.5,1.0,2.0,1000.0,150.0,75.0,<class 'src.agents.rational.RationalDeveloperAgent'>,,hybrid,0.5,False,-225.0
0,1,2.0,3.16523217591329,4.255563888364,225.0,1099,99,0.5,1.0,2.0,1000.0,150.0,75.0,<class 'src.agents.rational.RationalDeveloperAgent'>,,hybrid,0.5,False,-225.0
0,1,2.0,3.16523217591329,4.255563888364,225.0,1100,0,0.5,1.0,2.0,1000.0,150.0,75.0,<class 'src.agents.rational.RationalDeveloperAgent'>,,hybrid,-0.5,False,-225.0
0,1,1.0,3.165259483801457,3.7018160344154882,225.0,1101,1,0.5,1.0,2.0,1000.0,150.0,75.0,<class 'src.agents.rational.RationalDeveloperAgent'>,,hybrid,-0.5,False,-225.0
0,1,2.0,3.16523217591329,4.255563888364,225.0,1102,2,0.5,1.0,2.0,1000.0,150.0,75.0,<class 'src.agents.rational.RationalDeveloperAgent'>,,hybrid,-0.5,False,-225.0
0,1,1.0,3.165259483801457,3.7018160344154882,225.0,1103,3,0.5,1.0,2.0,1000.0,150.0,75.0,<class 'src.agents.rational.RationalDeveloperAgent'>,,hybrid,-0.5,False,-225.0
0,1,2.0,3.16523217591329,4.255563888364,225.0,1104,4,0.5,1.0,2.0,1000.0,150.0,75.0,<class 'src.agents.rational.RationalDeveloperAgent'>,,hybrid,-0.5,False,-225.0
0,1,1.0,3.165259483801457,3.7018160344154882,150.0,1105,5,0.5,1.0,2.0,1000.0,150.0,75.0,<class 'src.agents.rational.RationalDeveloperAgent'>,,hybrid,-0.5,False,-150.0
0,1,1.0,3.165259483801457,3.7018160344154882,225.0,1106,6,0.5,1.0,2.0,1000.0,150.0,75.0,<class 'src.agents.rational.RationalDeveloperAgent'>,,hybrid,-0.5,False,-225.0
0,1,1.0,3.165259483801457,3.7018160344154882,75.0,1107,7,0.5,1.0,2.0,1000.0,150.0,75.0,<class 'src.agents.rational.RationalDeveloperAgent'>,,hybrid,-0.5,True,-1075.0
0,1,2.0,3.16523217591329,4.255563888364,225.0,1108,8,0.5,1.0,2.0,1000.0,150.0,75.0,<class 'src.agents.rational.RationalDeveloperAgent'>,,hybrid,-0.5,False,-225.0
0,1,2.0,3.16523217591329,4.255563888364,225.0,1109,9,0.5,1.0,2.0,1000.0,150.0,75.0,<class 'src.agents.rational.RationalDeveloperAgent'>,,hybrid,-0.5,False,-225.0
0,1,2.0,3.16523217591329,4.255563888364,225.0,1110,10,0.5,1.0,2.0,1000.0,150.0,75.0,<class 'src.agents.rational.RationalDeveloperAgent'>,,hybrid,-0.5,False,-225.0
0,1,1.0,3.165259483801457,3.7018160344154882,75.0,1111,11,0.5,1.0,2.0,1000.0,150.0,75.0,<class 'src.agents.rational.RationalDeveloperAgent'>,,hybrid,-0.5,True,-1075.0
0,1,2.0,3.16523217591329,4.255563888364,225.0,1112,12,0.5,1.0,2.0,1000.0,150.0,75.0,<class 'src.agents.rational.RationalDeveloperAgent'>,,hybrid,-0.5,False,-225.0
0,1,1.0,3.165259483801457,3.7018160344154882,225.0,1113,13,0.5,1.0,2.0,1000.0,150.0,75.0,<class 'src.agents.rational.RationalDeveloperAgent'>,,hybrid,-0.5,False,-225.0
0,1,1.0,3.165259483801457,3.7018160344154882,225.0,1114,14,0.5,1.0,2.0,1000.0,150.0,75.0,<class 'src.agents.rational.RationalDeveloperAgent'>,,hybrid,-0.5,False,-225.0
0,1,1.0,3.165259483801457,3.7018160344154882,225.0,1115,15,0.5,1.0,2.0,1000.0,150.0,75.0,<class 'src.agents.rational.RationalDeveloperAgent'>,,hybrid,-0.5,False,-225.0
0,1,2.0,3.16523217591329,4.255563888364,225.0,1116,16,0.5,1.0,2.0,1000.0,150.0,75.0,<class 'src.agents.rational.RationalDeveloperAgent'>,,hybrid,-0.5,False,-225.0
0,1,2.0,3.16523217591329,4.255563888364,225.0,1117,17,0.5,1.0,2.0,1000.0,150.0,75.0,<class 'src.agents.rational.RationalDeveloperAgent'>,,hybrid,-0.5,False,-225.0
0,1,2.0,3.16523217591329,4.255563888364,225.0,1118,18,0.5,1.0,2.0,1000.0,150.0,75.0,<class 'src.agents.rational.RationalDeveloperAgent'>,,hybrid,-0.5,False,-225.0
0,1,2.0,3.16523217591329,4.255563888364,225.0,1119,19,0.5,1.0,2.0,1000.0,150.0,75.0,<class 'src.agents.rational.RationalDeveloperAgent'>,,hybrid,-0.5,False,-225.0
0,1,2.0,3.16523217591329,4.255563888364,225.0,1120,20,0.5,1.0,2.0,1000.0,150.0,75.0,<class 'src.agents.rational.RationalDeveloperAgent'>,,hybrid,-0.5,False,-225.0
0,1,2.0,3.16523217591329,4.255563888364,225.0,1121,21,0.5,1.0,2.0,1000.0,150.0,75.0,<class 'src.agents.rational.RationalDeveloperAgent'>,,hybrid,-0.5,False,-225.0
0,1,2.0,3.16523217591329,4.255563888364,225.0,1122,22,0.5,1.0,2.0,1000.0,150.0,75.0,<class 'src.agents.rational.RationalDeveloperAgent'>,,hybrid,-0.5,False,-225.0
0,1,1.0,3.165259483801457,3.7018160344154882,225.0,1123,23,0.5,1.0,2.0,1000.0,150.0,75.0,<class 'src.agents.rational.RationalDeveloperAgent'>,,hybrid,-0.5,False,-225.0
0,1,1.0,3.165259483801457,3.7018160344154882,225.0,1124,24,0.5,1.0,2.0,1000.0,150.0,75.0,<class 'src.agents.rational.RationalDeveloperAgent'>,,hybrid,-0.5,False,-225.0
0,1,2.0,3.16523217591329,4.255563888364,225.0,1125,25,0.5,1.0,2.0,1000.0,150.0,75.0,<class 'src.agents.rational.RationalDeveloperAgent'>,,hybrid,-0.5,False,-225.0
0,1,2.0,3.16523217591329,4.255563888364,225.0,1126,26,0.5,1.0,2.0,1000.0,150.0,75.0,<class 'src.agents.rational.RationalDeveloperAgent'>,,hybrid,-0.5,False,-225.0
0,1,1.0,3.165259483801457,3.7018160344154882,225.0,1127,27,0.5,1.0,2.0,1000.0,150.0,75.0,<class 'src.agents.rational.RationalDeveloperAgent'>,,hybrid,-0.5,False,-225.0
0,1,2.0,3.16523217591329,4.255563888364,225.0,1128,28,0.5,1.0,2.0,1000.0,150.0,75.0,<class 'src.agents.rational.RationalDeveloperAgent'>,,hybrid,-0.5,False,-225.0
0,1,1.0,3.165259483801457,3.7018160344154882,225.0,1129,29,0.5,1.0,2.0,1000.0,150.0,75.0,<class 'src.agents.rational.RationalDeveloperAgent'>,,hybrid,-0.5,False,-225.0
0,1,1.0,3.165259483801457,3.7018160344154882,225.0,1130,30,0.5,1.0,2.0,1000.0,150.0,75.0,<class 'src.agents.rational.RationalDeveloperAgent'>,,hybrid,-0.5,False,-225.0
0,1,1.0,3.165259483801457,3.7018160344154882,225.0,1131,31,0.5,1.0,2.0,1000.0,150.0,75.0,<class 'src.agents.rational.RationalDeveloperAgent'>,,hybrid,-0.5,False,-225.0
0,1,1.0,3.165259483801457,3.7018160344154882,225.0,1132,32,0.5,1.0,2.0,1000.0,150.0,75.0,<class 'src.agents.rational.RationalDeveloperAgent'>,,hybrid,-0.5,False,-225.0
0,1,1.0,3.165259483801457,3.7018160344154882,75.0,1133,33,0.5,1.0,2.0,1000.0,150.0,75.0,<class 'src.agents.rational.RationalDeveloperAgent'>,,hybrid,-0.5,True,-1075.0
0,1,2.0,3.16523217591329,4.255563888364,225.0,1134,34,0.5,1.0,2.0,1000.0,150.0,75.0,<class 'src.agents.rational.RationalDeveloperAgent'>,,hybrid,-0.5,False,-225.0
0,1,2.0,3.16523217591329,4.255563888364,225.0,1135,35,0.5,1.0,2.0,1000.0,150.0,75.0,<class 'src.agents.rational.RationalDeveloperAgent'>,,hybrid,-0.5,False,-225.0
0,1,1.0,3.165259483801457,3.7018160344154882,225.0,1136,36,0.5,1.0,2.0,1000.0,150.0,75.0,<class 'src.agents.rational.RationalDeveloperAgent'>,,hybrid,-0.5,False,-225.0
0,1,1.0,3.165259483801457,3.7018160344154882,225.0,1137,37,0.5,1.0,2.0,1000.0,150.0,75.0,<class 'src.agents.rational.RationalDeveloperAgent'>,,hybrid,-0.5,False,-225.0
0,1,2.0,3.16523217591329,4.255563888364,225.0,1138,38,0.5,1.0,2.0,1000.0,150.0,75.0,<class 'src.agents.rational.RationalDeveloperAgent'>,,hybrid,-0.5,False,-225.0
0,1,2.0,3.16523217591329,4.255563888364,225.0,1139,39,0.5,1.0,2.0,1000.0,150.0,75.0,<class 'src.agents.rational.RationalDeveloperAgent'>,,hybrid,-0.5,False,-225.0
0,1,2.0,3.16523217591329,4.255563888364,225.0,1140,40,0.5,1.0,2.0,1000.0,150.0,75.0,<class 'src.agents.rational.RationalDeveloperAgent'>,,hybrid,-0.5,False,-225.0
0,1,2.0,3.16523217591329,4.255563888364,225.0,1141,41,0.5,1.0,2.0,1000.0,150.0,75.0,<class 'src.agents.rational.RationalDeveloperAgent'>,,hybrid,-0.5,False,-225.0
0,1,2.0,3.16523217591329,4.255563888364,225.0,1142,42,0.5,1.0,2.0,1000.0,150.0,75.0,<class 'src.agents.rational.RationalDeveloperAgent'>,,hybrid,-0.5,False,-225.0
0,1,2.0,3.16523217591329,4.255563888364,150.0,1143,43,0.5,1.0,2.0,1000.0,150.0,75.0,<class 'src.agents.rational.RationalDeveloperAgent'>,,hybrid,-0.5,False,-150.0
0,1,1.0,3.165259483801457,3.7018160344154882,225.0,1144,44,0.5,1.0,2.0,1000.0,150.0,75.0,<class 'src.agents.rational.RationalDeveloperAgent'>,,hybrid,-0.5,False,-225.0
0,1,1.0,3.165259483801457,3.7018160344154882,225.0,1145,45,0.5,1.0,2.0,1000.0,150.0,75.0,<class 'src.agents.rational.RationalDeveloperAgent'>,,hybrid,-0.5,False,-225.0
0,1,1.0,3.165259483801457,3.7018160344154882,225.0,1146,46,0.5,1.0,2.0,1000.0,150.0,75.0,<class 'src.agents.rational.RationalDeveloperAgent'>,,hybrid,-0.5,False,-225.0
0,1,1.0,3.165259483801457,3.7018160344154882,225.0,1147,47,0.5,1.0,2.0,1000.0,150.0,75.0,<class 'src.agents.rational.RationalDeveloperAgent'>,,hybrid,-0.5,False,-225.0
0,1,1.0,3.165259483801457,3.7018160344154882,75.0,1148,48,0.5,1.0,2.0,1000.0,150.0,75.0,<class 'src.agents.rational.RationalDeveloperAgent'>,,hybrid,-0.5,True,-1075.0
0,1,2.0,3.16523217591329,4.255563888364,225.0,1149,49,0.5,1.0,2.0,1000.0,150.0,75.0,<class 'src.agents.rational.RationalDeveloperAgent'>,,hybrid,-0.5,False,-225.0
0,1,1.0,3.165259483801457,3.7018160344154882,225.0,1150,50,0.5,1.0,2.0,1000.0,150.0,75.0,<class 'src.agents.rational.RationalDeveloperAgent'>,,hybrid,-0.5,False,-225.0
0,1,1.0,3.165259483801457,3.7018160344154882,75.0,1151,51,0.5,1.0,2.0,1000.0,150.0,75.0,<class 'src.agents.rational.RationalDeveloperAgent'>,,hybrid,-0.5,True,-1075.0
0,1,1.0,3.165259483801457,3.7018160344154882,225.0,1152,52,0.5,1.0,2.0,1000.0,150.0,75.0,<class 'src.agents.rational.RationalDeveloperAgent'>,,hybrid,-0.5,False,-225.0
0,1,2.0,3.16523217591329,4.255563888364,225.0,1153,53,0.5,1.0,2.0,1000.0,150.0,75.0,<class 'src.agents.rational.RationalDeveloperAgent'>,,hybrid,-0.5,False,-225.0
0,1,2.0,3.16523217591329,4.255563888364,225.0,1154,54,0.5,1.0,2.0,1000.0,150.0,75.0,<class 'src.agents.rational.RationalDeveloperAgent'>,,hybrid,-0.5,False,-225.0
0,1,2.0,3.16523217591329,4.255563888364,225.0,1155,55,0.5,1.0,2.0,1000.0,150.0,75.0,<class 'src.agents.rational.RationalDeveloperAgent'>,,hybrid,-0.5,False,-225.0
0,1,2.0,3.16523217591329,4.255563888364,225.0,1156,56,0.5,1.0,2.0,1000.0,150.0,75.0,<class 'src.agents.rational.RationalDeveloperAgent'>,,hybrid,-0.5,False,-225.0
0,1,1.0,3.165259483801457,3.7018160344154882,225.0,1157,57,0.5,1.0,2.0,1000.0,150.0,75.0,<class 'src.agents.rational.RationalDeveloperAgent'>,,hybrid,-0.5,False,-225.0
0,1,2.0,3.16523217591329,4.255563888364,225.0,1158,58,0.5,1.0,2.0,1000.0,150.0,75.0,<class 'src.agents.rational.RationalDeveloperAgent'>,,hybrid,-0.5,False,-225.0
0,1,2.0,3.16523217591329,4.255563888364,225.0,1159,59,0.5,1.0,2.0,1000.0,150.0,75.0,<class 'src.agents.rational.RationalDeveloperAgent'>,,hybrid,-0.5,False,-225.0
0,1,2.0,3.16523217591329,4.255563888364,225.0,1160,60,0.5,1.0,2.0,1000.0,150.0,75.0,<class 'src.agents.rational.RationalDeveloperAgent'>,,hybrid,-0.5,False,-225.0
0,1,2.0,3.16523217591329,4.255563888364,0.0,1161,61,0.5,1.0,2.0,1000.0,150.0,75.0,<class 'src.agents.rational.RationalDeveloperAgent'>,,hybrid,-0.5,True,-1000.0
0,1,2.0,3.16523217591329,4.255563888364,225.0,1162,62,0.5,1.0,2.0,1000.0,150.0,75.0,<class 'src.agents.rational.RationalDeveloperAgent'>,,hybrid,-0.5,False,-225.0
0,1,1.0,3.165259483801457,3.7018160344154882,225.0,1163,63,0.5,1.0,2.0,1000.0,150.0,75.0,<class 'src.agents.rational.RationalDeveloperAgent'>,,hybrid,-0.5,False,-225.0
0,1,1.0,3.165259483801457,3.7018160344154882,225.0,1164,64,0.5,1.0,2.0,1000.0,150.0,75.0,<class 'src.agents.rational.RationalDeveloperAgent'>,,hybrid,-0.5,False,-225.0
0,1,2.0,3.16523217591329,4.255563888364,225.0,1165,65,0.5,1.0,2.0,1000.0,150.0,75.0,<class 'src.agents.rational.RationalDeveloperAgent'>,,hybrid,-0.5,False,-225.0
0,1,1.0,3.165259483801457,3.7018160344154882,225.0,1166,66,0.5,1.0,2.0,1000.0,150.0,75.0,<class 'src.agents.rational.RationalDeveloperAgent'>,,hybrid,-0.5,False,-225.0
0,1,1.0,3.165259483801457,3.7018160344154882,75.0,1167,67,0.5,1.0,2.0,1000.0,150.0,75.0,<class 'src.agents.rational.RationalDeveloperAgent'>,,hybrid,-0.5,True,-1075.0
0,1,2.0,3.16523217591329,4.255563888364,225.0,1168,68,0.5,1.0,2.0,1000.0,150.0,75.0,<class 'src.agents.rational.RationalDeveloperAgent'>,,hybrid,-0.5,False,-225.0
0,1,1.0,3.165259483801457,3.7018160344154882,75.0,1169,69,0.5,1.0,2.0,1000.0,150.0,75.0,<class 'src.agents.rational.RationalDeveloperAgent'>,,hybrid,-0.5,True,-1075.0
0,1,2.0,3.16523217591329,4.255563888364,225.0,1170,70,0.5,1.0,2.0,1000.0,150.0,75.0,<class 'src.agents.rational.RationalDeveloperAgent'>,,hybrid,-0.5,False,-225.0
0,1,1.0,3.165259483801457,3.7018160344154882,225.0,1171,71,0.5,1.0,2.0,1000.0,150.0,75.0,<class 'src.agents.rational.RationalDeveloperAgent'>,,hybrid,-0.5,False,-225.0
0,1,2.0,3.16523217591329,4.255563888364,225.0,1172,72,0.5,1.0,2.0,1000.0,150.0,75.0,<class 'src.agents.rational.RationalDeveloperAgent'>,,hybrid,-0.5,False,-225.0
0,1,1.0,3.165259483801457,3.7018160344154882,75.0,1173,73,0.5,1.0,2.0,1000.0,150.0,75.0,<class 'src.agents.rational.RationalDeveloperAgent'>,,hybrid,-0.5,True,-1075.0
0,1,1.0,3.165259483801457,3.7018160344154882,225.0,1174,74,0.5,1.0,2.0,1000.0,150.0,75.0,<class 'src.agents.rational.RationalDeveloperAgent'>,,hybrid,-0.5,False,-225.0
0,1,2.0,3.16523217591329,4.255563888364,225.0,1175,75,0.5,1.0,2.0,1000.0,150.0,75.0,<class 'src.agents.rational.RationalDeveloperAgent'>,,hybrid,-0.5,False,-225.0
0,1,1.0,3.165259483801457,3.7018160344154882,225.0,1176,76,0.5,1.0,2.0,1000.0,150.0,75.0,<class 'src.agents.rational.RationalDeveloperAgent'>,,hybrid,-0.5,False,-225.0
0,1,2.0,3.16523217591329,4.255563888364,225.0,1177,77,0.5,1.0,2.0,1000.0,150.0,75.0,<class 'src.agents.rational.RationalDeveloperAgent'>,,hybrid,-0.5,False,-225.0
0,1,2.0,3.16523217591329,4.255563888364,225.0,1178,78,0.5,1.0,2.0,1000.0,150.0,75.0,<class 'src.agents.rational.RationalDeveloperAgent'>,,hybrid,-0.5,False,-225.0
0,1,1.0,3.165259483801457,3.7018160344154882,225.0,1179,79,0.5,1.0,2.0,1000.0,150.0,75.0,<class 'src.agents.rational.RationalDeveloperAgent'>,,hybrid,-0.5,False,-225.0
0,1,1.0,3.165259483801457,3.7018160344154882,0.0,1180,80,0.5,1.0,2.0,1000.0,150.0,75.0,<class 'src.agents.rational.RationalDeveloperAgent'>,,hybrid,-0.5,True,-1000.0
0,1,1.0,3.165259483801457,3.7018160344154882,225.0,1181,81,0.5,1.0,2.0,1000.0,150.0,75.0,<class 'src.agents.rational.RationalDeveloperAgent'>,,hybrid,-0.5,False,-225.0
0,1,2.0,3.16523217591329,4.255563888364,225.0,1182,82,0.5,1.0,2.0,1000.0,150.0,75.0,<class 'src.agents.rational.RationalDeveloperAgent'>,,hybrid,-0.5,False,-225.0
0,1,2.0,3.16523217591329,4.255563888364,75.0,1183,83,0.5,1.0,2.0,1000.0,150.0,75.0,<class 'src.agents.rational.RationalDeveloperAgent'>,,hybrid,-0.5,True,-1075.0
0,1,1.0,3.165259483801457,3.7018160344154882,225.0,1184,84,0.5,1.0,2.0,1000.0,150.0,75.0,<class 'src.agents.rational.RationalDeveloperAgent'>,,hybrid,-0.5,False,-225.0
0,1,2.0,3.16523217591329,4.255563888364,225.0,1185,85,0.5,1.0,2.0,1000.0,150.0,75.0,<class 'src.agents.rational.RationalDeveloperAgent'>,,hybrid,-0.5,False,-225.0
0,1,1.0,3.165259483801457,3.7018160344154882,225.0,1186,86,0.5,1.0,2.0,1000.0,150.0,75.0,<class 'src.agents.rational.RationalDeveloperAgent'>,,hybrid,-0.5,False,-225.0
0,1,2.0,3.16523217591329,4.255563888364,225.0,1187,87,0.5,1.0,2.0,1000.0,150.0,75.0,<class 'src.agents.rational.RationalDeveloperAgent'>,,hybrid,-0.5,False,-225.0
0,1,1.0,3.165259483801457,3.7018160344154882,225.0,1188,88,0.5,1.0,2.0,1000.0,150.0,75.0,<class 'src.agents.rational.RationalDeveloperAgent'>,,hybrid,-0.5,False,-225.0
0,1,1.0,3.165259483801457,3.7018160344154882,225.0,1189,89,0.5,1.0,2.0,1000.0,150.0,75.0,<class 'src.agents.rational.RationalDeveloperAgent'>,,hybrid,-0.5,False,-225.0
0,1,1.0,3.165259483801457,3.7018160344154882,75.0,1190,90,0.5,1.0,2.0,1000.0,150.0,75.0,<class 'src.agents.rational.RationalDeveloperAgent'>,,hybrid,-0.5,True,-1075.0
0,1,2.0,3.16523217591329,4.255563888364,225.0,1191,91,0.5,1.0,2.0,1000.0,150.0,75.0,<class 'src.agents.rational.RationalDeveloperAgent'>,,hybrid,-0.5,False,-225.0
0,1,2.0,3.16523217591329,4.255563888364,225.0,1192,92,0.5,1.0,2.0,1000.0,150.0,75.0,<class 'src.agents.rational.RationalDeveloperAgent'>,,hybrid,-0.5,False,-225.0
0,1,2.0,3.16523217591329,4.255563888364,225.0,1193,93,0.5,1.0,2.0,1000.0,150.0,75.0,<class 'src.agents.rational.RationalDeveloperAgent'>,,hybrid,-0.5,False,-225.0
0,1,1.0,3.165259483801457,3.7018160344154882,225.0,1194,94,0.5,1.0,2.0,1000.0,150.0,75.0,<class 'src.agents.rational.RationalDeveloperAgent'>,,hybrid,-0.5,False,-225.0
0,1,2.0,3.16523217591329,4.255563888364,225.0,1195,95,0.5,1.0,2.0,1000.0,150.0,75.0,<class 'src.agents.rational.RationalDeveloperAgent'>,,hybrid,-0.5,False,-225.0
0,1,2.0,3.16523217591329,4.255563888364,225.0,1196,96,0.5,1.0,2.0,1000.0,150.0,75.0,<class 'src.agents.rational.RationalDeveloperAgent'>,,hybrid,-0.5,False,-225.0
0,1,1.0,3.165259483801457,3.7018160344154882,225.0,1197,97,0.5,1.0,2.0,1000.0,150.0,75.0,<class 'src.agents.rational.RationalDeveloperAgent'>,,hybrid,-0.5,False,-225.0
0,1,2.0,3.16523217591329,4.255563888364,225.0,1198,98,0.5,1.0,2.0,1000.0,150.0,75.0,<class 'src.agents.rational.RationalDeveloperAgent'>,,hybrid,-0.5,False,-225.0
0,1,2.0,3.16523217591329,4.255563888364,225.0,1199,99,0.5,1.0,2.0,1000.0,150.0,75.0,<class 'src.agents.rational.RationalDeveloperAgent'>,,hybrid,-0.5,False,-225.0
