RunId,iteration,contract_type,ActionIndex,Ep,Es,QValue
0,0,optimal,0,0.0,0.0,3.920938424934825e-08
0,0,optimal,1,0.0,2.0,26.726741579804223
0,0,optimal,2,0.0,4.0,33.92403220915246
0,0,optimal,3,1.5,0.0,0.07710384622706064
0,0,optimal,4,1.5,2.0,34.404676119144845
0,0,optimal,5,1.5,4.0,34.39846889729711
0,0,optimal,6,3.0,0.0,0.09143190406413879
0,0,optimal,7,3.0,2.0,25.189488738131395
0,0,optimal,8,3.0,4.0,39.25620524297998
1,1,optimal,0,0.0,0.0,3.929513554931465e-08
1,1,optimal,1,0.0,2.0,33.3954002806943
1,1,optimal,2,0.0,4.0,38.56772742566776
1,1,optimal,3,1.5,0.0,0.07615846971659028
1,1,optimal,4,1.5,2.0,33.19902626482204
1,1,optimal,5,1.5,4.0,35.38412314850175
1,1,optimal,6,3.0,0.0,0.10072467972555417
1,1,optimal,7,3.0,2.0,32.92309024094475
1,1,optimal,8,3.0,4.0,34.79153800076479
2,2,optimal,0,0.0,0.0,3.890234941188746e-08
2,2,optimal,1,0.0,2.0,32.488872916552474
2,2,optimal,2,0.0,4.0,32.42538110876121
2,2,optimal,3,1.5,0.0,0.05839253468123845
2,2,optimal,4,1.5,2.0,33.866302066727926
2,2,optimal,5,1.5,4.0,39.31041737434437
2,2,optimal,6,3.0,0.0,0.09990254622860081
2,2,optimal,7,3.0,2.0,32.83205488697579
2,2,optimal,8,3.0,4.0,32.62631077279347
3,3,optimal,0,0.0,0.0,3.9302997220242986e-08
3,3,optimal,1,0.0,2.0,33.50836215236282
3,3,optimal,2,0.0,4.0,35.644020002203746
3,3,optimal,3,1.5,0.0,0.07506368369247297
3,3,optimal,4,1.5,2.0,31.610410719021445
3,3,optimal,5,1.5,4.0,34.48080845383365
3,3,optimal,6,3.0,0.0,0.09382029066286812
3,3,optimal,7,3.0,2.0,33.83071803425242
3,3,optimal,8,3.0,4.0,39.33739787600439
4,4,optimal,0,0.0,0.0,3.920938424934825e-08
4,4,optimal,1,0.0,2.0,29.375639144801305
4,4,optimal,2,0.0,4.0,38.960797594489144
4,4,optimal,3,1.5,0.0,0.04918259569781598
4,4,optimal,4,1.5,2.0,34.713772413399425
4,4,optimal,5,1.5,4.0,35.77677109417643
4,4,optimal,6,3.0,0.0,0.08953506771586489
4,4,optimal,7,3.0,2.0,35.83133558087506
4,4,optimal,8,3.0,4.0,35.354718785593505
5,5,optimal,0,0.0,0.0,0.0
5,5,optimal,1,0.0,2.0,31.60916295357121
5,5,optimal,2,0.0,4.0,39.23962985142548
5,5,optimal,3,1.5,0.0,0.03675535617114609
5,5,optimal,4,1.5,2.0,34.292977241033576
5,5,optimal,5,1.5,4.0,34.231503885980615
5,5,optimal,6,3.0,0.0,0.06439588953456483
5,5,optimal,7,3.0,2.0,35.40285212160784
5,5,optimal,8,3.0,4.0,34.24104795877502
6,6,optimal,0,0.0,0.0,0.0
6,6,optimal,1,0.0,2.0,34.0123638467072
6,6,optimal,2,0.0,4.0,35.312237237334315
6,6,optimal,3,1.5,0.0,0.04970123972335316
6,6,optimal,4,1.5,2.0,31.258080133667804
6,6,optimal,5,1.5,4.0,34.02781283428748
6,6,optimal,6,3.0,0.0,0.06065937442747695
6,6,optimal,7,3.0,2.0,34.71744392635019
6,6,optimal,8,3.0,4.0,35.762872929014236
7,7,optimal,0,0.0,0.0,0.0
7,7,optimal,1,0.0,2.0,34.95098899863673
7,7,optimal,2,0.0,4.0,39.238332388543434
7,7,optimal,3,1.5,0.0,0.03594940363268253
7,7,optimal,4,1.5,2.0,27.395500657534512
7,7,optimal,5,1.5,4.0,35.75465986791127
7,7,optimal,6,3.0,0.0,0.05943811505106664
7,7,optimal,7,3.0,2.0,27.958592322664582
7,7,optimal,8,3.0,4.0,34.423975435507636
8,8,optimal,0,0.0,0.0,0.0
8,8,optimal,1,0.0,2.0,32.154625356420105
8,8,optimal,2,0.0,4.0,35.46419340318264
8,8,optimal,3,1.5,0.0,0.03866204951968903
8,8,optimal,4,1.5,2.0,30.45090130720459
8,8,optimal,5,1.5,4.0,35.364655550313174
8,8,optimal,6,3.0,0.0,0.050702953417883424
8,8,optimal,7,3.0,2.0,35.5128887798695
8,8,optimal,8,3.0,4.0,39.0553594424255
9,9,optimal,0,0.0,0.0,3.929513554931465e-08
9,9,optimal,1,0.0,2.0,29.173170297575698
9,9,optimal,2,0.0,4.0,38.97580405079118
9,9,optimal,3,1.5,0.0,0.06931388763075201
9,9,optimal,4,1.5,2.0,31.800334797226714
9,9,optimal,5,1.5,4.0,34.13956673945502
9,9,optimal,6,3.0,0.0,0.10058037251728923
9,9,optimal,7,3.0,2.0,31.188799679954133
9,9,optimal,8,3.0,4.0,34.428795617037885
10,10,optimal,0,0.0,0.0,0.0
10,10,optimal,1,0.0,2.0,33.68939170900114
10,10,optimal,2,0.0,4.0,35.707404707290834
10,10,optimal,3,1.5,0.0,0.048281091651895425
10,10,optimal,4,1.5,2.0,33.71630648327567
10,10,optimal,5,1.5,4.0,39.26578091044377
10,10,optimal,6,3.0,0.0,0.05724125194779228
10,10,optimal,7,3.0,2.0,28.809303026390165
10,10,optimal,8,3.0,4.0,35.61249632832924
11,11,optimal,0,0.0,0.0,3.9240614171105694e-08
11,11,optimal,1,0.0,2.0,33.10435335613332
11,11,optimal,2,0.0,4.0,38.53628615789037
11,11,optimal,3,1.5,0.0,0.0689652888686019
11,11,optimal,4,1.5,2.0,33.9079240894603
11,11,optimal,5,1.5,4.0,31.85882800679404
11,11,optimal,6,3.0,0.0,0.09503099800703248
11,11,optimal,7,3.0,2.0,34.11691951492283
11,11,optimal,8,3.0,4.0,34.53745117346545
12,12,optimal,0,0.0,0.0,3.9302997220242986e-08
12,12,optimal,1,0.0,2.0,29.651958213291056
12,12,optimal,2,0.0,4.0,35.553500858344854
12,12,optimal,3,1.5,0.0,0.07282652791601302
12,12,optimal,4,1.5,2.0,30.47765656935661
12,12,optimal,5,1.5,4.0,39.32661313523305
12,12,optimal,6,3.0,0.0,0.0960765755708264
12,12,optimal,7,3.0,2.0,32.64400180837346
12,12,optimal,8,3.0,4.0,36.14521191357992
13,13,optimal,0,0.0,0.0,3.925392797985492e-08
13,13,optimal,1,0.0,2.0,32.32035657752636
13,13,optimal,2,0.0,4.0,32.2143723887053
13,13,optimal,3,1.5,0.0,0.07660062206781858
13,13,optimal,4,1.5,2.0,34.21998139298131
13,13,optimal,5,1.5,4.0,39.3327694815118
13,13,optimal,6,3.0,0.0,0.09008790287449697
13,13,optimal,7,3.0,2.0,31.473413961853264
13,13,optimal,8,3.0,4.0,32.939658164498645
14,14,optimal,0,0.0,0.0,0.0
14,14,optimal,1,0.0,2.0,35.05961381486075
14,14,optimal,2,0.0,4.0,30.455784718046793
14,14,optimal,3,1.5,0.0,0.04328727694096513
14,14,optimal,4,1.5,2.0,33.18778350666996
14,14,optimal,5,1.5,4.0,37.081733510071516
14,14,optimal,6,3.0,0.0,0.06451550833321928
14,14,optimal,7,3.0,2.0,32.92244446095011
14,14,optimal,8,3.0,4.0,34.545580511877745
15,15,optimal,0,0.0,0.0,3.9302997220242986e-08
15,15,optimal,1,0.0,2.0,31.575896664192214
15,15,optimal,2,0.0,4.0,35.163464447835494
15,15,optimal,3,1.5,0.0,0.09158453936681858
15,15,optimal,4,1.5,2.0,32.63438466127935
15,15,optimal,5,1.5,4.0,35.37433468286543
15,15,optimal,6,3.0,0.0,0.09534131778396296
15,15,optimal,7,3.0,2.0,36.484080028001124
15,15,optimal,8,3.0,4.0,32.87864632620621
16,16,optimal,0,0.0,0.0,0.0
16,16,optimal,1,0.0,2.0,28.37530645118869
16,16,optimal,2,0.0,4.0,39.23963512960153
16,16,optimal,3,1.5,0.0,0.05129607754735976
16,16,optimal,4,1.5,2.0,32.885232449652584
16,16,optimal,5,1.5,4.0,35.377209941378666
16,16,optimal,6,3.0,0.0,0.05760246782434053
16,16,optimal,7,3.0,2.0,30.390295799994146
16,16,optimal,8,3.0,4.0,34.23369520346053
17,17,optimal,0,0.0,0.0,0.0
17,17,optimal,1,0.0,2.0,35.38468129824989
17,17,optimal,2,0.0,4.0,35.31563458194306
17,17,optimal,3,1.5,0.0,0.05586510755059846
17,17,optimal,4,1.5,2.0,30.138394145676017
17,17,optimal,5,1.5,4.0,35.346302006472015
17,17,optimal,6,3.0,0.0,0.061975074717297636
17,17,optimal,7,3.0,2.0,32.784567331893314
17,17,optimal,8,3.0,4.0,38.45564036073365
18,18,optimal,0,0.0,0.0,0.0
18,18,optimal,1,0.0,2.0,30.538713677583825
18,18,optimal,2,0.0,4.0,38.91483781729076
18,18,optimal,3,1.5,0.0,0.05243897611682725
18,18,optimal,4,1.5,2.0,32.71472488982044
18,18,optimal,5,1.5,4.0,33.05686334711795
18,18,optimal,6,3.0,0.0,0.05705081978466217
18,18,optimal,7,3.0,2.0,30.575234327891167
18,18,optimal,8,3.0,4.0,33.551467720268256
19,19,optimal,0,0.0,0.0,0.0
19,19,optimal,1,0.0,2.0,34.881611185276576
19,19,optimal,2,0.0,4.0,35.321649857576496
19,19,optimal,3,1.5,0.0,0.04797072101218415
19,19,optimal,4,1.5,2.0,33.729088992156996
19,19,optimal,5,1.5,4.0,34.867870860240004
19,19,optimal,6,3.0,0.0,0.06422904097108419
19,19,optimal,7,3.0,2.0,32.32153587859533
19,19,optimal,8,3.0,4.0,37.56070258623432
20,20,optimal,0,0.0,0.0,3.931644067753043e-08
20,20,optimal,1,0.0,2.0,34.66495102913285
20,20,optimal,2,0.0,4.0,38.42654209484999
20,20,optimal,3,1.5,0.0,0.08054622709066535
20,20,optimal,4,1.5,2.0,33.88049279025862
20,20,optimal,5,1.5,4.0,34.949415502054144
20,20,optimal,6,3.0,0.0,0.0775757214827212
20,20,optimal,7,3.0,2.0,35.06589344978406
20,20,optimal,8,3.0,4.0,34.015525312959966
21,21,optimal,0,0.0,0.0,3.934634030703926e-08
21,21,optimal,1,0.0,2.0,31.83140865172448
21,21,optimal,2,0.0,4.0,33.63025843109297
21,21,optimal,3,1.5,0.0,0.07447919784583552
21,21,optimal,4,1.5,2.0,28.81133930443678
21,21,optimal,5,1.5,4.0,35.323138432185736
21,21,optimal,6,3.0,0.0,0.08483575092537878
21,21,optimal,7,3.0,2.0,34.39368366704181
21,21,optimal,8,3.0,4.0,34.51217839789305
22,22,optimal,0,0.0,0.0,0.0
22,22,optimal,1,0.0,2.0,33.96487936647552
22,22,optimal,2,0.0,4.0,35.57882934418461
22,22,optimal,3,1.5,0.0,0.047031596416763334
22,22,optimal,4,1.5,2.0,33.56401995972183
22,22,optimal,5,1.5,4.0,39.28595319521374
22,22,optimal,6,3.0,0.0,0.0606017297982364
22,22,optimal,7,3.0,2.0,33.679707055128816
22,22,optimal,8,3.0,4.0,35.30685587163601
23,23,optimal,0,0.0,0.0,0.0
23,23,optimal,1,0.0,2.0,30.501798205063647
23,23,optimal,2,0.0,4.0,33.58602494783065
23,23,optimal,3,1.5,0.0,0.04061916615103988
23,23,optimal,4,1.5,2.0,31.826286633202624
23,23,optimal,5,1.5,4.0,39.29205050489427
23,23,optimal,6,3.0,0.0,0.060415726509283875
23,23,optimal,7,3.0,2.0,34.88353845272224
23,23,optimal,8,3.0,4.0,35.76527459579026
24,24,optimal,0,0.0,0.0,0.0
24,24,optimal,1,0.0,2.0,29.175922406353607
24,24,optimal,2,0.0,4.0,36.06122833169919
24,24,optimal,3,1.5,0.0,0.04773201938987967
24,24,optimal,4,1.5,2.0,31.300322738673138
24,24,optimal,5,1.5,4.0,39.28946553192818
24,24,optimal,6,3.0,0.0,0.06355930412002067
24,24,optimal,7,3.0,2.0,27.519945001298403
24,24,optimal,8,3.0,4.0,36.63553213989742
25,25,optimal,0,0.0,0.0,0.0
25,25,optimal,1,0.0,2.0,35.689685212673275
25,25,optimal,2,0.0,4.0,34.86500160708805
25,25,optimal,3,1.5,0.0,0.0426934063265601
25,25,optimal,4,1.5,2.0,29.426821285478624
25,25,optimal,5,1.5,4.0,35.028624834134654
25,25,optimal,6,3.0,0.0,0.059614391581056046
25,25,optimal,7,3.0,2.0,36.30935590521512
25,25,optimal,8,3.0,4.0,39.29907391063247
26,26,optimal,0,0.0,0.0,0.0
26,26,optimal,1,0.0,2.0,36.005665906288954
26,26,optimal,2,0.0,4.0,34.67087914932407
26,26,optimal,3,1.5,0.0,0.06011610912756841
26,26,optimal,4,1.5,2.0,26.695689659162653
26,26,optimal,5,1.5,4.0,39.293768589588204
26,26,optimal,6,3.0,0.0,0.05805829788436523
26,26,optimal,7,3.0,2.0,35.63791048799862
26,26,optimal,8,3.0,4.0,35.35391464786166
27,27,optimal,0,0.0,0.0,3.909539359164388e-08
27,27,optimal,1,0.0,2.0,25.336966599228763
27,27,optimal,2,0.0,4.0,33.128170783913745
27,27,optimal,3,1.5,0.0,0.06037696911288612
27,27,optimal,4,1.5,2.0,33.062514022938394
27,27,optimal,5,1.5,4.0,39.31308399314305
27,27,optimal,6,3.0,0.0,0.08531009787672916
27,27,optimal,7,3.0,2.0,33.175144599478394
27,27,optimal,8,3.0,4.0,33.71813435781074
28,28,optimal,0,0.0,0.0,3.9286400359394287e-08
28,28,optimal,1,0.0,2.0,33.20005511144814
28,28,optimal,2,0.0,4.0,34.65991254330576
28,28,optimal,3,1.5,0.0,0.08400605099134663
28,28,optimal,4,1.5,2.0,31.449661422178472
28,28,optimal,5,1.5,4.0,39.200585252172246
28,28,optimal,6,3.0,0.0,0.08995345754499343
28,28,optimal,7,3.0,2.0,27.23151219103758
28,28,optimal,8,3.0,4.0,35.648245352334115
29,29,optimal,0,0.0,0.0,3.933197211599973e-08
29,29,optimal,1,0.0,2.0,35.44299859555303
29,29,optimal,2,0.0,4.0,36.31476890010407
29,29,optimal,3,1.5,0.0,0.09160875373726472
29,29,optimal,4,1.5,2.0,34.01219556027475
29,29,optimal,5,1.5,4.0,35.40001304262054
29,29,optimal,6,3.0,0.0,0.0933801150720671
29,29,optimal,7,3.0,2.0,34.52509335281741
29,29,optimal,8,3.0,4.0,35.41133952883672
30,30,optimal,0,0.0,0.0,3.919112113720939e-08
30,30,optimal,1,0.0,2.0,29.871910296501994
30,30,optimal,2,0.0,4.0,33.014926934210344
30,30,optimal,3,1.5,0.0,0.09215810261620838
30,30,optimal,4,1.5,2.0,31.983002019070593
30,30,optimal,5,1.5,4.0,34.97213877057539
30,30,optimal,6,3.0,0.0,0.10026593733156851
30,30,optimal,7,3.0,2.0,29.733777769664577
30,30,optimal,8,3.0,4.0,36.47511510002309
31,31,optimal,0,0.0,0.0,3.9286400359394287e-08
31,31,optimal,1,0.0,2.0,31.758821333295675
31,31,optimal,2,0.0,4.0,35.313082919364305
31,31,optimal,3,1.5,0.0,0.0788885932854346
31,31,optimal,4,1.5,2.0,31.837626715091567
31,31,optimal,5,1.5,4.0,35.79371747601646
31,31,optimal,6,3.0,0.0,0.09562678065658978
31,31,optimal,7,3.0,2.0,35.87272334953392
31,31,optimal,8,3.0,4.0,38.747071137417215
32,32,optimal,0,0.0,0.0,0.0
32,32,optimal,1,0.0,2.0,33.63418338748074
32,32,optimal,2,0.0,4.0,33.803249482164645
32,32,optimal,3,1.5,0.0,0.05939729080871507
32,32,optimal,4,1.5,2.0,34.61014097317628
32,32,optimal,5,1.5,4.0,35.34952238229803
32,32,optimal,6,3.0,0.0,0.05726923992202017
32,32,optimal,7,3.0,2.0,25.99807614378798
32,32,optimal,8,3.0,4.0,39.27541427660353
33,33,optimal,0,0.0,0.0,3.9286400359394287e-08
33,33,optimal,1,0.0,2.0,26.94939781397045
33,33,optimal,2,0.0,4.0,32.83934145370413
33,33,optimal,3,1.5,0.0,0.06820913670564444
33,33,optimal,4,1.5,2.0,34.23031843609001
33,33,optimal,5,1.5,4.0,36.99310793958315
33,33,optimal,6,3.0,0.0,0.08673483539954985
33,33,optimal,7,3.0,2.0,28.642128416943972
33,33,optimal,8,3.0,4.0,31.945187465801755
34,34,optimal,0,0.0,0.0,0.0
34,34,optimal,1,0.0,2.0,29.609625720299526
34,34,optimal,2,0.0,4.0,35.23929691335266
34,34,optimal,3,1.5,0.0,0.03595087188610682
34,34,optimal,4,1.5,2.0,34.70910567372607
34,34,optimal,5,1.5,4.0,33.40119728135605
34,34,optimal,6,3.0,0.0,0.059367537261283354
34,34,optimal,7,3.0,2.0,32.72402733359946
34,34,optimal,8,3.0,4.0,39.3039922306247
35,35,optimal,0,0.0,0.0,0.0
35,35,optimal,1,0.0,2.0,31.999862317983073
35,35,optimal,2,0.0,4.0,34.46393689399915
35,35,optimal,3,1.5,0.0,0.0496057696185759
35,35,optimal,4,1.5,2.0,26.734466986002175
35,35,optimal,5,1.5,4.0,39.28731827444167
35,35,optimal,6,3.0,0.0,0.058144475707782056
35,35,optimal,7,3.0,2.0,32.21495974490205
35,35,optimal,8,3.0,4.0,33.546494842071226
36,36,optimal,0,0.0,0.0,0.0
36,36,optimal,1,0.0,2.0,31.616021499207484
36,36,optimal,2,0.0,4.0,34.525931261180936
36,36,optimal,3,1.5,0.0,0.034172140497893605
36,36,optimal,4,1.5,2.0,32.98353874058816
36,36,optimal,5,1.5,4.0,33.66747938293136
36,36,optimal,6,3.0,0.0,0.06166079126953105
36,36,optimal,7,3.0,2.0,31.797681069550464
36,36,optimal,8,3.0,4.0,38.86902419254816
37,37,optimal,0,0.0,0.0,0.0
37,37,optimal,1,0.0,2.0,33.938602850014405
37,37,optimal,2,0.0,4.0,34.46489564781072
37,37,optimal,3,1.5,0.0,0.05398870199459735
37,37,optimal,4,1.5,2.0,25.781082444334608
37,37,optimal,5,1.5,4.0,33.39855935456799
37,37,optimal,6,3.0,0.0,0.06459157242375627
37,37,optimal,7,3.0,2.0,34.021172531528
37,37,optimal,8,3.0,4.0,38.30635519679093
38,38,optimal,0,0.0,0.0,3.899191595276246e-08
38,38,optimal,1,0.0,2.0,25.78623585373234
38,38,optimal,2,0.0,4.0,39.23641605437567
38,38,optimal,3,1.5,0.0,0.08807380788298501
38,38,optimal,4,1.5,2.0,32.08593119426157
38,38,optimal,5,1.5,4.0,36.13326069864263
38,38,optimal,6,3.0,0.0,0.10032679097473608
38,38,optimal,7,3.0,2.0,33.565796550921206
38,38,optimal,8,3.0,4.0,35.80783338913809
39,39,optimal,0,0.0,0.0,3.931644067753043e-08
39,39,optimal,1,0.0,2.0,29.9183147914779
39,39,optimal,2,0.0,4.0,34.40228648365707
39,39,optimal,3,1.5,0.0,0.07481471933451962
39,39,optimal,4,1.5,2.0,33.74405507094836
39,39,optimal,5,1.5,4.0,38.882255451866094
39,39,optimal,6,3.0,0.0,0.09683591861624359
39,39,optimal,7,3.0,2.0,31.97999653885164
39,39,optimal,8,3.0,4.0,34.73898409214083
40,40,optimal,0,0.0,0.0,0.0
40,40,optimal,1,0.0,2.0,35.458876197067696
40,40,optimal,2,0.0,4.0,35.54172190099925
40,40,optimal,3,1.5,0.0,0.05123449811011863
40,40,optimal,4,1.5,2.0,32.90231258901363
40,40,optimal,5,1.5,4.0,39.28320417601026
40,40,optimal,6,3.0,0.0,0.0632140591407446
40,40,optimal,7,3.0,2.0,34.66722496430336
40,40,optimal,8,3.0,4.0,35.3251999109491
41,41,optimal,0,0.0,0.0,3.9302997220242986e-08
41,41,optimal,1,0.0,2.0,31.935830801254966
41,41,optimal,2,0.0,4.0,38.8496879828378
41,41,optimal,3,1.5,0.0,0.08702741824963453
41,41,optimal,4,1.5,2.0,31.168111773807443
41,41,optimal,5,1.5,4.0,33.601062849860035
41,41,optimal,6,3.0,0.0,0.08999380871003503
41,41,optimal,7,3.0,2.0,33.94747188665812
41,41,optimal,8,3.0,4.0,33.892427192059664
42,42,optimal,0,0.0,0.0,3.929513554931465e-08
42,42,optimal,1,0.0,2.0,32.78267643878849
42,42,optimal,2,0.0,4.0,35.30157016468073
42,42,optimal,3,1.5,0.0,0.07147172647735998
42,42,optimal,4,1.5,2.0,33.18791607975437
42,42,optimal,5,1.5,4.0,35.042928430142524
42,42,optimal,6,3.0,0.0,0.10025565136154549
42,42,optimal,7,3.0,2.0,33.79381697900201
42,42,optimal,8,3.0,4.0,39.321067559194894
43,43,optimal,0,0.0,0.0,3.922582105027322e-08
43,43,optimal,1,0.0,2.0,27.040673184618402
43,43,optimal,2,0.0,4.0,35.61851338751002
43,43,optimal,3,1.5,0.0,0.06368882739727103
43,43,optimal,4,1.5,2.0,29.17346912232831
43,43,optimal,5,1.5,4.0,39.32681672245508
43,43,optimal,6,3.0,0.0,0.09452931426513667
43,43,optimal,7,3.0,2.0,33.896226439478745
43,43,optimal,8,3.0,4.0,32.97757792544523
44,44,optimal,0,0.0,0.0,3.931644067753043e-08
44,44,optimal,1,0.0,2.0,31.290526278735086
44,44,optimal,2,0.0,4.0,35.27491617819485
44,44,optimal,3,1.5,0.0,0.07352184845922252
44,44,optimal,4,1.5,2.0,33.01016384432384
44,44,optimal,5,1.5,4.0,39.27007873773655
44,44,optimal,6,3.0,0.0,0.09686947361286402
44,44,optimal,7,3.0,2.0,33.22804589094465
44,44,optimal,8,3.0,4.0,32.92838085217518
45,45,optimal,0,0.0,0.0,0.0
45,45,optimal,1,0.0,2.0,31.766992666344333
45,45,optimal,2,0.0,4.0,31.771875552671915
45,45,optimal,3,1.5,0.0,0.05693553151369863
45,45,optimal,4,1.5,2.0,28.733046008125623
45,45,optimal,5,1.5,4.0,34.236570730494456
45,45,optimal,6,3.0,0.0,0.06095969042411999
45,45,optimal,7,3.0,2.0,32.18118896622984
45,45,optimal,8,3.0,4.0,39.03898788905049
46,46,optimal,0,0.0,0.0,3.9302997220242986e-08
46,46,optimal,1,0.0,2.0,35.25563916348658
46,46,optimal,2,0.0,4.0,35.97571711320637
46,46,optimal,3,1.5,0.0,0.07736859463311911
46,46,optimal,4,1.5,2.0,31.056969397844274
46,46,optimal,5,1.5,4.0,39.3145171694574
46,46,optimal,6,3.0,0.0,0.09799278067064789
46,46,optimal,7,3.0,2.0,33.70621661244008
46,46,optimal,8,3.0,4.0,36.168504094393924
47,47,optimal,0,0.0,0.0,0.0
47,47,optimal,1,0.0,2.0,32.83890543334676
47,47,optimal,2,0.0,4.0,38.85596574526308
47,47,optimal,3,1.5,0.0,0.0589973474994952
47,47,optimal,4,1.5,2.0,32.111244705655274
47,47,optimal,5,1.5,4.0,32.5263456496102
47,47,optimal,6,3.0,0.0,0.0640993730068417
47,47,optimal,7,3.0,2.0,35.115133553289894
47,47,optimal,8,3.0,4.0,34.115579667502764
48,48,optimal,0,0.0,0.0,3.933615013025955e-08
48,48,optimal,1,0.0,2.0,30.98492721076392
48,48,optimal,2,0.0,4.0,34.71742458629806
48,48,optimal,3,1.5,0.0,0.0710083169872807
48,48,optimal,4,1.5,2.0,33.486990371033976
48,48,optimal,5,1.5,4.0,39.04564956377706
48,48,optimal,6,3.0,0.0,0.08824093224728463
48,48,optimal,7,3.0,2.0,30.45520323283102
48,48,optimal,8,3.0,4.0,35.40736325919342
49,49,optimal,0,0.0,0.0,0.0
49,49,optimal,1,0.0,2.0,34.545966661017964
49,49,optimal,2,0.0,4.0,39.054721460516326
49,49,optimal,3,1.5,0.0,0.04652963217302053
49,49,optimal,4,1.5,2.0,34.3883090332541
49,49,optimal,5,1.5,4.0,35.515914218774
49,49,optimal,6,3.0,0.0,0.06263132438634356
49,49,optimal,7,3.0,2.0,30.14167329863655
49,49,optimal,8,3.0,4.0,35.62950762539503
50,50,optimal,0,0.0,0.0,3.929513554931465e-08
50,50,optimal,1,0.0,2.0,32.03106629791875
50,50,optimal,2,0.0,4.0,39.102246405394254
50,50,optimal,3,1.5,0.0,0.08213583401613882
50,50,optimal,4,1.5,2.0,34.991428146067676
50,50,optimal,5,1.5,4.0,34.63579172295969
50,50,optimal,6,3.0,0.0,0.09944468443345787
50,50,optimal,7,3.0,2.0,31.566333494474726
50,50,optimal,8,3.0,4.0,33.89348012570977
51,51,optimal,0,0.0,0.0,3.899191595276246e-08
51,51,optimal,1,0.0,2.0,30.949363176680755
51,51,optimal,2,0.0,4.0,39.18986091338022
51,51,optimal,3,1.5,0.0,0.07581910586091081
51,51,optimal,4,1.5,2.0,30.514799735967358
51,51,optimal,5,1.5,4.0,35.330932153962515
51,51,optimal,6,3.0,0.0,0.09620161562046513
51,51,optimal,7,3.0,2.0,34.120248371426285
51,51,optimal,8,3.0,4.0,35.26305662343036
52,52,optimal,0,0.0,0.0,0.0
52,52,optimal,1,0.0,2.0,28.67240012018275
52,52,optimal,2,0.0,4.0,33.134423665658666
52,52,optimal,3,1.5,0.0,0.047856938376888564
52,52,optimal,4,1.5,2.0,30.651313928405372
52,52,optimal,5,1.5,4.0,33.97468327190955
52,52,optimal,6,3.0,0.0,0.06101141101766827
52,52,optimal,7,3.0,2.0,34.361794089326665
52,52,optimal,8,3.0,4.0,39.248859086938545
53,53,optimal,0,0.0,0.0,3.925392797985492e-08
53,53,optimal,1,0.0,2.0,30.33143153482264
53,53,optimal,2,0.0,4.0,35.93206101559191
53,53,optimal,3,1.5,0.0,0.07320795398591828
53,53,optimal,4,1.5,2.0,31.741312351543304
53,53,optimal,5,1.5,4.0,35.784040718217796
53,53,optimal,6,3.0,0.0,0.09987772361767415
53,53,optimal,7,3.0,2.0,32.2976923489435
53,53,optimal,8,3.0,4.0,39.3371156484374
54,54,optimal,0,0.0,0.0,0.0
54,54,optimal,1,0.0,2.0,30.26892625346158
54,54,optimal,2,0.0,4.0,39.239596962974126
54,54,optimal,3,1.5,0.0,0.04521897746891974
54,54,optimal,4,1.5,2.0,32.706146537899905
54,54,optimal,5,1.5,4.0,35.926110971259924
54,54,optimal,6,3.0,0.0,0.052172783329024135
54,54,optimal,7,3.0,2.0,34.67095209300502
54,54,optimal,8,3.0,4.0,31.478024392108487
55,55,optimal,0,0.0,0.0,0.0
55,55,optimal,1,0.0,2.0,31.851188035858065
55,55,optimal,2,0.0,4.0,38.81028294533716
55,55,optimal,3,1.5,0.0,0.03383065078951299
55,55,optimal,4,1.5,2.0,34.562195798379655
55,55,optimal,5,1.5,4.0,33.29061193827302
55,55,optimal,6,3.0,0.0,0.05970802620705187
55,55,optimal,7,3.0,2.0,29.86951749921327
55,55,optimal,8,3.0,4.0,35.04287016198508
56,56,optimal,0,0.0,0.0,0.0
56,56,optimal,1,0.0,2.0,34.47560494946682
56,56,optimal,2,0.0,4.0,38.43149890161519
56,56,optimal,3,1.5,0.0,0.047255383368044926
56,56,optimal,4,1.5,2.0,32.526840416319274
56,56,optimal,5,1.5,4.0,34.23923367300886
56,56,optimal,6,3.0,0.0,0.0566149609595451
56,56,optimal,7,3.0,2.0,32.510955223865594
56,56,optimal,8,3.0,4.0,34.53306952510543
57,57,optimal,0,0.0,0.0,3.932217183563718e-08
57,57,optimal,1,0.0,2.0,31.50262288326489
57,57,optimal,2,0.0,4.0,32.96326338114831
57,57,optimal,3,1.5,0.0,0.09232046391069251
57,57,optimal,4,1.5,2.0,30.95990764244315
57,57,optimal,5,1.5,4.0,39.252800544936676
57,57,optimal,6,3.0,0.0,0.10074193535990428
57,57,optimal,7,3.0,2.0,29.43597770558993
57,57,optimal,8,3.0,4.0,34.06846385680211
58,58,optimal,0,0.0,0.0,0.0
58,58,optimal,1,0.0,2.0,27.739827236623416
58,58,optimal,2,0.0,4.0,35.315625139511965
58,58,optimal,3,1.5,0.0,0.049782493158517675
58,58,optimal,4,1.5,2.0,33.046914626894115
58,58,optimal,5,1.5,4.0,33.73515924091054
58,58,optimal,6,3.0,0.0,0.0629676650816262
58,58,optimal,7,3.0,2.0,30.18417375775978
58,58,optimal,8,3.0,4.0,39.29758395857271
59,59,optimal,0,0.0,0.0,3.929513554931465e-08
59,59,optimal,1,0.0,2.0,30.5278254390292
59,59,optimal,2,0.0,4.0,39.23587816263074
59,59,optimal,3,1.5,0.0,0.08693765613233018
59,59,optimal,4,1.5,2.0,30.72174262965137
59,59,optimal,5,1.5,4.0,31.997473253930654
59,59,optimal,6,3.0,0.0,0.10058232740842266
59,59,optimal,7,3.0,2.0,27.464177435873477
59,59,optimal,8,3.0,4.0,32.739785799816254
60,60,optimal,0,0.0,0.0,3.9240614171105694e-08
60,60,optimal,1,0.0,2.0,34.2422454322256
60,60,optimal,2,0.0,4.0,37.99810456851326
60,60,optimal,3,1.5,0.0,0.059502503754673024
60,60,optimal,4,1.5,2.0,32.60941400025075
60,60,optimal,5,1.5,4.0,35.06489098435851
60,60,optimal,6,3.0,0.0,0.10045339314386996
60,60,optimal,7,3.0,2.0,34.76185382326024
60,60,optimal,8,3.0,4.0,35.19276058981819
61,61,optimal,0,0.0,0.0,0.0
61,61,optimal,1,0.0,2.0,29.331587146541846
61,61,optimal,2,0.0,4.0,35.14748786818553
61,61,optimal,3,1.5,0.0,0.04836841505710084
61,61,optimal,4,1.5,2.0,35.0457952322211
61,61,optimal,5,1.5,4.0,39.19262717375615
61,61,optimal,6,3.0,0.0,0.06425341926478507
61,61,optimal,7,3.0,2.0,28.89685587388712
61,61,optimal,8,3.0,4.0,34.2524910325764
62,62,optimal,0,0.0,0.0,3.931644067753043e-08
62,62,optimal,1,0.0,2.0,30.727725782125287
62,62,optimal,2,0.0,4.0,35.81816620434734
62,62,optimal,3,1.5,0.0,0.08774679098487533
62,62,optimal,4,1.5,2.0,33.53258935333842
62,62,optimal,5,1.5,4.0,39.30976863430112
62,62,optimal,6,3.0,0.0,0.091033045690977
62,62,optimal,7,3.0,2.0,29.845244775892603
62,62,optimal,8,3.0,4.0,33.88567600134241
63,63,optimal,0,0.0,0.0,0.0
63,63,optimal,1,0.0,2.0,32.29923818243203
63,63,optimal,2,0.0,4.0,35.062629412446285
63,63,optimal,3,1.5,0.0,0.04953124707901342
63,63,optimal,4,1.5,2.0,29.399978459181956
63,63,optimal,5,1.5,4.0,35.163670710316794
63,63,optimal,6,3.0,0.0,0.05955531311310564
63,63,optimal,7,3.0,2.0,34.29616654328635
63,63,optimal,8,3.0,4.0,37.61409099603306
64,64,optimal,0,0.0,0.0,3.9286400359394287e-08
64,64,optimal,1,0.0,2.0,34.3528502936503
64,64,optimal,2,0.0,4.0,35.549217965153225
64,64,optimal,3,1.5,0.0,0.08415909044141541
64,64,optimal,4,1.5,2.0,36.110663135651016
64,64,optimal,5,1.5,4.0,39.32431681527435
64,64,optimal,6,3.0,0.0,0.09826279697787187
64,64,optimal,7,3.0,2.0,33.031585442165415
64,64,optimal,8,3.0,4.0,35.24232861011562
65,65,optimal,0,0.0,0.0,0.0
65,65,optimal,1,0.0,2.0,30.278820667492383
65,65,optimal,2,0.0,4.0,35.541725665307894
65,65,optimal,3,1.5,0.0,0.04253105374790767
65,65,optimal,4,1.5,2.0,32.613710146930465
65,65,optimal,5,1.5,4.0,32.19008644704993
65,65,optimal,6,3.0,0.0,0.06439953564682342
65,65,optimal,7,3.0,2.0,35.82699320283155
65,65,optimal,8,3.0,4.0,39.29968634197412
66,66,optimal,0,0.0,0.0,3.934329453464385e-08
66,66,optimal,1,0.0,2.0,31.870851792580112
66,66,optimal,2,0.0,4.0,33.97343146868947
66,66,optimal,3,1.5,0.0,0.08088929522644665
66,66,optimal,4,1.5,2.0,26.223938646255505
66,66,optimal,5,1.5,4.0,33.31023618694114
66,66,optimal,6,3.0,0.0,0.08433755003665643
66,66,optimal,7,3.0,2.0,33.36308476518774
66,66,optimal,8,3.0,4.0,37.01937531052936
67,67,optimal,0,0.0,0.0,3.932217183563718e-08
67,67,optimal,1,0.0,2.0,34.66759001093985
67,67,optimal,2,0.0,4.0,39.23402499633854
67,67,optimal,3,1.5,0.0,0.07871218107459185
67,67,optimal,4,1.5,2.0,33.91978945329646
67,67,optimal,5,1.5,4.0,35.78801770563846
67,67,optimal,6,3.0,0.0,0.09224465613224744
67,67,optimal,7,3.0,2.0,32.61469958226059
67,67,optimal,8,3.0,4.0,36.157969391870346
68,68,optimal,0,0.0,0.0,0.0
68,68,optimal,1,0.0,2.0,35.22722273758591
68,68,optimal,2,0.0,4.0,29.73954190321969
68,68,optimal,3,1.5,0.0,0.04506552431433735
68,68,optimal,4,1.5,2.0,33.67905568152952
68,68,optimal,5,1.5,4.0,35.36821890122924
68,68,optimal,6,3.0,0.0,0.05602419988116854
68,68,optimal,7,3.0,2.0,30.240286834642927
68,68,optimal,8,3.0,4.0,39.09436158552176
69,69,optimal,0,0.0,0.0,0.0
69,69,optimal,1,0.0,2.0,32.9570846684597
69,69,optimal,2,0.0,4.0,35.315673945277524
69,69,optimal,3,1.5,0.0,0.05700119887609224
69,69,optimal,4,1.5,2.0,35.06933380060644
69,69,optimal,5,1.5,4.0,39.111278115373246
69,69,optimal,6,3.0,0.0,0.06428441645789972
69,69,optimal,7,3.0,2.0,36.124338186829625
69,69,optimal,8,3.0,4.0,35.378988843674406
70,70,optimal,0,0.0,0.0,0.0
70,70,optimal,1,0.0,2.0,33.63255121078225
70,70,optimal,2,0.0,4.0,33.61995157770414
70,70,optimal,3,1.5,0.0,0.04684166749790229
70,70,optimal,4,1.5,2.0,32.00204332738868
70,70,optimal,5,1.5,4.0,38.73237928250168
70,70,optimal,6,3.0,0.0,0.06438797784463766
70,70,optimal,7,3.0,2.0,31.25971336535989
70,70,optimal,8,3.0,4.0,34.83281450326223
71,71,optimal,0,0.0,0.0,0.0
71,71,optimal,1,0.0,2.0,31.81765671512062
71,71,optimal,2,0.0,4.0,39.239639109295865
71,71,optimal,3,1.5,0.0,0.04554922375950748
71,71,optimal,4,1.5,2.0,35.0155207355499
71,71,optimal,5,1.5,4.0,36.5580580355918
71,71,optimal,6,3.0,0.0,0.05847650778553087
71,71,optimal,7,3.0,2.0,35.58008408534883
71,71,optimal,8,3.0,4.0,33.38476599807102
72,72,optimal,0,0.0,0.0,3.9286400359394287e-08
72,72,optimal,1,0.0,2.0,34.90780958398032
72,72,optimal,2,0.0,4.0,36.91862686141942
72,72,optimal,3,1.5,0.0,0.09191157864719296
72,72,optimal,4,1.5,2.0,33.05585381522364
72,72,optimal,5,1.5,4.0,34.86144716418299
72,72,optimal,6,3.0,0.0,0.09393968434709526
72,72,optimal,7,3.0,2.0,34.272999401458364
72,72,optimal,8,3.0,4.0,39.32947309121998
73,73,optimal,0,0.0,0.0,0.0
73,73,optimal,1,0.0,2.0,33.89005207717169
73,73,optimal,2,0.0,4.0,37.15428289534652
73,73,optimal,3,1.5,0.0,0.04126358414951556
73,73,optimal,4,1.5,2.0,32.541914918739536
73,73,optimal,5,1.5,4.0,35.263799157895214
73,73,optimal,6,3.0,0.0,0.06401140704546804
73,73,optimal,7,3.0,2.0,33.96612838926914
73,73,optimal,8,3.0,4.0,35.30972980946614
74,74,optimal,0,0.0,0.0,0.0
74,74,optimal,1,0.0,2.0,30.10515948584439
74,74,optimal,2,0.0,4.0,39.21982357003533
74,74,optimal,3,1.5,0.0,0.06187765699184222
74,74,optimal,4,1.5,2.0,34.33870107363197
74,74,optimal,5,1.5,4.0,33.234786589524
74,74,optimal,6,3.0,0.0,0.06418944741769955
74,74,optimal,7,3.0,2.0,32.14794937171359
74,74,optimal,8,3.0,4.0,34.86920659075843
75,75,optimal,0,0.0,0.0,3.912322945833929e-08
75,75,optimal,1,0.0,2.0,35.784348572677686
75,75,optimal,2,0.0,4.0,38.395271691571196
75,75,optimal,3,1.5,0.0,0.07562645491214852
75,75,optimal,4,1.5,2.0,32.39132042191017
75,75,optimal,5,1.5,4.0,34.618977625321165
75,75,optimal,6,3.0,0.0,0.09847880023934576
75,75,optimal,7,3.0,2.0,24.636361001050208
75,75,optimal,8,3.0,4.0,35.38828999735119
76,76,optimal,0,0.0,0.0,3.914828173836516e-08
76,76,optimal,1,0.0,2.0,33.26252941876116
76,76,optimal,2,0.0,4.0,39.20260669875112
76,76,optimal,3,1.5,0.0,0.08398283755753622
76,76,optimal,4,1.5,2.0,33.25064549557917
76,76,optimal,5,1.5,4.0,33.88116200547763
76,76,optimal,6,3.0,0.0,0.098456917929418
76,76,optimal,7,3.0,2.0,34.101315204592474
76,76,optimal,8,3.0,4.0,35.598759368768
77,77,optimal,0,0.0,0.0,3.9240614171105694e-08
77,77,optimal,1,0.0,2.0,33.7456164562366
77,77,optimal,2,0.0,4.0,35.107715629630235
77,77,optimal,3,1.5,0.0,0.0861241410332982
77,77,optimal,4,1.5,2.0,31.457384448747806
77,77,optimal,5,1.5,4.0,37.86830553091015
77,77,optimal,6,3.0,0.0,0.09886795321005402
77,77,optimal,7,3.0,2.0,33.76333329946688
77,77,optimal,8,3.0,4.0,35.043085258437024
78,78,optimal,0,0.0,0.0,3.933615013025955e-08
78,78,optimal,1,0.0,2.0,30.196673702977783
78,78,optimal,2,0.0,4.0,35.12014686626534
78,78,optimal,3,1.5,0.0,0.08758840004208274
78,78,optimal,4,1.5,2.0,36.059786528622936
78,78,optimal,5,1.5,4.0,39.317072988708006
78,78,optimal,6,3.0,0.0,0.09170362935302735
78,78,optimal,7,3.0,2.0,31.29707807119249
78,78,optimal,8,3.0,4.0,35.264780232347974
79,79,optimal,0,0.0,0.0,0.0
79,79,optimal,1,0.0,2.0,34.763438921856824
79,79,optimal,2,0.0,4.0,32.529415120385195
79,79,optimal,3,1.5,0.0,0.05683858102886052
79,79,optimal,4,1.5,2.0,32.927646599667355
79,79,optimal,5,1.5,4.0,39.154886590898684
79,79,optimal,6,3.0,0.0,0.057331042557744516
79,79,optimal,7,3.0,2.0,33.747075927757166
79,79,optimal,8,3.0,4.0,35.03096816122661
80,80,optimal,0,0.0,0.0,0.0
80,80,optimal,1,0.0,2.0,30.80586827259647
80,80,optimal,2,0.0,4.0,34.24596538156189
80,80,optimal,3,1.5,0.0,0.046156532470057125
80,80,optimal,4,1.5,2.0,28.763142992960624
80,80,optimal,5,1.5,4.0,34.84702128134233
80,80,optimal,6,3.0,0.0,0.06429314704201762
80,80,optimal,7,3.0,2.0,34.9932534061811
80,80,optimal,8,3.0,4.0,39.29319841773788
81,81,optimal,0,0.0,0.0,3.929513554931465e-08
81,81,optimal,1,0.0,2.0,35.17473146662341
81,81,optimal,2,0.0,4.0,35.652569555537575
81,81,optimal,3,1.5,0.0,0.06879093081010046
81,81,optimal,4,1.5,2.0,32.85684057257093
81,81,optimal,5,1.5,4.0,34.795776627232584
81,81,optimal,6,3.0,0.0,0.09762061371811111
81,81,optimal,7,3.0,2.0,31.35459513237037
81,81,optimal,8,3.0,4.0,39.18731283685993
82,82,optimal,0,0.0,0.0,0.0
82,82,optimal,1,0.0,2.0,35.655706193968165
82,82,optimal,2,0.0,4.0,39.23963497995551
82,82,optimal,3,1.5,0.0,0.056865802516712
82,82,optimal,4,1.5,2.0,23.213023546269188
82,82,optimal,5,1.5,4.0,35.75195930255198
82,82,optimal,6,3.0,0.0,0.06166769891586201
82,82,optimal,7,3.0,2.0,32.091257260214796
82,82,optimal,8,3.0,4.0,36.32736241754344
83,83,optimal,0,0.0,0.0,3.903009958334601e-08
83,83,optimal,1,0.0,2.0,32.78327698796058
83,83,optimal,2,0.0,4.0,34.01103329112292
83,83,optimal,3,1.5,0.0,0.09213709619286664
83,83,optimal,4,1.5,2.0,31.4594910871308
83,83,optimal,5,1.5,4.0,33.21440965527871
83,83,optimal,6,3.0,0.0,0.09718580350254086
83,83,optimal,7,3.0,2.0,28.8101583369252
83,83,optimal,8,3.0,4.0,39.33685618516903
84,84,optimal,0,0.0,0.0,3.9302997220242986e-08
84,84,optimal,1,0.0,2.0,35.16635246323568
84,84,optimal,2,0.0,4.0,36.07032130025092
84,84,optimal,3,1.5,0.0,0.09169686508216982
84,84,optimal,4,1.5,2.0,32.5881649074119
84,84,optimal,5,1.5,4.0,39.31908157440719
84,84,optimal,6,3.0,0.0,0.08810870160027927
84,84,optimal,7,3.0,2.0,31.15511455346635
84,84,optimal,8,3.0,4.0,35.0868070228746
85,85,optimal,0,0.0,0.0,3.922582105027322e-08
85,85,optimal,1,0.0,2.0,30.34912914613474
85,85,optimal,2,0.0,4.0,32.47515482663213
85,85,optimal,3,1.5,0.0,0.08495323651764188
85,85,optimal,4,1.5,2.0,35.7338143895628
85,85,optimal,5,1.5,4.0,35.41657549395341
85,85,optimal,6,3.0,0.0,0.0990311649531438
85,85,optimal,7,3.0,2.0,33.898228240290905
85,85,optimal,8,3.0,4.0,39.31262708400062
86,86,optimal,0,0.0,0.0,0.0
86,86,optimal,1,0.0,2.0,29.710994308689106
86,86,optimal,2,0.0,4.0,35.26917768940226
86,86,optimal,3,1.5,0.0,0.041863710724329956
86,86,optimal,4,1.5,2.0,35.14051090856886
86,86,optimal,5,1.5,4.0,39.28629047156913
86,86,optimal,6,3.0,0.0,0.058097544710799795
86,86,optimal,7,3.0,2.0,35.54975889859129
86,86,optimal,8,3.0,4.0,32.8041767791729
87,87,optimal,0,0.0,0.0,0.0
87,87,optimal,1,0.0,2.0,27.83103110156379
87,87,optimal,2,0.0,4.0,36.06095925772379
87,87,optimal,3,1.5,0.0,0.05306036192515835
87,87,optimal,4,1.5,2.0,32.802229876975254
87,87,optimal,5,1.5,4.0,38.55531678419333
87,87,optimal,6,3.0,0.0,0.06470208322357292
87,87,optimal,7,3.0,2.0,36.136740710233894
87,87,optimal,8,3.0,4.0,34.54226700529063
88,88,optimal,0,0.0,0.0,0.0
88,88,optimal,1,0.0,2.0,30.82733177794952
88,88,optimal,2,0.0,4.0,34.06065830913508
88,88,optimal,3,1.5,0.0,0.05489895103598368
88,88,optimal,4,1.5,2.0,32.4274941681776
88,88,optimal,5,1.5,4.0,34.553067419067624
88,88,optimal,6,3.0,0.0,0.055613999140042135
88,88,optimal,7,3.0,2.0,29.299474938575607
88,88,optimal,8,3.0,4.0,39.301033281922145
89,89,optimal,0,0.0,0.0,3.932217183563718e-08
89,89,optimal,1,0.0,2.0,33.74559052539217
89,89,optimal,2,0.0,4.0,32.02084357811306
89,89,optimal,3,1.5,0.0,0.07354530522904429
89,89,optimal,4,1.5,2.0,34.52494176689137
89,89,optimal,5,1.5,4.0,35.4022958407519
89,89,optimal,6,3.0,0.0,0.09978220687468399
89,89,optimal,7,3.0,2.0,32.54854028428384
89,89,optimal,8,3.0,4.0,38.28369853975778
90,90,optimal,0,0.0,0.0,3.922582105027322e-08
90,90,optimal,1,0.0,2.0,33.51179407537586
90,90,optimal,2,0.0,4.0,33.15206860321068
90,90,optimal,3,1.5,0.0,0.07819230837131641
90,90,optimal,4,1.5,2.0,26.57657444347143
90,90,optimal,5,1.5,4.0,39.052238615645784
90,90,optimal,6,3.0,0.0,0.09907875078586521
90,90,optimal,7,3.0,2.0,28.715019194129418
90,90,optimal,8,3.0,4.0,34.41084267634464
91,91,optimal,0,0.0,0.0,3.890234941188746e-08
91,91,optimal,1,0.0,2.0,29.693153956101686
91,91,optimal,2,0.0,4.0,35.892337525509745
91,91,optimal,3,1.5,0.0,0.08899112127732102
91,91,optimal,4,1.5,2.0,31.21192362437203
91,91,optimal,5,1.5,4.0,33.37948319363686
91,91,optimal,6,3.0,0.0,0.10054049503103453
91,91,optimal,7,3.0,2.0,33.36447079003356
91,91,optimal,8,3.0,4.0,34.223538344890116
92,92,optimal,0,0.0,0.0,0.0
92,92,optimal,1,0.0,2.0,33.79000279123812
92,92,optimal,2,0.0,4.0,35.70806691450548
92,92,optimal,3,1.5,0.0,0.047792491394700584
92,92,optimal,4,1.5,2.0,32.293847741601695
92,92,optimal,5,1.5,4.0,39.28820360195025
92,92,optimal,6,3.0,0.0,0.06389891913559255
92,92,optimal,7,3.0,2.0,33.04842278479504
92,92,optimal,8,3.0,4.0,35.29658276476786
93,93,optimal,0,0.0,0.0,3.931644067753043e-08
93,93,optimal,1,0.0,2.0,33.56004902576875
93,93,optimal,2,0.0,4.0,36.05438400617265
93,93,optimal,3,1.5,0.0,0.09134096989226456
93,93,optimal,4,1.5,2.0,30.29219189602563
93,93,optimal,5,1.5,4.0,35.785649113826594
93,93,optimal,6,3.0,0.0,0.09729374336539046
93,93,optimal,7,3.0,2.0,30.81581739981352
93,93,optimal,8,3.0,4.0,39.333322883801145
94,94,optimal,0,0.0,0.0,3.9240614171105694e-08
94,94,optimal,1,0.0,2.0,30.712577242463844
94,94,optimal,2,0.0,4.0,33.82836411288441
94,94,optimal,3,1.5,0.0,0.0674700160625199
94,94,optimal,4,1.5,2.0,31.538038461607112
94,94,optimal,5,1.5,4.0,37.23816899954598
94,94,optimal,6,3.0,0.0,0.08766739915126914
94,94,optimal,7,3.0,2.0,34.93901042327938
94,94,optimal,8,3.0,4.0,34.71472120186257
95,95,optimal,0,0.0,0.0,3.925392797985492e-08
95,95,optimal,1,0.0,2.0,31.830269946193567
95,95,optimal,2,0.0,4.0,38.70680725367236
95,95,optimal,3,1.5,0.0,0.06824440606435164
95,95,optimal,4,1.5,2.0,31.818357604500267
95,95,optimal,5,1.5,4.0,34.50188050801814
95,95,optimal,6,3.0,0.0,0.0983276896570349
95,95,optimal,7,3.0,2.0,35.57272406167421
95,95,optimal,8,3.0,4.0,31.864056071077105
96,96,optimal,0,0.0,0.0,0.0
96,96,optimal,1,0.0,2.0,28.63593663087397
96,96,optimal,2,0.0,4.0,39.237849314753085
96,96,optimal,3,1.5,0.0,0.05834394108308298
96,96,optimal,4,1.5,2.0,30.8098934335707
96,96,optimal,5,1.5,4.0,36.0986144350556
96,96,optimal,6,3.0,0.0,0.05850363816665917
96,96,optimal,7,3.0,2.0,32.12599383533314
96,96,optimal,8,3.0,4.0,36.1252583887455
97,97,optimal,0,0.0,0.0,0.0
97,97,optimal,1,0.0,2.0,32.461942753976814
97,97,optimal,2,0.0,4.0,35.29049228078339
97,97,optimal,3,1.5,0.0,0.05492093189085212
97,97,optimal,4,1.5,2.0,29.52174069711004
97,97,optimal,5,1.5,4.0,36.08399385884706
97,97,optimal,6,3.0,0.0,0.05896849036009787
97,97,optimal,7,3.0,2.0,32.247298929655685
97,97,optimal,8,3.0,4.0,35.21458678770795
98,98,optimal,0,0.0,0.0,0.0
98,98,optimal,1,0.0,2.0,34.82367057324905
98,98,optimal,2,0.0,4.0,34.733338348726804
98,98,optimal,3,1.5,0.0,0.040428706019955615
98,98,optimal,4,1.5,2.0,25.630183642842795
98,98,optimal,5,1.5,4.0,39.29243818305124
98,98,optimal,6,3.0,0.0,0.06400375147123323
98,98,optimal,7,3.0,2.0,25.57230500796834
98,98,optimal,8,3.0,4.0,34.541095208824345
99,99,optimal,0,0.0,0.0,3.926591040772923e-08
99,99,optimal,1,0.0,2.0,31.319582955564496
99,99,optimal,2,0.0,4.0,38.64792848495793
99,99,optimal,3,1.5,0.0,0.06920547992219303
99,99,optimal,4,1.5,2.0,32.193090450141604
99,99,optimal,5,1.5,4.0,35.22624388145768
99,99,optimal,6,3.0,0.0,0.09007349658574844
99,99,optimal,7,3.0,2.0,33.931995750512705
99,99,optimal,8,3.0,4.0,33.39159705388883
100,0,fine,0,0.0,0.0,0.0
100,0,fine,1,0.0,2.0,124.23041848503291
100,0,fine,2,0.0,4.0,130.00011936628152
100,0,fine,3,1.5,0.0,0.0
100,0,fine,4,1.5,2.0,109.6518894916201
100,0,fine,5,1.5,4.0,140.158499750215
100,0,fine,6,3.0,0.0,0.0
100,0,fine,7,3.0,2.0,107.77200351743804
100,0,fine,8,3.0,4.0,134.98210298588762
101,1,fine,0,0.0,0.0,0.0
101,1,fine,1,0.0,2.0,141.28119291204018
101,1,fine,2,0.0,4.0,134.92788815154847
101,1,fine,3,1.5,0.0,0.0
101,1,fine,4,1.5,2.0,122.69371711769027
101,1,fine,5,1.5,4.0,136.49216617354003
101,1,fine,6,3.0,0.0,0.0
101,1,fine,7,3.0,2.0,122.55123200267509
101,1,fine,8,3.0,4.0,110.74261317302924
102,2,fine,0,0.0,0.0,0.0
102,2,fine,1,0.0,2.0,113.28228123920388
102,2,fine,2,0.0,4.0,133.83145513496729
102,2,fine,3,1.5,0.0,0.0
102,2,fine,4,1.5,2.0,126.37022372005762
102,2,fine,5,1.5,4.0,136.47643426387668
102,2,fine,6,3.0,0.0,0.0
102,2,fine,7,3.0,2.0,130.0072437925594
102,2,fine,8,3.0,4.0,148.35871513808308
103,3,fine,0,0.0,0.0,0.0
103,3,fine,1,0.0,2.0,120.5555320939198
103,3,fine,2,0.0,4.0,106.68475688827897
103,3,fine,3,1.5,0.0,0.0
103,3,fine,4,1.5,2.0,115.90430377414202
103,3,fine,5,1.5,4.0,126.84323722060061
103,3,fine,6,3.0,0.0,0.0
103,3,fine,7,3.0,2.0,124.1225581474501
103,3,fine,8,3.0,4.0,149.9999722289161
104,4,fine,0,0.0,0.0,0.0
104,4,fine,1,0.0,2.0,125.88455097513258
104,4,fine,2,0.0,4.0,142.02838079985
104,4,fine,3,1.5,0.0,0.0
104,4,fine,4,1.5,2.0,132.6970632209914
104,4,fine,5,1.5,4.0,134.95115689634784
104,4,fine,6,3.0,0.0,0.0
104,4,fine,7,3.0,2.0,111.08184588296498
104,4,fine,8,3.0,4.0,127.82590041185415
105,5,fine,0,0.0,0.0,0.0
105,5,fine,1,0.0,2.0,137.07182911945367
105,5,fine,2,0.0,4.0,136.49999937423792
105,5,fine,3,1.5,0.0,0.0
105,5,fine,4,1.5,2.0,128.73711248147953
105,5,fine,5,1.5,4.0,132.03864397659854
105,5,fine,6,3.0,0.0,0.0
105,5,fine,7,3.0,2.0,127.7799280433151
105,5,fine,8,3.0,4.0,149.88980879569056
106,6,fine,0,0.0,0.0,0.0
106,6,fine,1,0.0,2.0,126.21706525176245
106,6,fine,2,0.0,4.0,134.8285568560657
106,6,fine,3,1.5,0.0,0.0
106,6,fine,4,1.5,2.0,112.26546893153223
106,6,fine,5,1.5,4.0,133.18375308584336
106,6,fine,6,3.0,0.0,0.0
106,6,fine,7,3.0,2.0,128.81051527949884
106,6,fine,8,3.0,4.0,149.58280734654065
107,7,fine,0,0.0,0.0,0.0
107,7,fine,1,0.0,2.0,120.27834843958928
107,7,fine,2,0.0,4.0,123.94883686058796
107,7,fine,3,1.5,0.0,0.0
107,7,fine,4,1.5,2.0,130.66704753411628
107,7,fine,5,1.5,4.0,128.99241427454513
107,7,fine,6,3.0,0.0,0.0
107,7,fine,7,3.0,2.0,119.6055822691459
107,7,fine,8,3.0,4.0,149.49620895816
108,8,fine,0,0.0,0.0,0.0
108,8,fine,1,0.0,2.0,103.74195058040708
108,8,fine,2,0.0,4.0,149.4069359717971
108,8,fine,3,1.5,0.0,0.0
108,8,fine,4,1.5,2.0,128.25728185722835
108,8,fine,5,1.5,4.0,135.86699489006068
108,8,fine,6,3.0,0.0,0.0
108,8,fine,7,3.0,2.0,109.30361696059288
108,8,fine,8,3.0,4.0,133.8035033262045
109,9,fine,0,0.0,0.0,0.0
109,9,fine,1,0.0,2.0,88.4772696724449
109,9,fine,2,0.0,4.0,134.03681283123575
109,9,fine,3,1.5,0.0,0.0
109,9,fine,4,1.5,2.0,134.43106669262264
109,9,fine,5,1.5,4.0,134.29253304079424
109,9,fine,6,3.0,0.0,0.0
109,9,fine,7,3.0,2.0,96.32197286753745
109,9,fine,8,3.0,4.0,148.14737032075712
110,10,fine,0,0.0,0.0,0.0
110,10,fine,1,0.0,2.0,122.29536328250569
110,10,fine,2,0.0,4.0,146.8559740898023
110,10,fine,3,1.5,0.0,0.0
110,10,fine,4,1.5,2.0,131.5174838997068
110,10,fine,5,1.5,4.0,132.49603368891678
110,10,fine,6,3.0,0.0,0.0
110,10,fine,7,3.0,2.0,129.88528403578536
110,10,fine,8,3.0,4.0,134.6620726596084
111,11,fine,0,0.0,0.0,0.0
111,11,fine,1,0.0,2.0,130.71018727163235
111,11,fine,2,0.0,4.0,134.99810580397505
111,11,fine,3,1.5,0.0,0.0
111,11,fine,4,1.5,2.0,118.98901003754948
111,11,fine,5,1.5,4.0,149.99896076914536
111,11,fine,6,3.0,0.0,0.0
111,11,fine,7,3.0,2.0,132.82655187789405
111,11,fine,8,3.0,4.0,134.9492743498838
112,12,fine,0,0.0,0.0,0.0
112,12,fine,1,0.0,2.0,110.16506965960126
112,12,fine,2,0.0,4.0,148.86761366864687
112,12,fine,3,1.5,0.0,0.0
112,12,fine,4,1.5,2.0,127.54610223835721
112,12,fine,5,1.5,4.0,124.40284407632765
112,12,fine,6,3.0,0.0,0.0
112,12,fine,7,3.0,2.0,125.8177337256155
112,12,fine,8,3.0,4.0,132.4287088222577
113,13,fine,0,0.0,0.0,0.0
113,13,fine,1,0.0,2.0,121.07698272072005
113,13,fine,2,0.0,4.0,133.99527518960832
113,13,fine,3,1.5,0.0,0.0
113,13,fine,4,1.5,2.0,126.78628623184225
113,13,fine,5,1.5,4.0,134.9752492161492
113,13,fine,6,3.0,0.0,0.0
113,13,fine,7,3.0,2.0,118.75528896999712
113,13,fine,8,3.0,4.0,137.33573179870191
114,14,fine,0,0.0,0.0,0.0
114,14,fine,1,0.0,2.0,124.45425625617534
114,14,fine,2,0.0,4.0,133.4405052103236
114,14,fine,3,1.5,0.0,0.0
114,14,fine,4,1.5,2.0,105.34187927297202
114,14,fine,5,1.5,4.0,132.49687783250025
114,14,fine,6,3.0,0.0,0.0
114,14,fine,7,3.0,2.0,120.49155348274553
114,14,fine,8,3.0,4.0,123.38932777659144
115,15,fine,0,0.0,0.0,0.0
115,15,fine,1,0.0,2.0,117.13301841436389
115,15,fine,2,0.0,4.0,133.96514397843816
115,15,fine,3,1.5,0.0,0.0
115,15,fine,4,1.5,2.0,130.685730641066
115,15,fine,5,1.5,4.0,117.03855961016819
115,15,fine,6,3.0,0.0,0.0
115,15,fine,7,3.0,2.0,117.09891944144604
115,15,fine,8,3.0,4.0,145.2799462079686
116,16,fine,0,0.0,0.0,0.0
116,16,fine,1,0.0,2.0,121.53689092141718
116,16,fine,2,0.0,4.0,125.38963719086077
116,16,fine,3,1.5,0.0,0.0
116,16,fine,4,1.5,2.0,125.63179833362479
116,16,fine,5,1.5,4.0,141.1292422569399
116,16,fine,6,3.0,0.0,0.0
116,16,fine,7,3.0,2.0,127.50010155267267
116,16,fine,8,3.0,4.0,127.0267110340719
117,17,fine,0,0.0,0.0,0.0
117,17,fine,1,0.0,2.0,119.86313037896534
117,17,fine,2,0.0,4.0,131.78919981232303
117,17,fine,3,1.5,0.0,0.0
117,17,fine,4,1.5,2.0,130.3801268659891
117,17,fine,5,1.5,4.0,145.2350732418646
117,17,fine,6,3.0,0.0,0.0
117,17,fine,7,3.0,2.0,128.27135996930153
117,17,fine,8,3.0,4.0,131.89051034589227
118,18,fine,0,0.0,0.0,0.0
118,18,fine,1,0.0,2.0,119.24857247489952
118,18,fine,2,0.0,4.0,127.64071482270434
118,18,fine,3,1.5,0.0,0.0
118,18,fine,4,1.5,2.0,120.15580708530739
118,18,fine,5,1.5,4.0,126.9149818004225
118,18,fine,6,3.0,0.0,0.0
118,18,fine,7,3.0,2.0,121.24930741896152
118,18,fine,8,3.0,4.0,149.9936143117221
119,19,fine,0,0.0,0.0,0.0
119,19,fine,1,0.0,2.0,125.59538193382004
119,19,fine,2,0.0,4.0,145.76355694716045
119,19,fine,3,1.5,0.0,0.0
119,19,fine,4,1.5,2.0,134.18093291153718
119,19,fine,5,1.5,4.0,130.76955552871675
119,19,fine,6,3.0,0.0,0.0
119,19,fine,7,3.0,2.0,123.40524812444981
119,19,fine,8,3.0,4.0,131.89290408691258
120,20,fine,0,0.0,0.0,0.0
120,20,fine,1,0.0,2.0,125.03465200861456
120,20,fine,2,0.0,4.0,132.4823882764574
120,20,fine,3,1.5,0.0,0.0
120,20,fine,4,1.5,2.0,127.26708981481232
120,20,fine,5,1.5,4.0,149.86612558639231
120,20,fine,6,3.0,0.0,0.0
120,20,fine,7,3.0,2.0,127.560683473752
120,20,fine,8,3.0,4.0,129.8290584793041
121,21,fine,0,0.0,0.0,0.0
121,21,fine,1,0.0,2.0,139.27584048093303
121,21,fine,2,0.0,4.0,136.48707933021697
121,21,fine,3,1.5,0.0,0.0
121,21,fine,4,1.5,2.0,116.25162046890334
121,21,fine,5,1.5,4.0,134.99595413920252
121,21,fine,6,3.0,0.0,0.0
121,21,fine,7,3.0,2.0,100.22132052417896
121,21,fine,8,3.0,4.0,134.99438753871254
122,22,fine,0,0.0,0.0,0.0
122,22,fine,1,0.0,2.0,133.3233881806559
122,22,fine,2,0.0,4.0,134.997848635925
122,22,fine,3,1.5,0.0,0.0
122,22,fine,4,1.5,2.0,134.04282721112057
122,22,fine,5,1.5,4.0,132.9400634089534
122,22,fine,6,3.0,0.0,0.0
122,22,fine,7,3.0,2.0,137.45803832175824
122,22,fine,8,3.0,4.0,149.99978095282546
123,23,fine,0,0.0,0.0,0.0
123,23,fine,1,0.0,2.0,122.79698822464763
123,23,fine,2,0.0,4.0,127.64249215757175
123,23,fine,3,1.5,0.0,0.0
123,23,fine,4,1.5,2.0,122.25956926903493
123,23,fine,5,1.5,4.0,136.49967719054547
123,23,fine,6,3.0,0.0,0.0
123,23,fine,7,3.0,2.0,134.9143762573941
123,23,fine,8,3.0,4.0,125.99346155328848
124,24,fine,0,0.0,0.0,0.0
124,24,fine,1,0.0,2.0,128.6788274594758
124,24,fine,2,0.0,4.0,133.30570539499323
124,24,fine,3,1.5,0.0,0.0
124,24,fine,4,1.5,2.0,117.13298025625434
124,24,fine,5,1.5,4.0,149.9931482876632
124,24,fine,6,3.0,0.0,0.0
124,24,fine,7,3.0,2.0,116.88292839864751
124,24,fine,8,3.0,4.0,131.80686040235443
125,25,fine,0,0.0,0.0,0.0
125,25,fine,1,0.0,2.0,102.04833107283545
125,25,fine,2,0.0,4.0,134.98888433278034
125,25,fine,3,1.5,0.0,0.0
125,25,fine,4,1.5,2.0,126.89415130460728
125,25,fine,5,1.5,4.0,148.5099510476552
125,25,fine,6,3.0,0.0,0.0
125,25,fine,7,3.0,2.0,116.63594820995745
125,25,fine,8,3.0,4.0,133.96819649999406
126,26,fine,0,0.0,0.0,0.0
126,26,fine,1,0.0,2.0,126.13307914628287
126,26,fine,2,0.0,4.0,131.75250375735573
126,26,fine,3,1.5,0.0,0.0
126,26,fine,4,1.5,2.0,134.3554180483884
126,26,fine,5,1.5,4.0,138.8185980880757
126,26,fine,6,3.0,0.0,0.0
126,26,fine,7,3.0,2.0,127.93238773966492
126,26,fine,8,3.0,4.0,149.99999102285022
127,27,fine,0,0.0,0.0,0.0
127,27,fine,1,0.0,2.0,133.27813589771978
127,27,fine,2,0.0,4.0,129.7698080193946
127,27,fine,3,1.5,0.0,0.0
127,27,fine,4,1.5,2.0,127.16151445428324
127,27,fine,5,1.5,4.0,129.32550521122138
127,27,fine,6,3.0,0.0,0.0
127,27,fine,7,3.0,2.0,129.20991907051118
127,27,fine,8,3.0,4.0,149.32940529264536
128,28,fine,0,0.0,0.0,0.0
128,28,fine,1,0.0,2.0,128.13309834301137
128,28,fine,2,0.0,4.0,134.9999999999986
128,28,fine,3,1.5,0.0,0.0
128,28,fine,4,1.5,2.0,132.8643936778611
128,28,fine,5,1.5,4.0,139.06416564035075
128,28,fine,6,3.0,0.0,0.0
128,28,fine,7,3.0,2.0,119.85884120829442
128,28,fine,8,3.0,4.0,149.7533833101238
129,29,fine,0,0.0,0.0,0.0
129,29,fine,1,0.0,2.0,108.36447892771476
129,29,fine,2,0.0,4.0,134.99983796425363
129,29,fine,3,1.5,0.0,0.0
129,29,fine,4,1.5,2.0,127.37761091901983
129,29,fine,5,1.5,4.0,129.32554411642727
129,29,fine,6,3.0,0.0,0.0
129,29,fine,7,3.0,2.0,122.97320388319166
129,29,fine,8,3.0,4.0,127.94119631187824
130,30,fine,0,0.0,0.0,0.0
130,30,fine,1,0.0,2.0,122.82156182102568
130,30,fine,2,0.0,4.0,132.9890148930744
130,30,fine,3,1.5,0.0,0.0
130,30,fine,4,1.5,2.0,123.01897317344869
130,30,fine,5,1.5,4.0,127.26347166377118
130,30,fine,6,3.0,0.0,0.0
130,30,fine,7,3.0,2.0,134.63624316587226
130,30,fine,8,3.0,4.0,149.6215772409134
131,31,fine,0,0.0,0.0,0.0
131,31,fine,1,0.0,2.0,133.1430730234528
131,31,fine,2,0.0,4.0,135.33922567578705
131,31,fine,3,1.5,0.0,0.0
131,31,fine,4,1.5,2.0,127.9705229895697
131,31,fine,5,1.5,4.0,147.89728754919238
131,31,fine,6,3.0,0.0,0.0
131,31,fine,7,3.0,2.0,133.0703052610033
131,31,fine,8,3.0,4.0,123.89998375307209
132,32,fine,0,0.0,0.0,0.0
132,32,fine,1,0.0,2.0,134.65127382610308
132,32,fine,2,0.0,4.0,149.9999999969976
132,32,fine,3,1.5,0.0,0.0
132,32,fine,4,1.5,2.0,120.4866305954747
132,32,fine,5,1.5,4.0,138.83583062712535
132,32,fine,6,3.0,0.0,0.0
132,32,fine,7,3.0,2.0,135.30906492617916
132,32,fine,8,3.0,4.0,132.87225344501206
133,33,fine,0,0.0,0.0,0.0
133,33,fine,1,0.0,2.0,102.0846350826391
133,33,fine,2,0.0,4.0,137.54610690731403
133,33,fine,3,1.5,0.0,0.0
133,33,fine,4,1.5,2.0,127.74629536599583
133,33,fine,5,1.5,4.0,130.67545937679614
133,33,fine,6,3.0,0.0,0.0
133,33,fine,7,3.0,2.0,126.22017612931664
133,33,fine,8,3.0,4.0,149.12013385679637
134,34,fine,0,0.0,0.0,0.0
134,34,fine,1,0.0,2.0,133.98210340909202
134,34,fine,2,0.0,4.0,136.4999236360559
134,34,fine,3,1.5,0.0,0.0
134,34,fine,4,1.5,2.0,129.56007709718702
134,34,fine,5,1.5,4.0,149.99706445049523
134,34,fine,6,3.0,0.0,0.0
134,34,fine,7,3.0,2.0,137.3559126967871
134,34,fine,8,3.0,4.0,133.17093293126322
135,35,fine,0,0.0,0.0,0.0
135,35,fine,1,0.0,2.0,110.97908790033105
135,35,fine,2,0.0,4.0,134.35677539865983
135,35,fine,3,1.5,0.0,0.0
135,35,fine,4,1.5,2.0,133.3910276551598
135,35,fine,5,1.5,4.0,148.67041223594913
135,35,fine,6,3.0,0.0,0.0
135,35,fine,7,3.0,2.0,131.3685723796364
135,35,fine,8,3.0,4.0,128.54294112978505
136,36,fine,0,0.0,0.0,0.0
136,36,fine,1,0.0,2.0,106.47903629321019
136,36,fine,2,0.0,4.0,134.86346032441276
136,36,fine,3,1.5,0.0,0.0
136,36,fine,4,1.5,2.0,110.92631170043525
136,36,fine,5,1.5,4.0,141.01958091985145
136,36,fine,6,3.0,0.0,0.0
136,36,fine,7,3.0,2.0,82.29335681685743
136,36,fine,8,3.0,4.0,134.99989872673171
137,37,fine,0,0.0,0.0,0.0
137,37,fine,1,0.0,2.0,130.84520745378066
137,37,fine,2,0.0,4.0,131.9699385094248
137,37,fine,3,1.5,0.0,0.0
137,37,fine,4,1.5,2.0,122.90587969788213
137,37,fine,5,1.5,4.0,134.99728825338792
137,37,fine,6,3.0,0.0,0.0
137,37,fine,7,3.0,2.0,135.4467848158274
137,37,fine,8,3.0,4.0,149.98790533028458
138,38,fine,0,0.0,0.0,0.0
138,38,fine,1,0.0,2.0,133.4047410771122
138,38,fine,2,0.0,4.0,128.7830396934916
138,38,fine,3,1.5,0.0,0.0
138,38,fine,4,1.5,2.0,119.86343116693295
138,38,fine,5,1.5,4.0,149.99999785717242
138,38,fine,6,3.0,0.0,0.0
138,38,fine,7,3.0,2.0,117.27784636291443
138,38,fine,8,3.0,4.0,129.81921574035985
139,39,fine,0,0.0,0.0,0.0
139,39,fine,1,0.0,2.0,121.91747241787509
139,39,fine,2,0.0,4.0,136.49992617057148
139,39,fine,3,1.5,0.0,0.0
139,39,fine,4,1.5,2.0,137.60688110911613
139,39,fine,5,1.5,4.0,149.62070918223347
139,39,fine,6,3.0,0.0,0.0
139,39,fine,7,3.0,2.0,110.59520769915628
139,39,fine,8,3.0,4.0,136.49991778254383
140,40,fine,0,0.0,0.0,0.0
140,40,fine,1,0.0,2.0,122.0017650968062
140,40,fine,2,0.0,4.0,149.99999849250713
140,40,fine,3,1.5,0.0,0.0
140,40,fine,4,1.5,2.0,125.96011255821816
140,40,fine,5,1.5,4.0,135.1433727167252
140,40,fine,6,3.0,0.0,0.0
140,40,fine,7,3.0,2.0,116.77017129974502
140,40,fine,8,3.0,4.0,131.2959615132736
141,41,fine,0,0.0,0.0,0.0
141,41,fine,1,0.0,2.0,97.06357666287286
141,41,fine,2,0.0,4.0,133.17103498941384
141,41,fine,3,1.5,0.0,0.0
141,41,fine,4,1.5,2.0,108.85104017447482
141,41,fine,5,1.5,4.0,134.7044462703268
141,41,fine,6,3.0,0.0,0.0
141,41,fine,7,3.0,2.0,131.0034569104397
141,41,fine,8,3.0,4.0,149.6898564220514
142,42,fine,0,0.0,0.0,0.0
142,42,fine,1,0.0,2.0,127.35724269893078
142,42,fine,2,0.0,4.0,128.37284232401748
142,42,fine,3,1.5,0.0,0.0
142,42,fine,4,1.5,2.0,120.51709628660848
142,42,fine,5,1.5,4.0,143.58421303240084
142,42,fine,6,3.0,0.0,0.0
142,42,fine,7,3.0,2.0,127.88311271512303
142,42,fine,8,3.0,4.0,127.02569910426487
143,43,fine,0,0.0,0.0,0.0
143,43,fine,1,0.0,2.0,134.4102721150974
143,43,fine,2,0.0,4.0,138.70082392083506
143,43,fine,3,1.5,0.0,0.0
143,43,fine,4,1.5,2.0,128.39360598342788
143,43,fine,5,1.5,4.0,134.6692914482606
143,43,fine,6,3.0,0.0,0.0
143,43,fine,7,3.0,2.0,113.18165714053248
143,43,fine,8,3.0,4.0,149.99939176111775
144,44,fine,0,0.0,0.0,0.0
144,44,fine,1,0.0,2.0,128.06254810659067
144,44,fine,2,0.0,4.0,149.29281321594033
144,44,fine,3,1.5,0.0,0.0
144,44,fine,4,1.5,2.0,119.07802768911445
144,44,fine,5,1.5,4.0,134.8770207378803
144,44,fine,6,3.0,0.0,0.0
144,44,fine,7,3.0,2.0,115.27703112928567
144,44,fine,8,3.0,4.0,128.00847960824424
145,45,fine,0,0.0,0.0,0.0
145,45,fine,1,0.0,2.0,125.42772742752929
145,45,fine,2,0.0,4.0,148.5219180725945
145,45,fine,3,1.5,0.0,0.0
145,45,fine,4,1.5,2.0,103.53477016649423
145,45,fine,5,1.5,4.0,130.26463585802819
145,45,fine,6,3.0,0.0,0.0
145,45,fine,7,3.0,2.0,128.09606814492588
145,45,fine,8,3.0,4.0,132.49714350458686
146,46,fine,0,0.0,0.0,0.0
146,46,fine,1,0.0,2.0,131.98405197552404
146,46,fine,2,0.0,4.0,134.99994885486316
146,46,fine,3,1.5,0.0,0.0
146,46,fine,4,1.5,2.0,121.40554325007923
146,46,fine,5,1.5,4.0,134.92864312443467
146,46,fine,6,3.0,0.0,0.0
146,46,fine,7,3.0,2.0,134.12356569617333
146,46,fine,8,3.0,4.0,149.7262198948939
147,47,fine,0,0.0,0.0,0.0
147,47,fine,1,0.0,2.0,135.2613140977188
147,47,fine,2,0.0,4.0,132.39503838132026
147,47,fine,3,1.5,0.0,0.0
147,47,fine,4,1.5,2.0,131.45314715625497
147,47,fine,5,1.5,4.0,144.56997974520888
147,47,fine,6,3.0,0.0,0.0
147,47,fine,7,3.0,2.0,127.62897301018417
147,47,fine,8,3.0,4.0,134.34821553155405
148,48,fine,0,0.0,0.0,0.0
148,48,fine,1,0.0,2.0,123.60462872342839
148,48,fine,2,0.0,4.0,149.95891603116263
148,48,fine,3,1.5,0.0,0.0
148,48,fine,4,1.5,2.0,110.89879851841421
148,48,fine,5,1.5,4.0,135.20245745430276
148,48,fine,6,3.0,0.0,0.0
148,48,fine,7,3.0,2.0,120.71903427530277
148,48,fine,8,3.0,4.0,136.49967727878993
149,49,fine,0,0.0,0.0,0.0
149,49,fine,1,0.0,2.0,129.45395045603308
149,49,fine,2,0.0,4.0,130.7896517910328
149,49,fine,3,1.5,0.0,0.0
149,49,fine,4,1.5,2.0,124.37363259261707
149,49,fine,5,1.5,4.0,126.65232451528556
149,49,fine,6,3.0,0.0,0.0
149,49,fine,7,3.0,2.0,126.51713224981707
149,49,fine,8,3.0,4.0,131.18644762941295
150,50,fine,0,0.0,0.0,0.0
150,50,fine,1,0.0,2.0,124.90569293856876
150,50,fine,2,0.0,4.0,149.99999958425076
150,50,fine,3,1.5,0.0,0.0
150,50,fine,4,1.5,2.0,107.95418993114608
150,50,fine,5,1.5,4.0,137.36474425661976
150,50,fine,6,3.0,0.0,0.0
150,50,fine,7,3.0,2.0,128.93334675301136
150,50,fine,8,3.0,4.0,137.84235135036863
151,51,fine,0,0.0,0.0,0.0
151,51,fine,1,0.0,2.0,128.07786897560302
151,51,fine,2,0.0,4.0,149.2054976356723
151,51,fine,3,1.5,0.0,0.0
151,51,fine,4,1.5,2.0,116.85678567836199
151,51,fine,5,1.5,4.0,135.86412980915796
151,51,fine,6,3.0,0.0,0.0
151,51,fine,7,3.0,2.0,122.93541404342281
151,51,fine,8,3.0,4.0,134.99949557007267
152,52,fine,0,0.0,0.0,0.0
152,52,fine,1,0.0,2.0,122.13666187623764
152,52,fine,2,0.0,4.0,134.981428785632
152,52,fine,3,1.5,0.0,0.0
152,52,fine,4,1.5,2.0,111.39488520328224
152,52,fine,5,1.5,4.0,136.8808376178461
152,52,fine,6,3.0,0.0,0.0
152,52,fine,7,3.0,2.0,132.0578309997719
152,52,fine,8,3.0,4.0,149.29051608608933
153,53,fine,0,0.0,0.0,0.0
153,53,fine,1,0.0,2.0,119.30810616685275
153,53,fine,2,0.0,4.0,149.07426492130537
153,53,fine,3,1.5,0.0,0.0
153,53,fine,4,1.5,2.0,122.82161984298648
153,53,fine,5,1.5,4.0,117.56913196063269
153,53,fine,6,3.0,0.0,0.0
153,53,fine,7,3.0,2.0,118.21173605014909
153,53,fine,8,3.0,4.0,118.31597149273233
154,54,fine,0,0.0,0.0,0.0
154,54,fine,1,0.0,2.0,135.71742054558686
154,54,fine,2,0.0,4.0,149.91938381191056
154,54,fine,3,1.5,0.0,0.0
154,54,fine,4,1.5,2.0,121.3956172472811
154,54,fine,5,1.5,4.0,132.16049650217332
154,54,fine,6,3.0,0.0,0.0
154,54,fine,7,3.0,2.0,128.68033590827056
154,54,fine,8,3.0,4.0,134.9999985030537
155,55,fine,0,0.0,0.0,0.0
155,55,fine,1,0.0,2.0,129.21239552181513
155,55,fine,2,0.0,4.0,134.9281844193114
155,55,fine,3,1.5,0.0,0.0
155,55,fine,4,1.5,2.0,99.10400993157134
155,55,fine,5,1.5,4.0,149.99217532471408
155,55,fine,6,3.0,0.0,0.0
155,55,fine,7,3.0,2.0,125.45566364508274
155,55,fine,8,3.0,4.0,131.0929932777496
156,56,fine,0,0.0,0.0,0.0
156,56,fine,1,0.0,2.0,124.71687056666579
156,56,fine,2,0.0,4.0,129.87836473552105
156,56,fine,3,1.5,0.0,0.0
156,56,fine,4,1.5,2.0,124.05276077334416
156,56,fine,5,1.5,4.0,136.34002367858398
156,56,fine,6,3.0,0.0,0.0
156,56,fine,7,3.0,2.0,134.63845750644165
156,56,fine,8,3.0,4.0,149.99978597679723
157,57,fine,0,0.0,0.0,0.0
157,57,fine,1,0.0,2.0,123.8526376368923
157,57,fine,2,0.0,4.0,127.0349631930763
157,57,fine,3,1.5,0.0,0.0
157,57,fine,4,1.5,2.0,134.05510549187073
157,57,fine,5,1.5,4.0,149.99999983620373
157,57,fine,6,3.0,0.0,0.0
157,57,fine,7,3.0,2.0,131.20993933845082
157,57,fine,8,3.0,4.0,135.84406968076968
158,58,fine,0,0.0,0.0,0.0
158,58,fine,1,0.0,2.0,116.42818606716388
158,58,fine,2,0.0,4.0,133.72430722538917
158,58,fine,3,1.5,0.0,0.0
158,58,fine,4,1.5,2.0,129.113494105956
158,58,fine,5,1.5,4.0,131.522828786791
158,58,fine,6,3.0,0.0,0.0
158,58,fine,7,3.0,2.0,119.75015875108515
158,58,fine,8,3.0,4.0,141.11267897656447
159,59,fine,0,0.0,0.0,0.0
159,59,fine,1,0.0,2.0,126.41514563671176
159,59,fine,2,0.0,4.0,137.01288804979473
159,59,fine,3,1.5,0.0,0.0
159,59,fine,4,1.5,2.0,103.6949246288854
159,59,fine,5,1.5,4.0,134.99999999998974
159,59,fine,6,3.0,0.0,0.0
159,59,fine,7,3.0,2.0,126.50299161205717
159,59,fine,8,3.0,4.0,149.99990087675792
160,60,fine,0,0.0,0.0,0.0
160,60,fine,1,0.0,2.0,127.16495651215192
160,60,fine,2,0.0,4.0,131.17438310993592
160,60,fine,3,1.5,0.0,0.0
160,60,fine,4,1.5,2.0,118.47025705101882
160,60,fine,5,1.5,4.0,142.6786440003464
160,60,fine,6,3.0,0.0,0.0
160,60,fine,7,3.0,2.0,133.14781240878705
160,60,fine,8,3.0,4.0,134.02466231296123
161,61,fine,0,0.0,0.0,0.0
161,61,fine,1,0.0,2.0,122.7667466509655
161,61,fine,2,0.0,4.0,135.3311073980285
161,61,fine,3,1.5,0.0,0.0
161,61,fine,4,1.5,2.0,122.33851965480241
161,61,fine,5,1.5,4.0,126.9147854354715
161,61,fine,6,3.0,0.0,0.0
161,61,fine,7,3.0,2.0,121.86393509576234
161,61,fine,8,3.0,4.0,149.9999990178693
162,62,fine,0,0.0,0.0,0.0
162,62,fine,1,0.0,2.0,117.52365303857013
162,62,fine,2,0.0,4.0,123.38804871406737
162,62,fine,3,1.5,0.0,0.0
162,62,fine,4,1.5,2.0,110.61466298015074
162,62,fine,5,1.5,4.0,141.42852762407253
162,62,fine,6,3.0,0.0,0.0
162,62,fine,7,3.0,2.0,114.98826052176719
162,62,fine,8,3.0,4.0,127.74663165660637
163,63,fine,0,0.0,0.0,0.0
163,63,fine,1,0.0,2.0,106.3231584396635
163,63,fine,2,0.0,4.0,149.99999559484644
163,63,fine,3,1.5,0.0,0.0
163,63,fine,4,1.5,2.0,128.57912083854802
163,63,fine,5,1.5,4.0,136.02520592729476
163,63,fine,6,3.0,0.0,0.0
163,63,fine,7,3.0,2.0,133.9224844252508
163,63,fine,8,3.0,4.0,135.82336660589934
164,64,fine,0,0.0,0.0,0.0
164,64,fine,1,0.0,2.0,134.6093068833304
164,64,fine,2,0.0,4.0,136.47568486319003
164,64,fine,3,1.5,0.0,0.0
164,64,fine,4,1.5,2.0,124.18331463341889
164,64,fine,5,1.5,4.0,147.02430449304032
164,64,fine,6,3.0,0.0,0.0
164,64,fine,7,3.0,2.0,133.24628494972202
164,64,fine,8,3.0,4.0,136.499263461901
165,65,fine,0,0.0,0.0,0.0
165,65,fine,1,0.0,2.0,116.95417081433862
165,65,fine,2,0.0,4.0,131.30114638947745
165,65,fine,3,1.5,0.0,0.0
165,65,fine,4,1.5,2.0,112.00314166605627
165,65,fine,5,1.5,4.0,133.99839407760257
165,65,fine,6,3.0,0.0,0.0
165,65,fine,7,3.0,2.0,130.1142806789813
165,65,fine,8,3.0,4.0,148.803499753702
166,66,fine,0,0.0,0.0,0.0
166,66,fine,1,0.0,2.0,116.35678680650041
166,66,fine,2,0.0,4.0,149.99999961754457
166,66,fine,3,1.5,0.0,0.0
166,66,fine,4,1.5,2.0,131.99850033151736
166,66,fine,5,1.5,4.0,133.67690938144239
166,66,fine,6,3.0,0.0,0.0
166,66,fine,7,3.0,2.0,118.03939808078111
166,66,fine,8,3.0,4.0,121.52791460231019
167,67,fine,0,0.0,0.0,0.0
167,67,fine,1,0.0,2.0,118.22450354341115
167,67,fine,2,0.0,4.0,149.99999376845835
167,67,fine,3,1.5,0.0,0.0
167,67,fine,4,1.5,2.0,110.98610121625765
167,67,fine,5,1.5,4.0,131.265943579773
167,67,fine,6,3.0,0.0,0.0
167,67,fine,7,3.0,2.0,136.16106244306468
167,67,fine,8,3.0,4.0,123.42435138287674
168,68,fine,0,0.0,0.0,0.0
168,68,fine,1,0.0,2.0,128.90350020259004
168,68,fine,2,0.0,4.0,129.30589537687118
168,68,fine,3,1.5,0.0,0.0
168,68,fine,4,1.5,2.0,111.2549071064818
168,68,fine,5,1.5,4.0,149.99894557332038
168,68,fine,6,3.0,0.0,0.0
168,68,fine,7,3.0,2.0,135.59205695051273
168,68,fine,8,3.0,4.0,131.10789142875325
169,69,fine,0,0.0,0.0,0.0
169,69,fine,1,0.0,2.0,104.289763561759
169,69,fine,2,0.0,4.0,131.6097399541899
169,69,fine,3,1.5,0.0,0.0
169,69,fine,4,1.5,2.0,128.411483754706
169,69,fine,5,1.5,4.0,131.77722577656272
169,69,fine,6,3.0,0.0,0.0
169,69,fine,7,3.0,2.0,128.98311948875357
169,69,fine,8,3.0,4.0,149.3640841870527
170,70,fine,0,0.0,0.0,0.0
170,70,fine,1,0.0,2.0,123.61745123838607
170,70,fine,2,0.0,4.0,149.99997963130429
170,70,fine,3,1.5,0.0,0.0
170,70,fine,4,1.5,2.0,109.39226791797594
170,70,fine,5,1.5,4.0,138.8978631899598
170,70,fine,6,3.0,0.0,0.0
170,70,fine,7,3.0,2.0,129.7490805801227
170,70,fine,8,3.0,4.0,133.34694950255394
171,71,fine,0,0.0,0.0,0.0
171,71,fine,1,0.0,2.0,133.59901783956238
171,71,fine,2,0.0,4.0,147.22041263362175
171,71,fine,3,1.5,0.0,0.0
171,71,fine,4,1.5,2.0,130.3505124008769
171,71,fine,5,1.5,4.0,134.99594987221013
171,71,fine,6,3.0,0.0,0.0
171,71,fine,7,3.0,2.0,119.862794000098
171,71,fine,8,3.0,4.0,134.99999999949665
172,72,fine,0,0.0,0.0,0.0
172,72,fine,1,0.0,2.0,124.75522581942812
172,72,fine,2,0.0,4.0,134.8821671917183
172,72,fine,3,1.5,0.0,0.0
172,72,fine,4,1.5,2.0,130.68863206239334
172,72,fine,5,1.5,4.0,149.40700713588635
172,72,fine,6,3.0,0.0,0.0
172,72,fine,7,3.0,2.0,120.02558895875576
172,72,fine,8,3.0,4.0,126.41414014415238
173,73,fine,0,0.0,0.0,0.0
173,73,fine,1,0.0,2.0,118.45982163595093
173,73,fine,2,0.0,4.0,133.16105396348445
173,73,fine,3,1.5,0.0,0.0
173,73,fine,4,1.5,2.0,126.28592127136123
173,73,fine,5,1.5,4.0,136.47965709288013
173,73,fine,6,3.0,0.0,0.0
173,73,fine,7,3.0,2.0,109.53436154149976
173,73,fine,8,3.0,4.0,149.99999410919682
174,74,fine,0,0.0,0.0,0.0
174,74,fine,1,0.0,2.0,130.92233067210645
174,74,fine,2,0.0,4.0,132.70573772144934
174,74,fine,3,1.5,0.0,0.0
174,74,fine,4,1.5,2.0,111.00129021921235
174,74,fine,5,1.5,4.0,137.849999619506
174,74,fine,6,3.0,0.0,0.0
174,74,fine,7,3.0,2.0,130.85006944087658
174,74,fine,8,3.0,4.0,132.60535864610804
175,75,fine,0,0.0,0.0,0.0
175,75,fine,1,0.0,2.0,130.98586439345257
175,75,fine,2,0.0,4.0,134.2149785501837
175,75,fine,3,1.5,0.0,0.0
175,75,fine,4,1.5,2.0,124.90563837310242
175,75,fine,5,1.5,4.0,133.67055928199719
175,75,fine,6,3.0,0.0,0.0
175,75,fine,7,3.0,2.0,111.02000115865813
175,75,fine,8,3.0,4.0,135.83691074662812
176,76,fine,0,0.0,0.0,0.0
176,76,fine,1,0.0,2.0,97.49522810230394
176,76,fine,2,0.0,4.0,137.73947941851122
176,76,fine,3,1.5,0.0,0.0
176,76,fine,4,1.5,2.0,144.56054949294514
176,76,fine,5,1.5,4.0,134.9967228735164
176,76,fine,6,3.0,0.0,0.0
176,76,fine,7,3.0,2.0,135.62968113461508
176,76,fine,8,3.0,4.0,132.18681239696238
177,77,fine,0,0.0,0.0,0.0
177,77,fine,1,0.0,2.0,133.14360994671094
177,77,fine,2,0.0,4.0,149.97816632111696
177,77,fine,3,1.5,0.0,0.0
177,77,fine,4,1.5,2.0,119.30482464226708
177,77,fine,5,1.5,4.0,136.49774106132284
177,77,fine,6,3.0,0.0,0.0
177,77,fine,7,3.0,2.0,136.55103565247506
177,77,fine,8,3.0,4.0,137.80891606832373
178,78,fine,0,0.0,0.0,0.0
178,78,fine,1,0.0,2.0,125.42886454974845
178,78,fine,2,0.0,4.0,143.6592669422639
178,78,fine,3,1.5,0.0,0.0
178,78,fine,4,1.5,2.0,115.2689881760291
178,78,fine,5,1.5,4.0,128.89656885173508
178,78,fine,6,3.0,0.0,0.0
178,78,fine,7,3.0,2.0,121.98936881152295
178,78,fine,8,3.0,4.0,129.16247582230744
179,79,fine,0,0.0,0.0,0.0
179,79,fine,1,0.0,2.0,113.03973220159257
179,79,fine,2,0.0,4.0,133.1253860887208
179,79,fine,3,1.5,0.0,0.0
179,79,fine,4,1.5,2.0,120.73618232479224
179,79,fine,5,1.5,4.0,130.22315447293894
179,79,fine,6,3.0,0.0,0.0
179,79,fine,7,3.0,2.0,104.59246865547522
179,79,fine,8,3.0,4.0,149.08665864376718
180,80,fine,0,0.0,0.0,0.0
180,80,fine,1,0.0,2.0,116.84823818472418
180,80,fine,2,0.0,4.0,127.85271199587747
180,80,fine,3,1.5,0.0,0.0
180,80,fine,4,1.5,2.0,130.54242687572332
180,80,fine,5,1.5,4.0,148.75273403645366
180,80,fine,6,3.0,0.0,0.0
180,80,fine,7,3.0,2.0,123.98959199892685
180,80,fine,8,3.0,4.0,133.1626009061297
181,81,fine,0,0.0,0.0,0.0
181,81,fine,1,0.0,2.0,113.41829263813366
181,81,fine,2,0.0,4.0,149.93041320441617
181,81,fine,3,1.5,0.0,0.0
181,81,fine,4,1.5,2.0,102.90892425247172
181,81,fine,5,1.5,4.0,127.9839542709526
181,81,fine,6,3.0,0.0,0.0
181,81,fine,7,3.0,2.0,119.98961536597805
181,81,fine,8,3.0,4.0,133.25154196668169
182,82,fine,0,0.0,0.0,0.0
182,82,fine,1,0.0,2.0,134.29614154549603
182,82,fine,2,0.0,4.0,134.99999552007142
182,82,fine,3,1.5,0.0,0.0
182,82,fine,4,1.5,2.0,118.10527221066114
182,82,fine,5,1.5,4.0,145.92970556528562
182,82,fine,6,3.0,0.0,0.0
182,82,fine,7,3.0,2.0,136.49954718260392
182,82,fine,8,3.0,4.0,125.55115409830638
183,83,fine,0,0.0,0.0,0.0
183,83,fine,1,0.0,2.0,114.78109986570465
183,83,fine,2,0.0,4.0,136.49725239681382
183,83,fine,3,1.5,0.0,0.0
183,83,fine,4,1.5,2.0,110.03897929141299
183,83,fine,5,1.5,4.0,149.54725854771524
183,83,fine,6,3.0,0.0,0.0
183,83,fine,7,3.0,2.0,135.90191309036484
183,83,fine,8,3.0,4.0,136.49999961949229
184,84,fine,0,0.0,0.0,0.0
184,84,fine,1,0.0,2.0,117.36213549507012
184,84,fine,2,0.0,4.0,134.98217540043717
184,84,fine,3,1.5,0.0,0.0
184,84,fine,4,1.5,2.0,121.99864681339261
184,84,fine,5,1.5,4.0,144.1886188367744
184,84,fine,6,3.0,0.0,0.0
184,84,fine,7,3.0,2.0,123.99516524210304
184,84,fine,8,3.0,4.0,134.9840663612928
185,85,fine,0,0.0,0.0,0.0
185,85,fine,1,0.0,2.0,134.2788432300652
185,85,fine,2,0.0,4.0,149.99973375444117
185,85,fine,3,1.5,0.0,0.0
185,85,fine,4,1.5,2.0,132.13363847967128
185,85,fine,5,1.5,4.0,124.02718831086729
185,85,fine,6,3.0,0.0,0.0
185,85,fine,7,3.0,2.0,117.22143177795802
185,85,fine,8,3.0,4.0,135.76358918210963
186,86,fine,0,0.0,0.0,0.0
186,86,fine,1,0.0,2.0,125.76024626925262
186,86,fine,2,0.0,4.0,134.98207815550043
186,86,fine,3,1.5,0.0,0.0
186,86,fine,4,1.5,2.0,137.55977880922228
186,86,fine,5,1.5,4.0,136.49635875832132
186,86,fine,6,3.0,0.0,0.0
186,86,fine,7,3.0,2.0,118.6272636061872
186,86,fine,8,3.0,4.0,147.27670950092852
187,87,fine,0,0.0,0.0,0.0
187,87,fine,1,0.0,2.0,127.03797470847212
187,87,fine,2,0.0,4.0,149.91222859476125
187,87,fine,3,1.5,0.0,0.0
187,87,fine,4,1.5,2.0,135.28189942037633
187,87,fine,5,1.5,4.0,134.9249913437468
187,87,fine,6,3.0,0.0,0.0
187,87,fine,7,3.0,2.0,126.82278840253632
187,87,fine,8,3.0,4.0,134.99881554909072
188,88,fine,0,0.0,0.0,0.0
188,88,fine,1,0.0,2.0,132.11426578184398
188,88,fine,2,0.0,4.0,120.17055928183468
188,88,fine,3,1.5,0.0,0.0
188,88,fine,4,1.5,2.0,103.50856410719098
188,88,fine,5,1.5,4.0,134.01954749721898
188,88,fine,6,3.0,0.0,0.0
188,88,fine,7,3.0,2.0,126.76800599909492
188,88,fine,8,3.0,4.0,149.9630242738455
189,89,fine,0,0.0,0.0,0.0
189,89,fine,1,0.0,2.0,129.6769128657909
189,89,fine,2,0.0,4.0,148.51939500318787
189,89,fine,3,1.5,0.0,0.0
189,89,fine,4,1.5,2.0,125.91439650441038
189,89,fine,5,1.5,4.0,134.75814726221108
189,89,fine,6,3.0,0.0,0.0
189,89,fine,7,3.0,2.0,130.8636081763797
189,89,fine,8,3.0,4.0,134.9598701671198
190,90,fine,0,0.0,0.0,0.0
190,90,fine,1,0.0,2.0,130.85646542313498
190,90,fine,2,0.0,4.0,149.9999999999526
190,90,fine,3,1.5,0.0,0.0
190,90,fine,4,1.5,2.0,126.97743376690933
190,90,fine,5,1.5,4.0,119.97834612353854
190,90,fine,6,3.0,0.0,0.0
190,90,fine,7,3.0,2.0,98.59889281991488
190,90,fine,8,3.0,4.0,132.68168284507934
191,91,fine,0,0.0,0.0,0.0
191,91,fine,1,0.0,2.0,119.7847061254824
191,91,fine,2,0.0,4.0,130.2838251760164
191,91,fine,3,1.5,0.0,0.0
191,91,fine,4,1.5,2.0,111.47087435895267
191,91,fine,5,1.5,4.0,130.9896803112043
191,91,fine,6,3.0,0.0,0.0
191,91,fine,7,3.0,2.0,112.17384918319459
191,91,fine,8,3.0,4.0,147.96067020676426
192,92,fine,0,0.0,0.0,0.0
192,92,fine,1,0.0,2.0,128.29662824826914
192,92,fine,2,0.0,4.0,130.33198182749726
192,92,fine,3,1.5,0.0,0.0
192,92,fine,4,1.5,2.0,129.7748544433263
192,92,fine,5,1.5,4.0,131.74294977856331
192,92,fine,6,3.0,0.0,0.0
192,92,fine,7,3.0,2.0,126.4673328168162
192,92,fine,8,3.0,4.0,149.48493938594055
193,93,fine,0,0.0,0.0,0.0
193,93,fine,1,0.0,2.0,112.04467126918324
193,93,fine,2,0.0,4.0,124.68285920025801
193,93,fine,3,1.5,0.0,0.0
193,93,fine,4,1.5,2.0,126.61452953811838
193,93,fine,5,1.5,4.0,126.91499999993937
193,93,fine,6,3.0,0.0,0.0
193,93,fine,7,3.0,2.0,122.84722063322137
193,93,fine,8,3.0,4.0,149.9997062033738
194,94,fine,0,0.0,0.0,0.0
194,94,fine,1,0.0,2.0,123.14447150350972
194,94,fine,2,0.0,4.0,149.99843256485437
194,94,fine,3,1.5,0.0,0.0
194,94,fine,4,1.5,2.0,130.70448541242104
194,94,fine,5,1.5,4.0,132.74858021584123
194,94,fine,6,3.0,0.0,0.0
194,94,fine,7,3.0,2.0,117.53924169384439
194,94,fine,8,3.0,4.0,133.14736979898473
195,95,fine,0,0.0,0.0,0.0
195,95,fine,1,0.0,2.0,114.2035715257409
195,95,fine,2,0.0,4.0,130.6886755039495
195,95,fine,3,1.5,0.0,0.0
195,95,fine,4,1.5,2.0,124.47453511698865
195,95,fine,5,1.5,4.0,149.99997374133247
195,95,fine,6,3.0,0.0,0.0
195,95,fine,7,3.0,2.0,120.97845285220076
195,95,fine,8,3.0,4.0,124.98666684782312
196,96,fine,0,0.0,0.0,0.0
196,96,fine,1,0.0,2.0,136.32228519068747
196,96,fine,2,0.0,4.0,125.1562248345018
196,96,fine,3,1.5,0.0,0.0
196,96,fine,4,1.5,2.0,118.7528084459456
196,96,fine,5,1.5,4.0,149.9961388941626
196,96,fine,6,3.0,0.0,0.0
196,96,fine,7,3.0,2.0,132.63288638689147
196,96,fine,8,3.0,4.0,130.3504711816991
197,97,fine,0,0.0,0.0,0.0
197,97,fine,1,0.0,2.0,128.86120949099148
197,97,fine,2,0.0,4.0,131.39213925393415
197,97,fine,3,1.5,0.0,0.0
197,97,fine,4,1.5,2.0,132.11128489044313
197,97,fine,5,1.5,4.0,132.74857727720322
197,97,fine,6,3.0,0.0,0.0
197,97,fine,7,3.0,2.0,118.48993422472954
197,97,fine,8,3.0,4.0,144.76400415671662
198,98,fine,0,0.0,0.0,0.0
198,98,fine,1,0.0,2.0,127.78485201368129
198,98,fine,2,0.0,4.0,149.99728529864842
198,98,fine,3,1.5,0.0,0.0
198,98,fine,4,1.5,2.0,127.10134407118096
198,98,fine,5,1.5,4.0,134.65293908400702
198,98,fine,6,3.0,0.0,0.0
198,98,fine,7,3.0,2.0,115.29346033619343
198,98,fine,8,3.0,4.0,132.6667414927179
199,99,fine,0,0.0,0.0,0.0
199,99,fine,1,0.0,2.0,100.14786105503852
199,99,fine,2,0.0,4.0,141.48003842532998
199,99,fine,3,1.5,0.0,0.0
199,99,fine,4,1.5,2.0,132.0907737338283
199,99,fine,5,1.5,4.0,136.49999815196503
199,99,fine,6,3.0,0.0,0.0
199,99,fine,7,3.0,2.0,120.74646509957645
199,99,fine,8,3.0,4.0,134.79851458053523
200,0,performance,0,0.0,0.0,0.0
200,0,performance,1,0.0,2.0,0.0
200,0,performance,2,0.0,4.0,0.0
200,0,performance,3,1.5,0.0,65.28238565563235
200,0,performance,4,1.5,2.0,58.48162017937028
200,0,performance,5,1.5,4.0,58.155930275298985
200,0,performance,6,3.0,0.0,61.81164604917671
200,0,performance,7,3.0,2.0,74.94898976970705
200,0,performance,8,3.0,4.0,63.32459505475376
201,1,performance,0,0.0,0.0,0.0
201,1,performance,1,0.0,2.0,0.0
201,1,performance,2,0.0,4.0,0.0
201,1,performance,3,1.5,0.0,60.227502250179164
201,1,performance,4,1.5,2.0,50.4334265120327
201,1,performance,5,1.5,4.0,54.4100292957512
201,1,performance,6,3.0,0.0,65.24937998086668
201,1,performance,7,3.0,2.0,71.77114518737447
201,1,performance,8,3.0,4.0,50.03930173768086
202,2,performance,0,0.0,0.0,0.0
202,2,performance,1,0.0,2.0,0.0
202,2,performance,2,0.0,4.0,0.0
202,2,performance,3,1.5,0.0,48.32184506348449
202,2,performance,4,1.5,2.0,53.330391558108445
202,2,performance,5,1.5,4.0,47.70723009149518
202,2,performance,6,3.0,0.0,65.02377441726118
202,2,performance,7,3.0,2.0,66.48888405328377
202,2,performance,8,3.0,4.0,72.32847782489412
203,3,performance,0,0.0,0.0,0.0
203,3,performance,1,0.0,2.0,0.0
203,3,performance,2,0.0,4.0,0.0
203,3,performance,3,1.5,0.0,49.7649037651699
203,3,performance,4,1.5,2.0,57.15839538004689
203,3,performance,5,1.5,4.0,49.25942445542354
203,3,performance,6,3.0,0.0,64.01421732906941
203,3,performance,7,3.0,2.0,72.36951572426385
203,3,performance,8,3.0,4.0,52.52994393463969
204,4,performance,0,0.0,0.0,0.0
204,4,performance,1,0.0,2.0,0.0
204,4,performance,2,0.0,4.0,0.0
204,4,performance,3,1.5,0.0,50.774455461527296
204,4,performance,4,1.5,2.0,57.39556483563079
204,4,performance,5,1.5,4.0,52.32701969765573
204,4,performance,6,3.0,0.0,74.80034222079763
204,4,performance,7,3.0,2.0,54.55149691415217
204,4,performance,8,3.0,4.0,58.853779371095506
205,5,performance,0,0.0,0.0,0.0
205,5,performance,1,0.0,2.0,0.0
205,5,performance,2,0.0,4.0,0.0
205,5,performance,3,1.5,0.0,45.01155662622577
205,5,performance,4,1.5,2.0,61.12155911309993
205,5,performance,5,1.5,4.0,59.14731399870312
205,5,performance,6,3.0,0.0,62.383205778347104
205,5,performance,7,3.0,2.0,63.7318318054169
205,5,performance,8,3.0,4.0,55.41190684531132
206,6,performance,0,0.0,0.0,0.0
206,6,performance,1,0.0,2.0,0.0
206,6,performance,2,0.0,4.0,0.0
206,6,performance,3,1.5,0.0,55.923704595966264
206,6,performance,4,1.5,2.0,48.912557092116174
206,6,performance,5,1.5,4.0,50.84466702425876
206,6,performance,6,3.0,0.0,74.45289037232801
206,6,performance,7,3.0,2.0,60.64432690376739
206,6,performance,8,3.0,4.0,57.36114021709412
207,7,performance,0,0.0,0.0,0.0
207,7,performance,1,0.0,2.0,0.0
207,7,performance,2,0.0,4.0,0.0
207,7,performance,3,1.5,0.0,58.11839526764018
207,7,performance,4,1.5,2.0,57.29357752503152
207,7,performance,5,1.5,4.0,48.554635286414076
207,7,performance,6,3.0,0.0,56.70690287850697
207,7,performance,7,3.0,2.0,74.42298174091353
207,7,performance,8,3.0,4.0,62.38378024366416
208,8,performance,0,0.0,0.0,0.0
208,8,performance,1,0.0,2.0,0.0
208,8,performance,2,0.0,4.0,0.0
208,8,performance,3,1.5,0.0,55.303379289152005
208,8,performance,4,1.5,2.0,57.65860577343081
208,8,performance,5,1.5,4.0,54.72598852581437
208,8,performance,6,3.0,0.0,72.06880280445039
208,8,performance,7,3.0,2.0,62.91594061021548
208,8,performance,8,3.0,4.0,57.14100766305826
209,9,performance,0,0.0,0.0,0.0
209,9,performance,1,0.0,2.0,0.0
209,9,performance,2,0.0,4.0,0.0
209,9,performance,3,1.5,0.0,42.07972971092473
209,9,performance,4,1.5,2.0,47.40236151542028
209,9,performance,5,1.5,4.0,55.48202994071241
209,9,performance,6,3.0,0.0,74.72487641750853
209,9,performance,7,3.0,2.0,59.65738628480995
209,9,performance,8,3.0,4.0,65.98742934590801
210,10,performance,0,0.0,0.0,0.0
210,10,performance,1,0.0,2.0,0.0
210,10,performance,2,0.0,4.0,0.0
210,10,performance,3,1.5,0.0,60.247542617662845
210,10,performance,4,1.5,2.0,44.30673623914944
210,10,performance,5,1.5,4.0,35.09890771000088
210,10,performance,6,3.0,0.0,72.187054385649
210,10,performance,7,3.0,2.0,59.5443769172136
210,10,performance,8,3.0,4.0,60.754300945967636
211,11,performance,0,0.0,0.0,0.0
211,11,performance,1,0.0,2.0,0.0
211,11,performance,2,0.0,4.0,0.0
211,11,performance,3,1.5,0.0,62.08286855400468
211,11,performance,4,1.5,2.0,61.78353105798477
211,11,performance,5,1.5,4.0,52.36614877066346
211,11,performance,6,3.0,0.0,62.6946468971781
211,11,performance,7,3.0,2.0,68.7858233077354
211,11,performance,8,3.0,4.0,61.752656635389144
212,12,performance,0,0.0,0.0,0.0
212,12,performance,1,0.0,2.0,0.0
212,12,performance,2,0.0,4.0,0.0
212,12,performance,3,1.5,0.0,57.31578463667936
212,12,performance,4,1.5,2.0,56.57545118706303
212,12,performance,5,1.5,4.0,54.40866620023789
212,12,performance,6,3.0,0.0,66.20736438507156
212,12,performance,7,3.0,2.0,56.12267256848296
212,12,performance,8,3.0,4.0,52.87550828708271
213,13,performance,0,0.0,0.0,0.0
213,13,performance,1,0.0,2.0,0.0
213,13,performance,2,0.0,4.0,0.0
213,13,performance,3,1.5,0.0,56.397158354071955
213,13,performance,4,1.5,2.0,63.96465161887018
213,13,performance,5,1.5,4.0,54.29612746088016
213,13,performance,6,3.0,0.0,63.77342394989076
213,13,performance,7,3.0,2.0,72.37351828785556
213,13,performance,8,3.0,4.0,62.472363140696004
214,14,performance,0,0.0,0.0,0.0
214,14,performance,1,0.0,2.0,0.0
214,14,performance,2,0.0,4.0,0.0
214,14,performance,3,1.5,0.0,60.62305421090417
214,14,performance,4,1.5,2.0,51.970743558310176
214,14,performance,5,1.5,4.0,62.10091864718421
214,14,performance,6,3.0,0.0,70.96381541594255
214,14,performance,7,3.0,2.0,55.523731200199215
214,14,performance,8,3.0,4.0,64.55693170886462
215,15,performance,0,0.0,0.0,0.0
215,15,performance,1,0.0,2.0,0.0
215,15,performance,2,0.0,4.0,0.0
215,15,performance,3,1.5,0.0,52.976973906824156
215,15,performance,4,1.5,2.0,54.95223076410577
215,15,performance,5,1.5,4.0,60.737851174859344
215,15,performance,6,3.0,0.0,62.675963237612045
215,15,performance,7,3.0,2.0,59.82941310245424
215,15,performance,8,3.0,4.0,71.67331729475558
216,16,performance,0,0.0,0.0,0.0
216,16,performance,1,0.0,2.0,0.0
216,16,performance,2,0.0,4.0,0.0
216,16,performance,3,1.5,0.0,57.97284720364349
216,16,performance,4,1.5,2.0,53.142073595856914
216,16,performance,5,1.5,4.0,50.924869313186754
216,16,performance,6,3.0,0.0,58.99274655825748
216,16,performance,7,3.0,2.0,64.65695522971502
216,16,performance,8,3.0,4.0,73.05771339469223
217,17,performance,0,0.0,0.0,0.0
217,17,performance,1,0.0,2.0,0.0
217,17,performance,2,0.0,4.0,0.0
217,17,performance,3,1.5,0.0,55.46610050052687
217,17,performance,4,1.5,2.0,42.8711706641534
217,17,performance,5,1.5,4.0,60.56340971492411
217,17,performance,6,3.0,0.0,61.62797386107538
217,17,performance,7,3.0,2.0,72.17792179217174
217,17,performance,8,3.0,4.0,59.838901982660424
218,18,performance,0,0.0,0.0,0.0
218,18,performance,1,0.0,2.0,0.0
218,18,performance,2,0.0,4.0,0.0
218,18,performance,3,1.5,0.0,55.161279755047644
218,18,performance,4,1.5,2.0,54.419605395613104
218,18,performance,5,1.5,4.0,58.01832227395486
218,18,performance,6,3.0,0.0,58.84600593563468
218,18,performance,7,3.0,2.0,66.98842751939392
218,18,performance,8,3.0,4.0,72.8431102472738
219,19,performance,0,0.0,0.0,0.0
219,19,performance,1,0.0,2.0,0.0
219,19,performance,2,0.0,4.0,0.0
219,19,performance,3,1.5,0.0,58.39712752681911
219,19,performance,4,1.5,2.0,54.04828712117067
219,19,performance,5,1.5,4.0,62.596349149687185
219,19,performance,6,3.0,0.0,59.213594620475334
219,19,performance,7,3.0,2.0,74.45405589864237
219,19,performance,8,3.0,4.0,60.97700361126171
220,20,performance,0,0.0,0.0,0.0
220,20,performance,1,0.0,2.0,0.0
220,20,performance,2,0.0,4.0,0.0
220,20,performance,3,1.5,0.0,64.0882873880244
220,20,performance,4,1.5,2.0,47.487106974971
220,20,performance,5,1.5,4.0,60.2869005966256
220,20,performance,6,3.0,0.0,74.99018405522831
220,20,performance,7,3.0,2.0,62.45042510668773
220,20,performance,8,3.0,4.0,65.7147260064791
221,21,performance,0,0.0,0.0,0.0
221,21,performance,1,0.0,2.0,0.0
221,21,performance,2,0.0,4.0,0.0
221,21,performance,3,1.5,0.0,48.08507207866834
221,21,performance,4,1.5,2.0,60.79453409757253
221,21,performance,5,1.5,4.0,45.448217373884084
221,21,performance,6,3.0,0.0,59.62387881864306
221,21,performance,7,3.0,2.0,63.45176444102001
221,21,performance,8,3.0,4.0,73.61934440850327
222,22,performance,0,0.0,0.0,0.0
222,22,performance,1,0.0,2.0,0.0
222,22,performance,2,0.0,4.0,0.0
222,22,performance,3,1.5,0.0,52.12511351918639
222,22,performance,4,1.5,2.0,60.94336337628365
222,22,performance,5,1.5,4.0,51.12622499976956
222,22,performance,6,3.0,0.0,70.93717059612484
222,22,performance,7,3.0,2.0,60.10985361140433
222,22,performance,8,3.0,4.0,58.843311622158566
223,23,performance,0,0.0,0.0,0.0
223,23,performance,1,0.0,2.0,0.0
223,23,performance,2,0.0,4.0,0.0
223,23,performance,3,1.5,0.0,54.26780747346287
223,23,performance,4,1.5,2.0,57.7464123335988
223,23,performance,5,1.5,4.0,47.00374786970605
223,23,performance,6,3.0,0.0,59.866291724917765
223,23,performance,7,3.0,2.0,62.960569089083315
223,23,performance,8,3.0,4.0,70.57662696153157
224,24,performance,0,0.0,0.0,0.0
224,24,performance,1,0.0,2.0,0.0
224,24,performance,2,0.0,4.0,0.0
224,24,performance,3,1.5,0.0,54.15875193430864
224,24,performance,4,1.5,2.0,53.92258110208868
224,24,performance,5,1.5,4.0,50.34261709186712
224,24,performance,6,3.0,0.0,55.99241954351824
224,24,performance,7,3.0,2.0,59.264642438070084
224,24,performance,8,3.0,4.0,71.99323506693227
225,25,performance,0,0.0,0.0,0.0
225,25,performance,1,0.0,2.0,0.0
225,25,performance,2,0.0,4.0,0.0
225,25,performance,3,1.5,0.0,56.77810234333541
225,25,performance,4,1.5,2.0,57.099519798666954
225,25,performance,5,1.5,4.0,52.52678473532163
225,25,performance,6,3.0,0.0,49.67293979632303
225,25,performance,7,3.0,2.0,60.98707763474775
225,25,performance,8,3.0,4.0,56.88404686360118
226,26,performance,0,0.0,0.0,0.0
226,26,performance,1,0.0,2.0,0.0
226,26,performance,2,0.0,4.0,0.0
226,26,performance,3,1.5,0.0,60.39481179910788
226,26,performance,4,1.5,2.0,42.910249058411466
226,26,performance,5,1.5,4.0,62.66240082306093
226,26,performance,6,3.0,0.0,74.99629076681754
226,26,performance,7,3.0,2.0,61.0023074866479
226,26,performance,8,3.0,4.0,65.20612492977827
227,27,performance,0,0.0,0.0,0.0
227,27,performance,1,0.0,2.0,0.0
227,27,performance,2,0.0,4.0,0.0
227,27,performance,3,1.5,0.0,58.56559432324558
227,27,performance,4,1.5,2.0,48.93310780774267
227,27,performance,5,1.5,4.0,51.71610552317302
227,27,performance,6,3.0,0.0,58.57262470281745
227,27,performance,7,3.0,2.0,58.78495603904424
227,27,performance,8,3.0,4.0,68.85754524495103
228,28,performance,0,0.0,0.0,0.0
228,28,performance,1,0.0,2.0,0.0
228,28,performance,2,0.0,4.0,0.0
228,28,performance,3,1.5,0.0,65.70068295130324
228,28,performance,4,1.5,2.0,51.55425197638417
228,28,performance,5,1.5,4.0,58.63554070275597
228,28,performance,6,3.0,0.0,61.77011513848835
228,28,performance,7,3.0,2.0,61.63225963271398
228,28,performance,8,3.0,4.0,62.093714570943945
229,29,performance,0,0.0,0.0,0.0
229,29,performance,1,0.0,2.0,0.0
229,29,performance,2,0.0,4.0,0.0
229,29,performance,3,1.5,0.0,58.28282170341615
229,29,performance,4,1.5,2.0,50.98913126657887
229,29,performance,5,1.5,4.0,45.532941570725235
229,29,performance,6,3.0,0.0,58.78246877800771
229,29,performance,7,3.0,2.0,57.36909518579898
229,29,performance,8,3.0,4.0,73.58198119493946
230,30,performance,0,0.0,0.0,0.0
230,30,performance,1,0.0,2.0,0.0
230,30,performance,2,0.0,4.0,0.0
230,30,performance,3,1.5,0.0,62.35074173213047
230,30,performance,4,1.5,2.0,49.191110060629526
230,30,performance,5,1.5,4.0,50.01888737275357
230,30,performance,6,3.0,0.0,66.48316211905997
230,30,performance,7,3.0,2.0,72.93641474644564
230,30,performance,8,3.0,4.0,67.49999343769315
231,31,performance,0,0.0,0.0,0.0
231,31,performance,1,0.0,2.0,0.0
231,31,performance,2,0.0,4.0,0.0
231,31,performance,3,1.5,0.0,47.99876934735266
231,31,performance,4,1.5,2.0,59.695003171564075
231,31,performance,5,1.5,4.0,57.20948539729822
231,31,performance,6,3.0,0.0,61.866767598202586
231,31,performance,7,3.0,2.0,60.666704739458865
231,31,performance,8,3.0,4.0,68.68915835949501
232,32,performance,0,0.0,0.0,0.0
232,32,performance,1,0.0,2.0,0.0
232,32,performance,2,0.0,4.0,0.0
232,32,performance,3,1.5,0.0,60.17382446624918
232,32,performance,4,1.5,2.0,63.24237927861175
232,32,performance,5,1.5,4.0,47.91010632997271
232,32,performance,6,3.0,0.0,63.3028606319441
232,32,performance,7,3.0,2.0,69.53152824666668
232,32,performance,8,3.0,4.0,62.07095343323635
233,33,performance,0,0.0,0.0,0.0
233,33,performance,1,0.0,2.0,0.0
233,33,performance,2,0.0,4.0,0.0
233,33,performance,3,1.5,0.0,62.03379193168304
233,33,performance,4,1.5,2.0,51.95254494540857
233,33,performance,5,1.5,4.0,59.01008971556878
233,33,performance,6,3.0,0.0,64.25003885679861
233,33,performance,7,3.0,2.0,62.29507666921655
233,33,performance,8,3.0,4.0,63.48958560059497
234,34,performance,0,0.0,0.0,0.0
234,34,performance,1,0.0,2.0,0.0
234,34,performance,2,0.0,4.0,0.0
234,34,performance,3,1.5,0.0,49.61044517352742
234,34,performance,4,1.5,2.0,62.568760939272885
234,34,performance,5,1.5,4.0,52.20112953218015
234,34,performance,6,3.0,0.0,71.08033721384776
234,34,performance,7,3.0,2.0,56.515684419250164
234,34,performance,8,3.0,4.0,60.43080037540798
235,35,performance,0,0.0,0.0,0.0
235,35,performance,1,0.0,2.0,0.0
235,35,performance,2,0.0,4.0,0.0
235,35,performance,3,1.5,0.0,47.07530614401805
235,35,performance,4,1.5,2.0,55.62942984153795
235,35,performance,5,1.5,4.0,60.56897835930691
235,35,performance,6,3.0,0.0,57.29838322498783
235,35,performance,7,3.0,2.0,71.78937534021473
235,35,performance,8,3.0,4.0,59.1304898940368
236,36,performance,0,0.0,0.0,0.0
236,36,performance,1,0.0,2.0,0.0
236,36,performance,2,0.0,4.0,0.0
236,36,performance,3,1.5,0.0,58.3617379605532
236,36,performance,4,1.5,2.0,55.84855333753633
236,36,performance,5,1.5,4.0,44.49114184065297
236,36,performance,6,3.0,0.0,57.35308579292853
236,36,performance,7,3.0,2.0,73.28228512414258
236,36,performance,8,3.0,4.0,60.91604305777288
237,37,performance,0,0.0,0.0,0.0
237,37,performance,1,0.0,2.0,0.0
237,37,performance,2,0.0,4.0,0.0
237,37,performance,3,1.5,0.0,50.251160980027876
237,37,performance,4,1.5,2.0,60.33406005296084
237,37,performance,5,1.5,4.0,56.42874643851404
237,37,performance,6,3.0,0.0,73.54520032550025
237,37,performance,7,3.0,2.0,56.55880970116672
237,37,performance,8,3.0,4.0,60.31094359294264
238,38,performance,0,0.0,0.0,0.0
238,38,performance,1,0.0,2.0,0.0
238,38,performance,2,0.0,4.0,0.0
238,38,performance,3,1.5,0.0,39.47590610020086
238,38,performance,4,1.5,2.0,54.182956941992806
238,38,performance,5,1.5,4.0,43.620063799614606
238,38,performance,6,3.0,0.0,57.97328232148258
238,38,performance,7,3.0,2.0,61.56943144080496
238,38,performance,8,3.0,4.0,71.65902030304672
239,39,performance,0,0.0,0.0,0.0
239,39,performance,1,0.0,2.0,0.0
239,39,performance,2,0.0,4.0,0.0
239,39,performance,3,1.5,0.0,52.62574745327639
239,39,performance,4,1.5,2.0,57.742832375336114
239,39,performance,5,1.5,4.0,54.98112685763342
239,39,performance,6,3.0,0.0,68.41100321762485
239,39,performance,7,3.0,2.0,58.01152476950018
239,39,performance,8,3.0,4.0,57.89584027281079
240,40,performance,0,0.0,0.0,0.0
240,40,performance,1,0.0,2.0,0.0
240,40,performance,2,0.0,4.0,0.0
240,40,performance,3,1.5,0.0,52.28065872211013
240,40,performance,4,1.5,2.0,63.612784904276786
240,40,performance,5,1.5,4.0,59.8639691033959
240,40,performance,6,3.0,0.0,51.130347794049385
240,40,performance,7,3.0,2.0,74.25989859332141
240,40,performance,8,3.0,4.0,58.275572011591734
241,41,performance,0,0.0,0.0,0.0
241,41,performance,1,0.0,2.0,0.0
241,41,performance,2,0.0,4.0,0.0
241,41,performance,3,1.5,0.0,47.018620420198964
241,41,performance,4,1.5,2.0,61.82052220062097
241,41,performance,5,1.5,4.0,50.677941226494895
241,41,performance,6,3.0,0.0,59.90606794168215
241,41,performance,7,3.0,2.0,62.248078289150854
241,41,performance,8,3.0,4.0,67.00636811002839
242,42,performance,0,0.0,0.0,0.0
242,42,performance,1,0.0,2.0,0.0
242,42,performance,2,0.0,4.0,0.0
242,42,performance,3,1.5,0.0,49.3498477621385
242,42,performance,4,1.5,2.0,54.577932351347144
242,42,performance,5,1.5,4.0,46.35862005153635
242,42,performance,6,3.0,0.0,58.687602214121846
242,42,performance,7,3.0,2.0,72.93350925166638
242,42,performance,8,3.0,4.0,58.8434381932794
243,43,performance,0,0.0,0.0,0.0
243,43,performance,1,0.0,2.0,0.0
243,43,performance,2,0.0,4.0,0.0
243,43,performance,3,1.5,0.0,43.64354323959975
243,43,performance,4,1.5,2.0,52.03978213726542
243,43,performance,5,1.5,4.0,58.53646868834605
243,43,performance,6,3.0,0.0,60.62625666158317
243,43,performance,7,3.0,2.0,74.7162303651555
243,43,performance,8,3.0,4.0,63.61213005700296
244,44,performance,0,0.0,0.0,0.0
244,44,performance,1,0.0,2.0,0.0
244,44,performance,2,0.0,4.0,0.0
244,44,performance,3,1.5,0.0,59.49855033629644
244,44,performance,4,1.5,2.0,47.38072017652862
244,44,performance,5,1.5,4.0,46.898524965696765
244,44,performance,6,3.0,0.0,64.55684420798941
244,44,performance,7,3.0,2.0,74.57472802467183
244,44,performance,8,3.0,4.0,64.27257942108906
245,45,performance,0,0.0,0.0,0.0
245,45,performance,1,0.0,2.0,0.0
245,45,performance,2,0.0,4.0,0.0
245,45,performance,3,1.5,0.0,55.6280778893539
245,45,performance,4,1.5,2.0,52.9804748190449
245,45,performance,5,1.5,4.0,46.72769182686549
245,45,performance,6,3.0,0.0,74.20475015009875
245,45,performance,7,3.0,2.0,61.97534176321545
245,45,performance,8,3.0,4.0,51.836983058603806
246,46,performance,0,0.0,0.0,0.0
246,46,performance,1,0.0,2.0,0.0
246,46,performance,2,0.0,4.0,0.0
246,46,performance,3,1.5,0.0,44.15187296672297
246,46,performance,4,1.5,2.0,65.2582871886879
246,46,performance,5,1.5,4.0,45.28344997939669
246,46,performance,6,3.0,0.0,74.96832320455059
246,46,performance,7,3.0,2.0,64.03486043734554
246,46,performance,8,3.0,4.0,65.08602038374015
247,47,performance,0,0.0,0.0,0.0
247,47,performance,1,0.0,2.0,0.0
247,47,performance,2,0.0,4.0,0.0
247,47,performance,3,1.5,0.0,54.79015013648626
247,47,performance,4,1.5,2.0,57.67000144348821
247,47,performance,5,1.5,4.0,52.86428457835531
247,47,performance,6,3.0,0.0,56.653963736201845
247,47,performance,7,3.0,2.0,74.61517835951899
247,47,performance,8,3.0,4.0,57.11043734063839
248,48,performance,0,0.0,0.0,0.0
248,48,performance,1,0.0,2.0,0.0
248,48,performance,2,0.0,4.0,0.0
248,48,performance,3,1.5,0.0,47.362689678745426
248,48,performance,4,1.5,2.0,62.771578996367936
248,48,performance,5,1.5,4.0,55.17741203129308
248,48,performance,6,3.0,0.0,74.9958816340634
248,48,performance,7,3.0,2.0,63.62637381033306
248,48,performance,8,3.0,4.0,61.228465534700014
249,49,performance,0,0.0,0.0,0.0
249,49,performance,1,0.0,2.0,0.0
249,49,performance,2,0.0,4.0,0.0
249,49,performance,3,1.5,0.0,52.65022086394289
249,49,performance,4,1.5,2.0,50.79232508173523
249,49,performance,5,1.5,4.0,59.94405182437269
249,49,performance,6,3.0,0.0,51.67737011744782
249,49,performance,7,3.0,2.0,74.22184506687152
249,49,performance,8,3.0,4.0,61.946675242901506
250,50,performance,0,0.0,0.0,0.0
250,50,performance,1,0.0,2.0,0.0
250,50,performance,2,0.0,4.0,0.0
250,50,performance,3,1.5,0.0,46.43957318179235
250,50,performance,4,1.5,2.0,61.79254166288944
250,50,performance,5,1.5,4.0,44.100183773813995
250,50,performance,6,3.0,0.0,60.03612838429481
250,50,performance,7,3.0,2.0,65.88885707214251
250,50,performance,8,3.0,4.0,74.73870294179493
251,51,performance,0,0.0,0.0,0.0
251,51,performance,1,0.0,2.0,0.0
251,51,performance,2,0.0,4.0,0.0
251,51,performance,3,1.5,0.0,56.23033702955016
251,51,performance,4,1.5,2.0,48.4925874241044
251,51,performance,5,1.5,4.0,51.667852606057764
251,51,performance,6,3.0,0.0,70.54164592175445
251,51,performance,7,3.0,2.0,61.30122579242833
251,51,performance,8,3.0,4.0,60.44532242273701
252,52,performance,0,0.0,0.0,0.0
252,52,performance,1,0.0,2.0,0.0
252,52,performance,2,0.0,4.0,0.0
252,52,performance,3,1.5,0.0,61.62966154112071
252,52,performance,4,1.5,2.0,52.72469526062149
252,52,performance,5,1.5,4.0,47.590557628650416
252,52,performance,6,3.0,0.0,73.30539989261321
252,52,performance,7,3.0,2.0,61.94544133129696
252,52,performance,8,3.0,4.0,62.0523432983974
253,53,performance,0,0.0,0.0,0.0
253,53,performance,1,0.0,2.0,0.0
253,53,performance,2,0.0,4.0,0.0
253,53,performance,3,1.5,0.0,53.780600771594365
253,53,performance,4,1.5,2.0,41.4867893757335
253,53,performance,5,1.5,4.0,55.02429396486387
253,53,performance,6,3.0,0.0,57.08889305362352
253,53,performance,7,3.0,2.0,74.48511711051025
253,53,performance,8,3.0,4.0,59.172232728930595
254,54,performance,0,0.0,0.0,0.0
254,54,performance,1,0.0,2.0,0.0
254,54,performance,2,0.0,4.0,0.0
254,54,performance,3,1.5,0.0,51.594008009344456
254,54,performance,4,1.5,2.0,60.87671989543448
254,54,performance,5,1.5,4.0,52.86284474979038
254,54,performance,6,3.0,0.0,74.18778080032877
254,54,performance,7,3.0,2.0,60.72680783972694
254,54,performance,8,3.0,4.0,65.01219551296883
255,55,performance,0,0.0,0.0,0.0
255,55,performance,1,0.0,2.0,0.0
255,55,performance,2,0.0,4.0,0.0
255,55,performance,3,1.5,0.0,40.479850462157955
255,55,performance,4,1.5,2.0,62.091801918433866
255,55,performance,5,1.5,4.0,50.16101942244097
255,55,performance,6,3.0,0.0,57.53861980953938
255,55,performance,7,3.0,2.0,56.38824065118069
255,55,performance,8,3.0,4.0,74.98479232620706
256,56,performance,0,0.0,0.0,0.0
256,56,performance,1,0.0,2.0,0.0
256,56,performance,2,0.0,4.0,0.0
256,56,performance,3,1.5,0.0,58.19913804369123
256,56,performance,4,1.5,2.0,61.606060430479154
256,56,performance,5,1.5,4.0,55.249716950062066
256,56,performance,6,3.0,0.0,62.43801275348066
256,56,performance,7,3.0,2.0,69.71405519697598
256,56,performance,8,3.0,4.0,62.87264056686096
257,57,performance,0,0.0,0.0,0.0
257,57,performance,1,0.0,2.0,0.0
257,57,performance,2,0.0,4.0,0.0
257,57,performance,3,1.5,0.0,59.61955226552086
257,57,performance,4,1.5,2.0,58.74845464558876
257,57,performance,5,1.5,4.0,42.986387368700065
257,57,performance,6,3.0,0.0,56.54158726856037
257,57,performance,7,3.0,2.0,71.14533762440615
257,57,performance,8,3.0,4.0,61.127662296724125
258,58,performance,0,0.0,0.0,0.0
258,58,performance,1,0.0,2.0,0.0
258,58,performance,2,0.0,4.0,0.0
258,58,performance,3,1.5,0.0,57.8594463813278
258,58,performance,4,1.5,2.0,46.178177538951516
258,58,performance,5,1.5,4.0,53.241981182974364
258,58,performance,6,3.0,0.0,73.66466584744354
258,58,performance,7,3.0,2.0,60.38024510672909
258,58,performance,8,3.0,4.0,61.43803968224046
259,59,performance,0,0.0,0.0,0.0
259,59,performance,1,0.0,2.0,0.0
259,59,performance,2,0.0,4.0,0.0
259,59,performance,3,1.5,0.0,61.851210581252445
259,59,performance,4,1.5,2.0,58.00045433176552
259,59,performance,5,1.5,4.0,51.049774682650764
259,59,performance,6,3.0,0.0,63.442178586026365
259,59,performance,7,3.0,2.0,69.54461579956532
259,59,performance,8,3.0,4.0,64.38575961692787
260,60,performance,0,0.0,0.0,0.0
260,60,performance,1,0.0,2.0,0.0
260,60,performance,2,0.0,4.0,0.0
260,60,performance,3,1.5,0.0,55.83146696802124
260,60,performance,4,1.5,2.0,57.07686870103458
260,60,performance,5,1.5,4.0,51.78728631218105
260,60,performance,6,3.0,0.0,59.21984222104301
260,60,performance,7,3.0,2.0,55.96670765107576
260,60,performance,8,3.0,4.0,71.50766531739102
261,61,performance,0,0.0,0.0,0.0
261,61,performance,1,0.0,2.0,0.0
261,61,performance,2,0.0,4.0,0.0
261,61,performance,3,1.5,0.0,50.528870595724854
261,61,performance,4,1.5,2.0,58.6848516278513
261,61,performance,5,1.5,4.0,61.183840791052795
261,61,performance,6,3.0,0.0,57.34153345508235
261,61,performance,7,3.0,2.0,58.88723110377797
261,61,performance,8,3.0,4.0,74.99564922142702
262,62,performance,0,0.0,0.0,0.0
262,62,performance,1,0.0,2.0,0.0
262,62,performance,2,0.0,4.0,0.0
262,62,performance,3,1.5,0.0,53.084478341001834
262,62,performance,4,1.5,2.0,54.28617919602413
262,62,performance,5,1.5,4.0,48.83554307861717
262,62,performance,6,3.0,0.0,54.32622281407356
262,62,performance,7,3.0,2.0,58.06781653211952
262,62,performance,8,3.0,4.0,55.85877176369069
263,63,performance,0,0.0,0.0,0.0
263,63,performance,1,0.0,2.0,0.0
263,63,performance,2,0.0,4.0,0.0
263,63,performance,3,1.5,0.0,56.88930579714036
263,63,performance,4,1.5,2.0,61.71353911094342
263,63,performance,5,1.5,4.0,53.89644139880036
263,63,performance,6,3.0,0.0,73.86293459001699
263,63,performance,7,3.0,2.0,62.260706523736054
263,63,performance,8,3.0,4.0,62.76669519364531
264,64,performance,0,0.0,0.0,0.0
264,64,performance,1,0.0,2.0,0.0
264,64,performance,2,0.0,4.0,0.0
264,64,performance,3,1.5,0.0,54.79474229286545
264,64,performance,4,1.5,2.0,55.10381891290832
264,64,performance,5,1.5,4.0,52.38172396139111
264,64,performance,6,3.0,0.0,71.68331010417334
264,64,performance,7,3.0,2.0,57.50537174393422
264,64,performance,8,3.0,4.0,55.95249553861968
265,65,performance,0,0.0,0.0,0.0
265,65,performance,1,0.0,2.0,0.0
265,65,performance,2,0.0,4.0,0.0
265,65,performance,3,1.5,0.0,54.92024898585316
265,65,performance,4,1.5,2.0,55.73733984959644
265,65,performance,5,1.5,4.0,62.32311678995148
265,65,performance,6,3.0,0.0,60.719148146239874
265,65,performance,7,3.0,2.0,61.20057243745184
265,65,performance,8,3.0,4.0,67.57656267030436
266,66,performance,0,0.0,0.0,0.0
266,66,performance,1,0.0,2.0,0.0
266,66,performance,2,0.0,4.0,0.0
266,66,performance,3,1.5,0.0,43.57854763649458
266,66,performance,4,1.5,2.0,57.43460577964752
266,66,performance,5,1.5,4.0,55.032165221975305
266,66,performance,6,3.0,0.0,57.71008623160877
266,66,performance,7,3.0,2.0,61.20794640249228
266,66,performance,8,3.0,4.0,70.95845842510987
267,67,performance,0,0.0,0.0,0.0
267,67,performance,1,0.0,2.0,0.0
267,67,performance,2,0.0,4.0,0.0
267,67,performance,3,1.5,0.0,60.52642411422692
267,67,performance,4,1.5,2.0,60.2024940989474
267,67,performance,5,1.5,4.0,48.961829402206604
267,67,performance,6,3.0,0.0,57.39787320685872
267,67,performance,7,3.0,2.0,65.55288044545988
267,67,performance,8,3.0,4.0,57.58216650341988
268,68,performance,0,0.0,0.0,0.0
268,68,performance,1,0.0,2.0,0.0
268,68,performance,2,0.0,4.0,0.0
268,68,performance,3,1.5,0.0,61.0687094084554
268,68,performance,4,1.5,2.0,59.919703773381045
268,68,performance,5,1.5,4.0,40.29372142514773
268,68,performance,6,3.0,0.0,65.34118413375734
268,68,performance,7,3.0,2.0,65.27049008671649
268,68,performance,8,3.0,4.0,73.91901647073763
269,69,performance,0,0.0,0.0,0.0
269,69,performance,1,0.0,2.0,0.0
269,69,performance,2,0.0,4.0,0.0
269,69,performance,3,1.5,0.0,59.996704352430314
269,69,performance,4,1.5,2.0,49.55274289181948
269,69,performance,5,1.5,4.0,56.02574737690117
269,69,performance,6,3.0,0.0,64.75920875962332
269,69,performance,7,3.0,2.0,69.57686183059303
269,69,performance,8,3.0,4.0,64.45473299446947
270,70,performance,0,0.0,0.0,0.0
270,70,performance,1,0.0,2.0,0.0
270,70,performance,2,0.0,4.0,0.0
270,70,performance,3,1.5,0.0,47.823648103463555
270,70,performance,4,1.5,2.0,45.84282216327779
270,70,performance,5,1.5,4.0,51.99319408313458
270,70,performance,6,3.0,0.0,64.37789337783687
270,70,performance,7,3.0,2.0,49.02881660083737
270,70,performance,8,3.0,4.0,68.21511634603888
271,71,performance,0,0.0,0.0,0.0
271,71,performance,1,0.0,2.0,0.0
271,71,performance,2,0.0,4.0,0.0
271,71,performance,3,1.5,0.0,58.395902349620464
271,71,performance,4,1.5,2.0,53.9864268662526
271,71,performance,5,1.5,4.0,46.24255787912854
271,71,performance,6,3.0,0.0,58.63663480025308
271,71,performance,7,3.0,2.0,61.28991061945175
271,71,performance,8,3.0,4.0,74.48713287480186
272,72,performance,0,0.0,0.0,0.0
272,72,performance,1,0.0,2.0,0.0
272,72,performance,2,0.0,4.0,0.0
272,72,performance,3,1.5,0.0,63.449403996772176
272,72,performance,4,1.5,2.0,62.03045264983752
272,72,performance,5,1.5,4.0,51.27943240616397
272,72,performance,6,3.0,0.0,62.25601995031271
272,72,performance,7,3.0,2.0,64.000246010505
272,72,performance,8,3.0,4.0,74.61121295289772
273,73,performance,0,0.0,0.0,0.0
273,73,performance,1,0.0,2.0,0.0
273,73,performance,2,0.0,4.0,0.0
273,73,performance,3,1.5,0.0,44.72763890330434
273,73,performance,4,1.5,2.0,43.173968453968094
273,73,performance,5,1.5,4.0,57.513274382923974
273,73,performance,6,3.0,0.0,74.85969235569009
273,73,performance,7,3.0,2.0,65.9017291148138
273,73,performance,8,3.0,4.0,63.669067382538294
274,74,performance,0,0.0,0.0,0.0
274,74,performance,1,0.0,2.0,0.0
274,74,performance,2,0.0,4.0,0.0
274,74,performance,3,1.5,0.0,59.07823230626112
274,74,performance,4,1.5,2.0,61.861593476315704
274,74,performance,5,1.5,4.0,33.29797709913046
274,74,performance,6,3.0,0.0,60.27746595243432
274,74,performance,7,3.0,2.0,61.73041479958853
274,74,performance,8,3.0,4.0,72.80813534067292
275,75,performance,0,0.0,0.0,0.0
275,75,performance,1,0.0,2.0,0.0
275,75,performance,2,0.0,4.0,0.0
275,75,performance,3,1.5,0.0,50.911114723796075
275,75,performance,4,1.5,2.0,60.428390387410445
275,75,performance,5,1.5,4.0,59.885071301883805
275,75,performance,6,3.0,0.0,57.582067037454976
275,75,performance,7,3.0,2.0,60.060774310391785
275,75,performance,8,3.0,4.0,69.16499857685467
276,76,performance,0,0.0,0.0,0.0
276,76,performance,1,0.0,2.0,0.0
276,76,performance,2,0.0,4.0,0.0
276,76,performance,3,1.5,0.0,56.0098262209189
276,76,performance,4,1.5,2.0,59.237035744328715
276,76,performance,5,1.5,4.0,55.60303648949045
276,76,performance,6,3.0,0.0,74.75730790292528
276,76,performance,7,3.0,2.0,57.153017571410814
276,76,performance,8,3.0,4.0,59.43484828683445
277,77,performance,0,0.0,0.0,0.0
277,77,performance,1,0.0,2.0,0.0
277,77,performance,2,0.0,4.0,0.0
277,77,performance,3,1.5,0.0,52.70274946387929
277,77,performance,4,1.5,2.0,45.552299464151936
277,77,performance,5,1.5,4.0,60.822512397197436
277,77,performance,6,3.0,0.0,68.9063714494031
277,77,performance,7,3.0,2.0,62.966821099154714
277,77,performance,8,3.0,4.0,59.729455592811675
278,78,performance,0,0.0,0.0,0.0
278,78,performance,1,0.0,2.0,0.0
278,78,performance,2,0.0,4.0,0.0
278,78,performance,3,1.5,0.0,61.55392766717702
278,78,performance,4,1.5,2.0,49.50177900789893
278,78,performance,5,1.5,4.0,55.2701913957226
278,78,performance,6,3.0,0.0,74.90790840780771
278,78,performance,7,3.0,2.0,61.4162916859942
278,78,performance,8,3.0,4.0,59.452750711204835
279,79,performance,0,0.0,0.0,0.0
279,79,performance,1,0.0,2.0,0.0
279,79,performance,2,0.0,4.0,0.0
279,79,performance,3,1.5,0.0,46.14681518982607
279,79,performance,4,1.5,2.0,62.51857813926923
279,79,performance,5,1.5,4.0,51.626068943277815
279,79,performance,6,3.0,0.0,61.2723124581823
279,79,performance,7,3.0,2.0,55.082199114905734
279,79,performance,8,3.0,4.0,74.63839343754609
280,80,performance,0,0.0,0.0,0.0
280,80,performance,1,0.0,2.0,0.0
280,80,performance,2,0.0,4.0,0.0
280,80,performance,3,1.5,0.0,60.695806090443114
280,80,performance,4,1.5,2.0,57.61399296633581
280,80,performance,5,1.5,4.0,56.72586413207963
280,80,performance,6,3.0,0.0,70.10268642102892
280,80,performance,7,3.0,2.0,52.15479627017893
280,80,performance,8,3.0,4.0,55.11201327865862
281,81,performance,0,0.0,0.0,0.0
281,81,performance,1,0.0,2.0,0.0
281,81,performance,2,0.0,4.0,0.0
281,81,performance,3,1.5,0.0,56.70492160402936
281,81,performance,4,1.5,2.0,58.25648975078244
281,81,performance,5,1.5,4.0,52.22241569052284
281,81,performance,6,3.0,0.0,58.16005937072983
281,81,performance,7,3.0,2.0,71.01413699327168
281,81,performance,8,3.0,4.0,60.42586372229492
282,82,performance,0,0.0,0.0,0.0
282,82,performance,1,0.0,2.0,0.0
282,82,performance,2,0.0,4.0,0.0
282,82,performance,3,1.5,0.0,53.736717111398434
282,82,performance,4,1.5,2.0,56.401520537637275
282,82,performance,5,1.5,4.0,55.27101461164319
282,82,performance,6,3.0,0.0,57.18562549281163
282,82,performance,7,3.0,2.0,55.22537788443688
282,82,performance,8,3.0,4.0,70.57126908584777
283,83,performance,0,0.0,0.0,0.0
283,83,performance,1,0.0,2.0,0.0
283,83,performance,2,0.0,4.0,0.0
283,83,performance,3,1.5,0.0,61.31405319922017
283,83,performance,4,1.5,2.0,54.80087250420644
283,83,performance,5,1.5,4.0,54.77483268240606
283,83,performance,6,3.0,0.0,70.43463395502002
283,83,performance,7,3.0,2.0,64.81184003649068
283,83,performance,8,3.0,4.0,64.31062301492267
284,84,performance,0,0.0,0.0,0.0
284,84,performance,1,0.0,2.0,0.0
284,84,performance,2,0.0,4.0,0.0
284,84,performance,3,1.5,0.0,51.19576034652836
284,84,performance,4,1.5,2.0,55.48295571411818
284,84,performance,5,1.5,4.0,64.84197431961005
284,84,performance,6,3.0,0.0,66.807569664276
284,84,performance,7,3.0,2.0,64.62786440166103
284,84,performance,8,3.0,4.0,59.1518334415386
285,85,performance,0,0.0,0.0,0.0
285,85,performance,1,0.0,2.0,0.0
285,85,performance,2,0.0,4.0,0.0
285,85,performance,3,1.5,0.0,55.648652025516895
285,85,performance,4,1.5,2.0,61.99447958741863
285,85,performance,5,1.5,4.0,58.43511772317242
285,85,performance,6,3.0,0.0,62.93880832105586
285,85,performance,7,3.0,2.0,66.69987687364114
285,85,performance,8,3.0,4.0,56.57664799579564
286,86,performance,0,0.0,0.0,0.0
286,86,performance,1,0.0,2.0,0.0
286,86,performance,2,0.0,4.0,0.0
286,86,performance,3,1.5,0.0,41.47567463867147
286,86,performance,4,1.5,2.0,58.87858895853586
286,86,performance,5,1.5,4.0,56.390509905540284
286,86,performance,6,3.0,0.0,74.99708606779397
286,86,performance,7,3.0,2.0,59.60037059147224
286,86,performance,8,3.0,4.0,65.26658365551823
287,87,performance,0,0.0,0.0,0.0
287,87,performance,1,0.0,2.0,0.0
287,87,performance,2,0.0,4.0,0.0
287,87,performance,3,1.5,0.0,40.7419712935071
287,87,performance,4,1.5,2.0,44.27502428771565
287,87,performance,5,1.5,4.0,58.32927991841346
287,87,performance,6,3.0,0.0,60.66912468717265
287,87,performance,7,3.0,2.0,72.085500055172
287,87,performance,8,3.0,4.0,59.31679802557835
288,88,performance,0,0.0,0.0,0.0
288,88,performance,1,0.0,2.0,0.0
288,88,performance,2,0.0,4.0,0.0
288,88,performance,3,1.5,0.0,54.614729098669244
288,88,performance,4,1.5,2.0,58.3612018872367
288,88,performance,5,1.5,4.0,51.58366435933618
288,88,performance,6,3.0,0.0,63.41836184426327
288,88,performance,7,3.0,2.0,69.2572960806544
288,88,performance,8,3.0,4.0,59.83942456017841
289,89,performance,0,0.0,0.0,0.0
289,89,performance,1,0.0,2.0,0.0
289,89,performance,2,0.0,4.0,0.0
289,89,performance,3,1.5,0.0,59.15137988483992
289,89,performance,4,1.5,2.0,64.28807326737605
289,89,performance,5,1.5,4.0,60.06995344200783
289,89,performance,6,3.0,0.0,73.83331798403722
289,89,performance,7,3.0,2.0,59.59948358612805
289,89,performance,8,3.0,4.0,61.00092180799163
290,90,performance,0,0.0,0.0,0.0
290,90,performance,1,0.0,2.0,0.0
290,90,performance,2,0.0,4.0,0.0
290,90,performance,3,1.5,0.0,58.036486378171
290,90,performance,4,1.5,2.0,56.26236910956389
290,90,performance,5,1.5,4.0,58.885377445894534
290,90,performance,6,3.0,0.0,60.42677842802139
290,90,performance,7,3.0,2.0,56.10889928482403
290,90,performance,8,3.0,4.0,64.82049003450693
291,91,performance,0,0.0,0.0,0.0
291,91,performance,1,0.0,2.0,0.0
291,91,performance,2,0.0,4.0,0.0
291,91,performance,3,1.5,0.0,58.39709964363623
291,91,performance,4,1.5,2.0,48.62212041200475
291,91,performance,5,1.5,4.0,51.6013924474634
291,91,performance,6,3.0,0.0,61.25522393302684
291,91,performance,7,3.0,2.0,60.81420736919381
291,91,performance,8,3.0,4.0,64.5280584716105
292,92,performance,0,0.0,0.0,0.0
292,92,performance,1,0.0,2.0,0.0
292,92,performance,2,0.0,4.0,0.0
292,92,performance,3,1.5,0.0,40.80116490707149
292,92,performance,4,1.5,2.0,54.47847743590885
292,92,performance,5,1.5,4.0,62.1127388895622
292,92,performance,6,3.0,0.0,62.778235588493885
292,92,performance,7,3.0,2.0,61.5473162282176
292,92,performance,8,3.0,4.0,72.01297864988474
293,93,performance,0,0.0,0.0,0.0
293,93,performance,1,0.0,2.0,0.0
293,93,performance,2,0.0,4.0,0.0
293,93,performance,3,1.5,0.0,57.85769005177748
293,93,performance,4,1.5,2.0,59.56024259134878
293,93,performance,5,1.5,4.0,48.322132007780816
293,93,performance,6,3.0,0.0,66.62639759472441
293,93,performance,7,3.0,2.0,55.32631652862843
293,93,performance,8,3.0,4.0,58.53132126462143
294,94,performance,0,0.0,0.0,0.0
294,94,performance,1,0.0,2.0,0.0
294,94,performance,2,0.0,4.0,0.0
294,94,performance,3,1.5,0.0,61.56918093068045
294,94,performance,4,1.5,2.0,57.76901926260225
294,94,performance,5,1.5,4.0,58.4408492174193
294,94,performance,6,3.0,0.0,72.08822314382628
294,94,performance,7,3.0,2.0,55.584129004892375
294,94,performance,8,3.0,4.0,60.560177009315574
295,95,performance,0,0.0,0.0,0.0
295,95,performance,1,0.0,2.0,0.0
295,95,performance,2,0.0,4.0,0.0
295,95,performance,3,1.5,0.0,50.13499114538856
295,95,performance,4,1.5,2.0,52.30300637427118
295,95,performance,5,1.5,4.0,58.100323442989556
295,95,performance,6,3.0,0.0,67.48520627806178
295,95,performance,7,3.0,2.0,60.72946960861168
295,95,performance,8,3.0,4.0,57.48854625391975
296,96,performance,0,0.0,0.0,0.0
296,96,performance,1,0.0,2.0,0.0
296,96,performance,2,0.0,4.0,0.0
296,96,performance,3,1.5,0.0,58.10494845572881
296,96,performance,4,1.5,2.0,54.35077354599926
296,96,performance,5,1.5,4.0,56.94273524853917
296,96,performance,6,3.0,0.0,63.51467498364137
296,96,performance,7,3.0,2.0,59.896273183754786
296,96,performance,8,3.0,4.0,74.9873579633154
297,97,performance,0,0.0,0.0,0.0
297,97,performance,1,0.0,2.0,0.0
297,97,performance,2,0.0,4.0,0.0
297,97,performance,3,1.5,0.0,54.18966376735486
297,97,performance,4,1.5,2.0,59.412333487867784
297,97,performance,5,1.5,4.0,44.82247525267942
297,97,performance,6,3.0,0.0,74.83591311233785
297,97,performance,7,3.0,2.0,60.570534284841465
297,97,performance,8,3.0,4.0,62.04482679578975
298,98,performance,0,0.0,0.0,0.0
298,98,performance,1,0.0,2.0,0.0
298,98,performance,2,0.0,4.0,0.0
298,98,performance,3,1.5,0.0,65.1600343632014
298,98,performance,4,1.5,2.0,47.89551251301417
298,98,performance,5,1.5,4.0,51.39984001475669
298,98,performance,6,3.0,0.0,63.812931640270634
298,98,performance,7,3.0,2.0,61.492113988773625
298,98,performance,8,3.0,4.0,74.91809917371215
299,99,performance,0,0.0,0.0,0.0
299,99,performance,1,0.0,2.0,0.0
299,99,performance,2,0.0,4.0,0.0
299,99,performance,3,1.5,0.0,52.931194902684915
299,99,performance,4,1.5,2.0,53.343117383731474
299,99,performance,5,1.5,4.0,58.81682678938022
299,99,performance,6,3.0,0.0,74.65720463933759
299,99,performance,7,3.0,2.0,59.944485006794935
299,99,performance,8,3.0,4.0,49.0311235864885
300,0,hybrid,0,0.0,0.0,0.0
300,0,hybrid,1,0.0,2.0,139.07933626359966
300,0,hybrid,2,0.0,4.0,149.226933718902
300,0,hybrid,3,1.5,0.0,44.91981789594267
300,0,hybrid,4,1.5,2.0,164.74040835499602
300,0,hybrid,5,1.5,4.0,200.1286107379746
300,0,hybrid,6,3.0,0.0,74.54073382971693
300,0,hybrid,7,3.0,2.0,195.4969608588093
300,0,hybrid,8,3.0,4.0,224.00664065976528
301,1,hybrid,0,0.0,0.0,0.0
301,1,hybrid,1,0.0,2.0,138.975798369394
301,1,hybrid,2,0.0,4.0,149.11519222121242
301,1,hybrid,3,1.5,0.0,60.52234747130402
301,1,hybrid,4,1.5,2.0,173.23572064895973
301,1,hybrid,5,1.5,4.0,187.87301568016787
301,1,hybrid,6,3.0,0.0,73.32180891713601
301,1,hybrid,7,3.0,2.0,190.6769536475817
301,1,hybrid,8,3.0,4.0,212.0983194719933
302,2,hybrid,0,0.0,0.0,0.0
302,2,hybrid,1,0.0,2.0,147.27956457873907
302,2,hybrid,2,0.0,4.0,149.7304484550128
302,2,hybrid,3,1.5,0.0,59.83602607560146
302,2,hybrid,4,1.5,2.0,168.92905277059867
302,2,hybrid,5,1.5,4.0,198.5619217057499
302,2,hybrid,6,3.0,0.0,69.08298685209846
302,2,hybrid,7,3.0,2.0,179.53981325644645
302,2,hybrid,8,3.0,4.0,224.98929777094494
303,3,hybrid,0,0.0,0.0,0.0
303,3,hybrid,1,0.0,2.0,143.6214287671955
303,3,hybrid,2,0.0,4.0,148.6514132315385
303,3,hybrid,3,1.5,0.0,52.16567786436422
303,3,hybrid,4,1.5,2.0,178.18534675441373
303,3,hybrid,5,1.5,4.0,191.26418417938774
303,3,hybrid,6,3.0,0.0,72.19789986166805
303,3,hybrid,7,3.0,2.0,218.59746504796018
303,3,hybrid,8,3.0,4.0,194.11480890104716
304,4,hybrid,0,0.0,0.0,0.0
304,4,hybrid,1,0.0,2.0,142.82582668002237
304,4,hybrid,2,0.0,4.0,149.4480718100574
304,4,hybrid,3,1.5,0.0,64.83792377445734
304,4,hybrid,4,1.5,2.0,178.0187996175163
304,4,hybrid,5,1.5,4.0,197.10843702373054
304,4,hybrid,6,3.0,0.0,74.15766606951894
304,4,hybrid,7,3.0,2.0,189.22229390789659
304,4,hybrid,8,3.0,4.0,212.34761288973766
305,5,hybrid,0,0.0,0.0,0.0
305,5,hybrid,1,0.0,2.0,124.2283020141212
305,5,hybrid,2,0.0,4.0,149.90422037446194
305,5,hybrid,3,1.5,0.0,39.552627180756254
305,5,hybrid,4,1.5,2.0,195.37577565586557
305,5,hybrid,5,1.5,4.0,193.40611957331762
305,5,hybrid,6,3.0,0.0,67.74000815932514
305,5,hybrid,7,3.0,2.0,188.6117700708922
305,5,hybrid,8,3.0,4.0,219.9996886130803
306,6,hybrid,0,0.0,0.0,0.0
306,6,hybrid,1,0.0,2.0,136.39856639359303
306,6,hybrid,2,0.0,4.0,147.46866898222368
306,6,hybrid,3,1.5,0.0,53.40761670931469
306,6,hybrid,4,1.5,2.0,173.41885672089992
306,6,hybrid,5,1.5,4.0,186.56063351146193
306,6,hybrid,6,3.0,0.0,74.93181045192038
306,6,hybrid,7,3.0,2.0,195.6457744375331
306,6,hybrid,8,3.0,4.0,216.35077531400273
307,7,hybrid,0,0.0,0.0,0.0
307,7,hybrid,1,0.0,2.0,136.70374820881568
307,7,hybrid,2,0.0,4.0,147.83122597160806
307,7,hybrid,3,1.5,0.0,56.76342491047997
307,7,hybrid,4,1.5,2.0,197.92930951834055
307,7,hybrid,5,1.5,4.0,199.0943083215058
307,7,hybrid,6,3.0,0.0,69.68478321443982
307,7,hybrid,7,3.0,2.0,190.71954344012846
307,7,hybrid,8,3.0,4.0,217.35351367255043
308,8,hybrid,0,0.0,0.0,0.0
308,8,hybrid,1,0.0,2.0,125.00576486357879
308,8,hybrid,2,0.0,4.0,149.363924363936
308,8,hybrid,3,1.5,0.0,49.56596533398773
308,8,hybrid,4,1.5,2.0,183.91370216622633
308,8,hybrid,5,1.5,4.0,198.84495722484178
308,8,hybrid,6,3.0,0.0,74.2808632449821
308,8,hybrid,7,3.0,2.0,181.42569777141645
308,8,hybrid,8,3.0,4.0,224.77034461180293
309,9,hybrid,0,0.0,0.0,0.0
309,9,hybrid,1,0.0,2.0,127.72395955745272
309,9,hybrid,2,0.0,4.0,148.88280863670286
309,9,hybrid,3,1.5,0.0,65.86653259630256
309,9,hybrid,4,1.5,2.0,195.22561825631448
309,9,hybrid,5,1.5,4.0,204.7866705723721
309,9,hybrid,6,3.0,0.0,74.12505221177908
309,9,hybrid,7,3.0,2.0,194.26080453253107
309,9,hybrid,8,3.0,4.0,223.7448488891165
310,10,hybrid,0,0.0,0.0,0.0
310,10,hybrid,1,0.0,2.0,123.2526231561342
310,10,hybrid,2,0.0,4.0,148.76167076824885
310,10,hybrid,3,1.5,0.0,46.638452964504715
310,10,hybrid,4,1.5,2.0,176.90954957388755
310,10,hybrid,5,1.5,4.0,196.88280323740594
310,10,hybrid,6,3.0,0.0,72.40760254271288
310,10,hybrid,7,3.0,2.0,196.05028930737285
310,10,hybrid,8,3.0,4.0,217.02350884567346
311,11,hybrid,0,0.0,0.0,0.0
311,11,hybrid,1,0.0,2.0,118.16260763667671
311,11,hybrid,2,0.0,4.0,149.8231472313339
311,11,hybrid,3,1.5,0.0,60.01745447384751
311,11,hybrid,4,1.5,2.0,178.67243862380786
311,11,hybrid,5,1.5,4.0,186.3338975196462
311,11,hybrid,6,3.0,0.0,69.69114117591313
311,11,hybrid,7,3.0,2.0,195.71907295742815
311,11,hybrid,8,3.0,4.0,224.44468233697683
312,12,hybrid,0,0.0,0.0,0.0
312,12,hybrid,1,0.0,2.0,127.21045083725872
312,12,hybrid,2,0.0,4.0,149.881025099339
312,12,hybrid,3,1.5,0.0,55.55759172775071
312,12,hybrid,4,1.5,2.0,198.90543469673221
312,12,hybrid,5,1.5,4.0,195.05211661695003
312,12,hybrid,6,3.0,0.0,66.28063617236373
312,12,hybrid,7,3.0,2.0,191.6377977510657
312,12,hybrid,8,3.0,4.0,212.62056167342627
313,13,hybrid,0,0.0,0.0,0.0
313,13,hybrid,1,0.0,2.0,117.7618042096612
313,13,hybrid,2,0.0,4.0,146.06127234472746
313,13,hybrid,3,1.5,0.0,65.34702880387403
313,13,hybrid,4,1.5,2.0,189.7792030904138
313,13,hybrid,5,1.5,4.0,197.63941456832538
313,13,hybrid,6,3.0,0.0,74.60469130592247
313,13,hybrid,7,3.0,2.0,166.91199360428718
313,13,hybrid,8,3.0,4.0,210.2191280212752
314,14,hybrid,0,0.0,0.0,0.0
314,14,hybrid,1,0.0,2.0,120.26201626163682
314,14,hybrid,2,0.0,4.0,148.5040016371945
314,14,hybrid,3,1.5,0.0,70.65740772414324
314,14,hybrid,4,1.5,2.0,183.19776331825508
314,14,hybrid,5,1.5,4.0,200.5057628307473
314,14,hybrid,6,3.0,0.0,72.02482182355111
314,14,hybrid,7,3.0,2.0,194.60277700840052
314,14,hybrid,8,3.0,4.0,217.2478035394747
315,15,hybrid,0,0.0,0.0,0.0
315,15,hybrid,1,0.0,2.0,122.6946967483744
315,15,hybrid,2,0.0,4.0,143.08614597371985
315,15,hybrid,3,1.5,0.0,48.27910956675341
315,15,hybrid,4,1.5,2.0,182.5558465859768
315,15,hybrid,5,1.5,4.0,180.75678269072247
315,15,hybrid,6,3.0,0.0,71.4406568185917
315,15,hybrid,7,3.0,2.0,185.048327823168
315,15,hybrid,8,3.0,4.0,206.40470021993912
316,16,hybrid,0,0.0,0.0,0.0
316,16,hybrid,1,0.0,2.0,131.09230746138624
316,16,hybrid,2,0.0,4.0,149.78166324856036
316,16,hybrid,3,1.5,0.0,68.24297713345965
316,16,hybrid,4,1.5,2.0,157.15356257088055
316,16,hybrid,5,1.5,4.0,162.46036799825308
316,16,hybrid,6,3.0,0.0,66.68357314612287
316,16,hybrid,7,3.0,2.0,180.33780627659175
316,16,hybrid,8,3.0,4.0,222.38363064616001
317,17,hybrid,0,0.0,0.0,0.0
317,17,hybrid,1,0.0,2.0,133.5543954425398
317,17,hybrid,2,0.0,4.0,140.6190975652536
317,17,hybrid,3,1.5,0.0,67.81613200113745
317,17,hybrid,4,1.5,2.0,173.9924322328459
317,17,hybrid,5,1.5,4.0,195.4888239777365
317,17,hybrid,6,3.0,0.0,73.36084479323009
317,17,hybrid,7,3.0,2.0,186.62918803726637
317,17,hybrid,8,3.0,4.0,218.8377436107755
318,18,hybrid,0,0.0,0.0,0.0
318,18,hybrid,1,0.0,2.0,123.5241971103424
318,18,hybrid,2,0.0,4.0,149.75740360951153
318,18,hybrid,3,1.5,0.0,54.46062810807133
318,18,hybrid,4,1.5,2.0,192.00559949987473
318,18,hybrid,5,1.5,4.0,184.4909328616303
318,18,hybrid,6,3.0,0.0,74.83361015741532
318,18,hybrid,7,3.0,2.0,173.0463307557576
318,18,hybrid,8,3.0,4.0,218.73168976579407
319,19,hybrid,0,0.0,0.0,0.0
319,19,hybrid,1,0.0,2.0,145.03952517820255
319,19,hybrid,2,0.0,4.0,149.14103746544666
319,19,hybrid,3,1.5,0.0,39.18220556176506
319,19,hybrid,4,1.5,2.0,186.23616972204366
319,19,hybrid,5,1.5,4.0,191.78778264351365
319,19,hybrid,6,3.0,0.0,73.93152733603529
319,19,hybrid,7,3.0,2.0,200.27811222265527
319,19,hybrid,8,3.0,4.0,220.75122575223423
320,20,hybrid,0,0.0,0.0,0.0
320,20,hybrid,1,0.0,2.0,141.32189828501544
320,20,hybrid,2,0.0,4.0,149.226933718902
320,20,hybrid,3,1.5,0.0,69.27673374575726
320,20,hybrid,4,1.5,2.0,180.03448800856899
320,20,hybrid,5,1.5,4.0,174.38533213367765
320,20,hybrid,6,3.0,0.0,74.0123598425977
320,20,hybrid,7,3.0,2.0,176.81499184329718
320,20,hybrid,8,3.0,4.0,221.8055723593182
321,21,hybrid,0,0.0,0.0,0.0
321,21,hybrid,1,0.0,2.0,125.94984337547608
321,21,hybrid,2,0.0,4.0,145.88769954085407
321,21,hybrid,3,1.5,0.0,64.7083563400616
321,21,hybrid,4,1.5,2.0,174.0075910587845
321,21,hybrid,5,1.5,4.0,211.61978179177234
321,21,hybrid,6,3.0,0.0,67.58004798167178
321,21,hybrid,7,3.0,2.0,192.1373421122306
321,21,hybrid,8,3.0,4.0,193.0286403324643
322,22,hybrid,0,0.0,0.0,0.0
322,22,hybrid,1,0.0,2.0,112.60523120671293
322,22,hybrid,2,0.0,4.0,148.40972980970136
322,22,hybrid,3,1.5,0.0,56.10560305947375
322,22,hybrid,4,1.5,2.0,181.23417823015185
322,22,hybrid,5,1.5,4.0,199.73730178173676
322,22,hybrid,6,3.0,0.0,70.95732865441603
322,22,hybrid,7,3.0,2.0,198.1119027499312
322,22,hybrid,8,3.0,4.0,211.39886163278757
323,23,hybrid,0,0.0,0.0,0.0
323,23,hybrid,1,0.0,2.0,128.9991010026664
323,23,hybrid,2,0.0,4.0,149.31860717291036
323,23,hybrid,3,1.5,0.0,47.07146195558126
323,23,hybrid,4,1.5,2.0,182.67321477746407
323,23,hybrid,5,1.5,4.0,188.63546655224275
323,23,hybrid,6,3.0,0.0,74.7913353875892
323,23,hybrid,7,3.0,2.0,193.24054186948956
323,23,hybrid,8,3.0,4.0,219.81465362729003
324,24,hybrid,0,0.0,0.0,0.0
324,24,hybrid,1,0.0,2.0,129.34923012406628
324,24,hybrid,2,0.0,4.0,149.1570262297742
324,24,hybrid,3,1.5,0.0,43.2592689304552
324,24,hybrid,4,1.5,2.0,186.29235317332302
324,24,hybrid,5,1.5,4.0,201.69916216050305
324,24,hybrid,6,3.0,0.0,74.7356666871689
324,24,hybrid,7,3.0,2.0,177.98629474286196
324,24,hybrid,8,3.0,4.0,222.96398814363926
325,25,hybrid,0,0.0,0.0,0.0
325,25,hybrid,1,0.0,2.0,131.58218641175333
325,25,hybrid,2,0.0,4.0,140.9657972313339
325,25,hybrid,3,1.5,0.0,53.877462128626334
325,25,hybrid,4,1.5,2.0,191.22310944157388
325,25,hybrid,5,1.5,4.0,190.52692400253977
325,25,hybrid,6,3.0,0.0,74.46977621323867
325,25,hybrid,7,3.0,2.0,191.71850532325038
325,25,hybrid,8,3.0,4.0,215.5207427078261
326,26,hybrid,0,0.0,0.0,0.0
326,26,hybrid,1,0.0,2.0,116.67051967674809
326,26,hybrid,2,0.0,4.0,149.999999998949
326,26,hybrid,3,1.5,0.0,60.1975317782835
326,26,hybrid,4,1.5,2.0,203.72080368971427
326,26,hybrid,5,1.5,4.0,201.1323178821846
326,26,hybrid,6,3.0,0.0,73.0219752574435
326,26,hybrid,7,3.0,2.0,193.33437523302263
326,26,hybrid,8,3.0,4.0,222.79343182705364
327,27,hybrid,0,0.0,0.0,0.0
327,27,hybrid,1,0.0,2.0,134.59044535580225
327,27,hybrid,2,0.0,4.0,149.5529381661465
327,27,hybrid,3,1.5,0.0,71.97805369315707
327,27,hybrid,4,1.5,2.0,170.50331595241568
327,27,hybrid,5,1.5,4.0,199.8457751020829
327,27,hybrid,6,3.0,0.0,74.81512239712814
327,27,hybrid,7,3.0,2.0,193.01686682780579
327,27,hybrid,8,3.0,4.0,222.98485951210583
328,28,hybrid,0,0.0,0.0,0.0
328,28,hybrid,1,0.0,2.0,134.58112774437294
328,28,hybrid,2,0.0,4.0,146.21587336559202
328,28,hybrid,3,1.5,0.0,59.79922040644798
328,28,hybrid,4,1.5,2.0,190.85656875455282
328,28,hybrid,5,1.5,4.0,196.65940057250867
328,28,hybrid,6,3.0,0.0,73.50106648264132
328,28,hybrid,7,3.0,2.0,192.8114412795048
328,28,hybrid,8,3.0,4.0,220.37747787100196
329,29,hybrid,0,0.0,0.0,0.0
329,29,hybrid,1,0.0,2.0,129.203394191747
329,29,hybrid,2,0.0,4.0,138.1596997258865
329,29,hybrid,3,1.5,0.0,63.29306424796931
329,29,hybrid,4,1.5,2.0,174.8289108323501
329,29,hybrid,5,1.5,4.0,179.74424793198395
329,29,hybrid,6,3.0,0.0,63.63666549022775
329,29,hybrid,7,3.0,2.0,196.85468794559125
329,29,hybrid,8,3.0,4.0,224.81770888527882
330,30,hybrid,0,0.0,0.0,0.0
330,30,hybrid,1,0.0,2.0,131.066045292866
330,30,hybrid,2,0.0,4.0,140.39727420187893
330,30,hybrid,3,1.5,0.0,54.062524555898285
330,30,hybrid,4,1.5,2.0,164.8092552162006
330,30,hybrid,5,1.5,4.0,188.71822536328574
330,30,hybrid,6,3.0,0.0,74.41086245915409
330,30,hybrid,7,3.0,2.0,189.0559806543808
330,30,hybrid,8,3.0,4.0,224.73055145189676
331,31,hybrid,0,0.0,0.0,0.0
331,31,hybrid,1,0.0,2.0,141.97062359415733
331,31,hybrid,2,0.0,4.0,141.8706688623682
331,31,hybrid,3,1.5,0.0,41.39526556831624
331,31,hybrid,4,1.5,2.0,172.54535928241984
331,31,hybrid,5,1.5,4.0,184.46425997008035
331,31,hybrid,6,3.0,0.0,72.71819957921292
331,31,hybrid,7,3.0,2.0,195.73067512775424
331,31,hybrid,8,3.0,4.0,220.58414841011248
332,32,hybrid,0,0.0,0.0,0.0
332,32,hybrid,1,0.0,2.0,138.21828697955132
332,32,hybrid,2,0.0,4.0,148.00458080290633
332,32,hybrid,3,1.5,0.0,53.67980067188544
332,32,hybrid,4,1.5,2.0,188.18662674671597
332,32,hybrid,5,1.5,4.0,190.46962073236563
332,32,hybrid,6,3.0,0.0,74.97752319953412
332,32,hybrid,7,3.0,2.0,194.87289904023714
332,32,hybrid,8,3.0,4.0,189.45438186435462
333,33,hybrid,0,0.0,0.0,0.0
333,33,hybrid,1,0.0,2.0,124.71029483303916
333,33,hybrid,2,0.0,4.0,143.06953436373806
333,33,hybrid,3,1.5,0.0,58.13807609455568
333,33,hybrid,4,1.5,2.0,197.04354963119343
333,33,hybrid,5,1.5,4.0,199.0575739905453
333,33,hybrid,6,3.0,0.0,69.64499671864247
333,33,hybrid,7,3.0,2.0,189.80034120056663
333,33,hybrid,8,3.0,4.0,213.8141944350606
334,34,hybrid,0,0.0,0.0,0.0
334,34,hybrid,1,0.0,2.0,135.57313399144277
334,34,hybrid,2,0.0,4.0,149.90574233115103
334,34,hybrid,3,1.5,0.0,65.29864019867263
334,34,hybrid,4,1.5,2.0,193.374119482751
334,34,hybrid,5,1.5,4.0,204.4250879414232
334,34,hybrid,6,3.0,0.0,72.22247206341954
334,34,hybrid,7,3.0,2.0,201.52903187338185
334,34,hybrid,8,3.0,4.0,220.83206858800668
335,35,hybrid,0,0.0,0.0,0.0
335,35,hybrid,1,0.0,2.0,130.00014380251247
335,35,hybrid,2,0.0,4.0,144.7833530227197
335,35,hybrid,3,1.5,0.0,46.61562806408753
335,35,hybrid,4,1.5,2.0,179.04969427072444
335,35,hybrid,5,1.5,4.0,182.4544745503341
335,35,hybrid,6,3.0,0.0,74.0153283249495
335,35,hybrid,7,3.0,2.0,187.00484858182617
335,35,hybrid,8,3.0,4.0,224.63597767809648
336,36,hybrid,0,0.0,0.0,0.0
336,36,hybrid,1,0.0,2.0,138.33583361973407
336,36,hybrid,2,0.0,4.0,138.6209613506578
336,36,hybrid,3,1.5,0.0,57.690198539531636
336,36,hybrid,4,1.5,2.0,181.76351580992173
336,36,hybrid,5,1.5,4.0,187.14758030640917
336,36,hybrid,6,3.0,0.0,73.25953091440462
336,36,hybrid,7,3.0,2.0,185.11865592787694
336,36,hybrid,8,3.0,4.0,200.93584373332737
337,37,hybrid,0,0.0,0.0,0.0
337,37,hybrid,1,0.0,2.0,131.25309393008044
337,37,hybrid,2,0.0,4.0,149.58916088250697
337,37,hybrid,3,1.5,0.0,64.59618224198378
337,37,hybrid,4,1.5,2.0,186.91747110409446
337,37,hybrid,5,1.5,4.0,186.03546142427842
337,37,hybrid,6,3.0,0.0,68.68290203815421
337,37,hybrid,7,3.0,2.0,183.30328157831582
337,37,hybrid,8,3.0,4.0,220.6369660824749
338,38,hybrid,0,0.0,0.0,0.0
338,38,hybrid,1,0.0,2.0,128.47758395603526
338,38,hybrid,2,0.0,4.0,148.7583117168287
338,38,hybrid,3,1.5,0.0,63.768614735532154
338,38,hybrid,4,1.5,2.0,188.66691880742243
338,38,hybrid,5,1.5,4.0,195.57421791524436
338,38,hybrid,6,3.0,0.0,74.55865894361132
338,38,hybrid,7,3.0,2.0,196.85621086716517
338,38,hybrid,8,3.0,4.0,224.11082984638395
339,39,hybrid,0,0.0,0.0,0.0
339,39,hybrid,1,0.0,2.0,108.64028992184598
339,39,hybrid,2,0.0,4.0,137.6504481008455
339,39,hybrid,3,1.5,0.0,60.652372185142134
339,39,hybrid,4,1.5,2.0,174.59576169352366
339,39,hybrid,5,1.5,4.0,194.4468206982603
339,39,hybrid,6,3.0,0.0,74.62738573425365
339,39,hybrid,7,3.0,2.0,189.3239954913347
339,39,hybrid,8,3.0,4.0,222.5979084300725
340,40,hybrid,0,0.0,0.0,0.0
340,40,hybrid,1,0.0,2.0,142.44192272223054
340,40,hybrid,2,0.0,4.0,149.43643468107953
340,40,hybrid,3,1.5,0.0,66.47389540445502
340,40,hybrid,4,1.5,2.0,179.1912612718876
340,40,hybrid,5,1.5,4.0,204.19958600320405
340,40,hybrid,6,3.0,0.0,74.69480948139882
340,40,hybrid,7,3.0,2.0,194.68916443592786
340,40,hybrid,8,3.0,4.0,220.35756766839762
341,41,hybrid,0,0.0,0.0,0.0
341,41,hybrid,1,0.0,2.0,131.11448935233844
341,41,hybrid,2,0.0,4.0,149.99999999999656
341,41,hybrid,3,1.5,0.0,38.51397578166448
341,41,hybrid,4,1.5,2.0,180.8287580109611
341,41,hybrid,5,1.5,4.0,188.47196475510256
341,41,hybrid,6,3.0,0.0,61.83261276977032
341,41,hybrid,7,3.0,2.0,180.61976215962147
341,41,hybrid,8,3.0,4.0,214.82841533198817
342,42,hybrid,0,0.0,0.0,0.0
342,42,hybrid,1,0.0,2.0,121.5724609479829
342,42,hybrid,2,0.0,4.0,148.93955242647735
342,42,hybrid,3,1.5,0.0,68.41414770086834
342,42,hybrid,4,1.5,2.0,189.36088123865963
342,42,hybrid,5,1.5,4.0,182.8048851297188
342,42,hybrid,6,3.0,0.0,67.41157361566695
342,42,hybrid,7,3.0,2.0,189.52981266082273
342,42,hybrid,8,3.0,4.0,218.84164093596922
343,43,hybrid,0,0.0,0.0,0.0
343,43,hybrid,1,0.0,2.0,122.7935185974317
343,43,hybrid,2,0.0,4.0,138.00455242647735
343,43,hybrid,3,1.5,0.0,63.945702380467246
343,43,hybrid,4,1.5,2.0,181.62296460562666
343,43,hybrid,5,1.5,4.0,182.55661009569687
343,43,hybrid,6,3.0,0.0,67.75392271958631
343,43,hybrid,7,3.0,2.0,181.65600967818463
343,43,hybrid,8,3.0,4.0,217.38112857783534
344,44,hybrid,0,0.0,0.0,0.0
344,44,hybrid,1,0.0,2.0,97.03243032188708
344,44,hybrid,2,0.0,4.0,149.226933718902
344,44,hybrid,3,1.5,0.0,66.41011938734955
344,44,hybrid,4,1.5,2.0,191.79542538857146
344,44,hybrid,5,1.5,4.0,191.97278768122015
344,44,hybrid,6,3.0,0.0,73.70727408348507
344,44,hybrid,7,3.0,2.0,152.44879011072584
344,44,hybrid,8,3.0,4.0,206.55052723934
345,45,hybrid,0,0.0,0.0,0.0
345,45,hybrid,1,0.0,2.0,117.9609363051293
345,45,hybrid,2,0.0,4.0,148.2041227226157
345,45,hybrid,3,1.5,0.0,48.04751951381912
345,45,hybrid,4,1.5,2.0,184.6711977533142
345,45,hybrid,5,1.5,4.0,184.80712827241254
345,45,hybrid,6,3.0,0.0,74.0937255209102
345,45,hybrid,7,3.0,2.0,177.08012995499593
345,45,hybrid,8,3.0,4.0,222.2327177694195
346,46,hybrid,0,0.0,0.0,0.0
346,46,hybrid,1,0.0,2.0,145.62927901174882
346,46,hybrid,2,0.0,4.0,149.75933865792578
346,46,hybrid,3,1.5,0.0,61.56758736196243
346,46,hybrid,4,1.5,2.0,185.87054478285876
346,46,hybrid,5,1.5,4.0,203.13897241089407
346,46,hybrid,6,3.0,0.0,73.43357782296415
346,46,hybrid,7,3.0,2.0,148.9751966681092
346,46,hybrid,8,3.0,4.0,202.07765993621967
347,47,hybrid,0,0.0,0.0,0.0
347,47,hybrid,1,0.0,2.0,139.28697217266705
347,47,hybrid,2,0.0,4.0,149.70049828334757
347,47,hybrid,3,1.5,0.0,61.065818011672555
347,47,hybrid,4,1.5,2.0,163.43290762793129
347,47,hybrid,5,1.5,4.0,189.305264841236
347,47,hybrid,6,3.0,0.0,71.14616040715633
347,47,hybrid,7,3.0,2.0,176.56381082552713
347,47,hybrid,8,3.0,4.0,223.1830915739986
348,48,hybrid,0,0.0,0.0,0.0
348,48,hybrid,1,0.0,2.0,129.66983391593877
348,48,hybrid,2,0.0,4.0,146.18041868179927
348,48,hybrid,3,1.5,0.0,71.02031909155802
348,48,hybrid,4,1.5,2.0,173.21171458443294
348,48,hybrid,5,1.5,4.0,198.27817665767614
348,48,hybrid,6,3.0,0.0,74.44450386286394
348,48,hybrid,7,3.0,2.0,184.34264736536687
348,48,hybrid,8,3.0,4.0,219.77737416911552
349,49,hybrid,0,0.0,0.0,0.0
349,49,hybrid,1,0.0,2.0,129.89343354420043
349,49,hybrid,2,0.0,4.0,149.0358903191365
349,49,hybrid,3,1.5,0.0,52.460171327729206
349,49,hybrid,4,1.5,2.0,172.1385186294205
349,49,hybrid,5,1.5,4.0,182.99388468637596
349,49,hybrid,6,3.0,0.0,74.31306156549441
349,49,hybrid,7,3.0,2.0,198.01316080579772
349,49,hybrid,8,3.0,4.0,192.66857310698586
350,50,hybrid,0,0.0,0.0,0.0
350,50,hybrid,1,0.0,2.0,114.81702417039783
350,50,hybrid,2,0.0,4.0,149.43643468107953
350,50,hybrid,3,1.5,0.0,53.295496003748426
350,50,hybrid,4,1.5,2.0,191.21984739312
350,50,hybrid,5,1.5,4.0,203.17990015469908
350,50,hybrid,6,3.0,0.0,73.25746431330614
350,50,hybrid,7,3.0,2.0,205.1818188256968
350,50,hybrid,8,3.0,4.0,223.44073143437382
351,51,hybrid,0,0.0,0.0,0.0
351,51,hybrid,1,0.0,2.0,134.52003514269504
351,51,hybrid,2,0.0,4.0,148.1032497367979
351,51,hybrid,3,1.5,0.0,54.282230576546404
351,51,hybrid,4,1.5,2.0,193.01157967069614
351,51,hybrid,5,1.5,4.0,190.25120867244655
351,51,hybrid,6,3.0,0.0,67.8533901495678
351,51,hybrid,7,3.0,2.0,200.0243808197576
351,51,hybrid,8,3.0,4.0,216.06727357261823
352,52,hybrid,0,0.0,0.0,0.0
352,52,hybrid,1,0.0,2.0,145.7123916668487
352,52,hybrid,2,0.0,4.0,148.00458080290633
352,52,hybrid,3,1.5,0.0,63.06822100596714
352,52,hybrid,4,1.5,2.0,192.15768847437135
352,52,hybrid,5,1.5,4.0,201.20472198359343
352,52,hybrid,6,3.0,0.0,73.41831615649915
352,52,hybrid,7,3.0,2.0,200.26427770439662
352,52,hybrid,8,3.0,4.0,223.9711482769294
353,53,hybrid,0,0.0,0.0,0.0
353,53,hybrid,1,0.0,2.0,124.82277475633705
353,53,hybrid,2,0.0,4.0,149.8231472313339
353,53,hybrid,3,1.5,0.0,57.893305768420234
353,53,hybrid,4,1.5,2.0,168.95118603265442
353,53,hybrid,5,1.5,4.0,193.86571085754414
353,53,hybrid,6,3.0,0.0,64.68453928588752
353,53,hybrid,7,3.0,2.0,182.83925026347848
353,53,hybrid,8,3.0,4.0,209.84233055570084
354,54,hybrid,0,0.0,0.0,0.0
354,54,hybrid,1,0.0,2.0,133.06475243354697
354,54,hybrid,2,0.0,4.0,110.76846692583747
354,54,hybrid,3,1.5,0.0,70.26662557363713
354,54,hybrid,4,1.5,2.0,179.54376968815288
354,54,hybrid,5,1.5,4.0,182.85775175264033
354,54,hybrid,6,3.0,0.0,66.01755333010951
354,54,hybrid,7,3.0,2.0,202.02704398210378
354,54,hybrid,8,3.0,4.0,220.22713406735662
355,55,hybrid,0,0.0,0.0,0.0
355,55,hybrid,1,0.0,2.0,126.4296526520143
355,55,hybrid,2,0.0,4.0,149.6361971890923
355,55,hybrid,3,1.5,0.0,57.84120546498821
355,55,hybrid,4,1.5,2.0,173.39722309782582
355,55,hybrid,5,1.5,4.0,211.16305709922682
355,55,hybrid,6,3.0,0.0,71.69033899789203
355,55,hybrid,7,3.0,2.0,187.3099383170362
355,55,hybrid,8,3.0,4.0,193.50473280445442
356,56,hybrid,0,0.0,0.0,0.0
356,56,hybrid,1,0.0,2.0,129.66708761962593
356,56,hybrid,2,0.0,4.0,149.63024479425627
356,56,hybrid,3,1.5,0.0,53.983401446188516
356,56,hybrid,4,1.5,2.0,181.03490920314366
356,56,hybrid,5,1.5,4.0,171.92855046216428
356,56,hybrid,6,3.0,0.0,68.37753425836605
356,56,hybrid,7,3.0,2.0,183.67616729917418
356,56,hybrid,8,3.0,4.0,203.49488966841724
357,57,hybrid,0,0.0,0.0,0.0
357,57,hybrid,1,0.0,2.0,143.90789144711152
357,57,hybrid,2,0.0,4.0,142.08478981084215
357,57,hybrid,3,1.5,0.0,55.75499069461468
357,57,hybrid,4,1.5,2.0,205.68423891666214
357,57,hybrid,5,1.5,4.0,196.0180955140394
357,57,hybrid,6,3.0,0.0,74.31308117745718
357,57,hybrid,7,3.0,2.0,195.53647667573833
357,57,hybrid,8,3.0,4.0,220.58447225373502
358,58,hybrid,0,0.0,0.0,0.0
358,58,hybrid,1,0.0,2.0,132.32557879427026
358,58,hybrid,2,0.0,4.0,149.43643468107953
358,58,hybrid,3,1.5,0.0,65.37970889206069
358,58,hybrid,4,1.5,2.0,183.62236057320817
358,58,hybrid,5,1.5,4.0,190.50416456895886
358,58,hybrid,6,3.0,0.0,73.63139972764495
358,58,hybrid,7,3.0,2.0,177.3843267477051
358,58,hybrid,8,3.0,4.0,219.85855696671638
359,59,hybrid,0,0.0,0.0,0.0
359,59,hybrid,1,0.0,2.0,134.20256063299473
359,59,hybrid,2,0.0,4.0,142.2599066774614
359,59,hybrid,3,1.5,0.0,59.45668463896123
359,59,hybrid,4,1.5,2.0,179.62176303985007
359,59,hybrid,5,1.5,4.0,199.42813946744187
359,59,hybrid,6,3.0,0.0,74.00784535559646
359,59,hybrid,7,3.0,2.0,189.17187880208277
359,59,hybrid,8,3.0,4.0,219.36136590764409
360,60,hybrid,0,0.0,0.0,0.0
360,60,hybrid,1,0.0,2.0,143.0446108143102
360,60,hybrid,2,0.0,4.0,149.49279121297158
360,60,hybrid,3,1.5,0.0,71.23425383256341
360,60,hybrid,4,1.5,2.0,163.07360785645344
360,60,hybrid,5,1.5,4.0,194.88028494687785
360,60,hybrid,6,3.0,0.0,70.15737726340767
360,60,hybrid,7,3.0,2.0,190.4878731444749
360,60,hybrid,8,3.0,4.0,216.29489443097313
361,61,hybrid,0,0.0,0.0,0.0
361,61,hybrid,1,0.0,2.0,144.14401913448447
361,61,hybrid,2,0.0,4.0,130.96837031483065
361,61,hybrid,3,1.5,0.0,61.43760866023967
361,61,hybrid,4,1.5,2.0,168.39955108245408
361,61,hybrid,5,1.5,4.0,193.37027590008677
361,61,hybrid,6,3.0,0.0,68.1810666116671
361,61,hybrid,7,3.0,2.0,198.06246281858216
361,61,hybrid,8,3.0,4.0,216.8713731774885
362,62,hybrid,0,0.0,0.0,0.0
362,62,hybrid,1,0.0,2.0,134.6587787527023
362,62,hybrid,2,0.0,4.0,149.16547819101288
362,62,hybrid,3,1.5,0.0,52.94883295692269
362,62,hybrid,4,1.5,2.0,192.5701469337079
362,62,hybrid,5,1.5,4.0,194.6860990567988
362,62,hybrid,6,3.0,0.0,72.8190861674482
362,62,hybrid,7,3.0,2.0,188.53182208995466
362,62,hybrid,8,3.0,4.0,224.23707081391842
363,63,hybrid,0,0.0,0.0,0.0
363,63,hybrid,1,0.0,2.0,121.4513207584659
363,63,hybrid,2,0.0,4.0,134.77741055901035
363,63,hybrid,3,1.5,0.0,58.73897896968343
363,63,hybrid,4,1.5,2.0,189.54546016318417
363,63,hybrid,5,1.5,4.0,195.82272042042783
363,63,hybrid,6,3.0,0.0,74.46069105401784
363,63,hybrid,7,3.0,2.0,166.98409135949433
363,63,hybrid,8,3.0,4.0,218.4092802470808
364,64,hybrid,0,0.0,0.0,0.0
364,64,hybrid,1,0.0,2.0,131.1124778922107
364,64,hybrid,2,0.0,4.0,139.68798940531872
364,64,hybrid,3,1.5,0.0,51.96257715952227
364,64,hybrid,4,1.5,2.0,192.63056536137543
364,64,hybrid,5,1.5,4.0,199.9109677885079
364,64,hybrid,6,3.0,0.0,73.38475035695004
364,64,hybrid,7,3.0,2.0,198.7878436526106
364,64,hybrid,8,3.0,4.0,224.15791546886274
365,65,hybrid,0,0.0,0.0,0.0
365,65,hybrid,1,0.0,2.0,116.68983325447937
365,65,hybrid,2,0.0,4.0,149.40392674719334
365,65,hybrid,3,1.5,0.0,56.901451744349885
365,65,hybrid,4,1.5,2.0,195.50015952728765
365,65,hybrid,5,1.5,4.0,193.7171942032895
365,65,hybrid,6,3.0,0.0,73.40481529961461
365,65,hybrid,7,3.0,2.0,188.0487524986223
365,65,hybrid,8,3.0,4.0,217.22344673779577
366,66,hybrid,0,0.0,0.0,0.0
366,66,hybrid,1,0.0,2.0,142.54436594955072
366,66,hybrid,2,0.0,4.0,146.16002214319957
366,66,hybrid,3,1.5,0.0,66.12868705552982
366,66,hybrid,4,1.5,2.0,185.65517290932843
366,66,hybrid,5,1.5,4.0,191.44863723113727
366,66,hybrid,6,3.0,0.0,74.08923352932464
366,66,hybrid,7,3.0,2.0,191.17467133379066
366,66,hybrid,8,3.0,4.0,211.31599003142838
367,67,hybrid,0,0.0,0.0,0.0
367,67,hybrid,1,0.0,2.0,139.11965132186972
367,67,hybrid,2,0.0,4.0,148.82172491830818
367,67,hybrid,3,1.5,0.0,63.32383323828821
367,67,hybrid,4,1.5,2.0,195.39065605634752
367,67,hybrid,5,1.5,4.0,193.60674821455356
367,67,hybrid,6,3.0,0.0,73.33847847213354
367,67,hybrid,7,3.0,2.0,192.54643240858948
367,67,hybrid,8,3.0,4.0,219.23934546457946
368,68,hybrid,0,0.0,0.0,0.0
368,68,hybrid,1,0.0,2.0,131.51916304543764
368,68,hybrid,2,0.0,4.0,148.883968228865
368,68,hybrid,3,1.5,0.0,50.122989406385784
368,68,hybrid,4,1.5,2.0,194.41093995441065
368,68,hybrid,5,1.5,4.0,196.17938863576367
368,68,hybrid,6,3.0,0.0,70.87673712469089
368,68,hybrid,7,3.0,2.0,180.03579508411644
368,68,hybrid,8,3.0,4.0,224.384301919351
369,69,hybrid,0,0.0,0.0,0.0
369,69,hybrid,1,0.0,2.0,128.98991165973902
369,69,hybrid,2,0.0,4.0,149.0455971838296
369,69,hybrid,3,1.5,0.0,55.701554615449666
369,69,hybrid,4,1.5,2.0,157.16441929271562
369,69,hybrid,5,1.5,4.0,192.88001029279383
369,69,hybrid,6,3.0,0.0,67.95670809401135
369,69,hybrid,7,3.0,2.0,194.95632540129324
369,69,hybrid,8,3.0,4.0,215.16256658623263
370,70,hybrid,0,0.0,0.0,0.0
370,70,hybrid,1,0.0,2.0,124.3907032425205
370,70,hybrid,2,0.0,4.0,146.975514189447
370,70,hybrid,3,1.5,0.0,61.715809281356414
370,70,hybrid,4,1.5,2.0,178.48214528753076
370,70,hybrid,5,1.5,4.0,205.36210945780925
370,70,hybrid,6,3.0,0.0,73.8420273095604
370,70,hybrid,7,3.0,2.0,168.31405780242895
370,70,hybrid,8,3.0,4.0,222.66236418022694
371,71,hybrid,0,0.0,0.0,0.0
371,71,hybrid,1,0.0,2.0,135.70940383000732
371,71,hybrid,2,0.0,4.0,147.82272702383892
371,71,hybrid,3,1.5,0.0,54.39231855779075
371,71,hybrid,4,1.5,2.0,169.12696798350555
371,71,hybrid,5,1.5,4.0,187.23129688573002
371,71,hybrid,6,3.0,0.0,67.90256973248496
371,71,hybrid,7,3.0,2.0,193.1212169862269
371,71,hybrid,8,3.0,4.0,221.38236540947753
372,72,hybrid,0,0.0,0.0,0.0
372,72,hybrid,1,0.0,2.0,141.8500234034946
372,72,hybrid,2,0.0,4.0,146.63724129075456
372,72,hybrid,3,1.5,0.0,55.80576843350836
372,72,hybrid,4,1.5,2.0,185.87041837590553
372,72,hybrid,5,1.5,4.0,201.6397437159855
372,72,hybrid,6,3.0,0.0,70.05463070847827
372,72,hybrid,7,3.0,2.0,191.02066536774504
372,72,hybrid,8,3.0,4.0,222.29685234460334
373,73,hybrid,0,0.0,0.0,0.0
373,73,hybrid,1,0.0,2.0,110.32247100775348
373,73,hybrid,2,0.0,4.0,142.5177742778126
373,73,hybrid,3,1.5,0.0,55.849101805787214
373,73,hybrid,4,1.5,2.0,182.09822077713227
373,73,hybrid,5,1.5,4.0,181.17652162439347
373,73,hybrid,6,3.0,0.0,74.91157361566695
373,73,hybrid,7,3.0,2.0,203.22454634360162
373,73,hybrid,8,3.0,4.0,224.01890097399487
374,74,hybrid,0,0.0,0.0,0.0
374,74,hybrid,1,0.0,2.0,126.25800014767452
374,74,hybrid,2,0.0,4.0,139.59493468107954
374,74,hybrid,3,1.5,0.0,57.59763738140004
374,74,hybrid,4,1.5,2.0,171.39062788383075
374,74,hybrid,5,1.5,4.0,191.63542649951754
374,74,hybrid,6,3.0,0.0,69.75618863301182
374,74,hybrid,7,3.0,2.0,189.42721737469356
374,74,hybrid,8,3.0,4.0,224.84080696829355
375,75,hybrid,0,0.0,0.0,0.0
375,75,hybrid,1,0.0,2.0,133.03046312024068
375,75,hybrid,2,0.0,4.0,137.56904487979148
375,75,hybrid,3,1.5,0.0,46.11836568861718
375,75,hybrid,4,1.5,2.0,184.05726893062274
375,75,hybrid,5,1.5,4.0,186.42596184482147
375,75,hybrid,6,3.0,0.0,74.57051873272333
375,75,hybrid,7,3.0,2.0,167.79663703634375
375,75,hybrid,8,3.0,4.0,215.7413023181944
376,76,hybrid,0,0.0,0.0,0.0
376,76,hybrid,1,0.0,2.0,130.1899011656882
376,76,hybrid,2,0.0,4.0,145.43077726761564
376,76,hybrid,3,1.5,0.0,65.41963231857133
376,76,hybrid,4,1.5,2.0,200.7955689171719
376,76,hybrid,5,1.5,4.0,199.47865965607573
376,76,hybrid,6,3.0,0.0,66.81320553494523
376,76,hybrid,7,3.0,2.0,187.65673460496856
376,76,hybrid,8,3.0,4.0,224.8829418283895
377,77,hybrid,0,0.0,0.0,0.0
377,77,hybrid,1,0.0,2.0,113.00753834100053
377,77,hybrid,2,0.0,4.0,145.56858808491094
377,77,hybrid,3,1.5,0.0,56.97968718120113
377,77,hybrid,4,1.5,2.0,189.43851265032737
377,77,hybrid,5,1.5,4.0,199.45065013285512
377,77,hybrid,6,3.0,0.0,74.59909779482975
377,77,hybrid,7,3.0,2.0,206.03462020682167
377,77,hybrid,8,3.0,4.0,224.88151419385977
378,78,hybrid,0,0.0,0.0,0.0
378,78,hybrid,1,0.0,2.0,128.07835394987228
378,78,hybrid,2,0.0,4.0,145.74172327763364
378,78,hybrid,3,1.5,0.0,52.89089877482725
378,78,hybrid,4,1.5,2.0,154.10536349590475
378,78,hybrid,5,1.5,4.0,200.3547891657626
378,78,hybrid,6,3.0,0.0,74.41086245915409
378,78,hybrid,7,3.0,2.0,216.33286411466523
378,78,hybrid,8,3.0,4.0,192.1464793748376
379,79,hybrid,0,0.0,0.0,0.0
379,79,hybrid,1,0.0,2.0,122.73634849098632
379,79,hybrid,2,0.0,4.0,149.3738163123106
379,79,hybrid,3,1.5,0.0,67.18671803067171
379,79,hybrid,4,1.5,2.0,185.94933494269867
379,79,hybrid,5,1.5,4.0,184.37641695335924
379,79,hybrid,6,3.0,0.0,74.3273265410933
379,79,hybrid,7,3.0,2.0,197.9233961890111
379,79,hybrid,8,3.0,4.0,214.80802030387767
380,80,hybrid,0,0.0,0.0,0.0
380,80,hybrid,1,0.0,2.0,125.87148029380418
380,80,hybrid,2,0.0,4.0,149.49279121297158
380,80,hybrid,3,1.5,0.0,68.92672430467539
380,80,hybrid,4,1.5,2.0,198.28101258692027
380,80,hybrid,5,1.5,4.0,187.07305917776316
380,80,hybrid,6,3.0,0.0,71.35893458741113
380,80,hybrid,7,3.0,2.0,187.58868369450477
380,80,hybrid,8,3.0,4.0,223.44837717707446
381,81,hybrid,0,0.0,0.0,0.0
381,81,hybrid,1,0.0,2.0,113.32684989311568
381,81,hybrid,2,0.0,4.0,143.99218958870435
381,81,hybrid,3,1.5,0.0,65.79989584992789
381,81,hybrid,4,1.5,2.0,167.4068273021515
381,81,hybrid,5,1.5,4.0,192.62445297849217
381,81,hybrid,6,3.0,0.0,73.6636508080911
381,81,hybrid,7,3.0,2.0,185.94806770310004
381,81,hybrid,8,3.0,4.0,215.79111467323207
382,82,hybrid,0,0.0,0.0,0.0
382,82,hybrid,1,0.0,2.0,131.69789698904975
382,82,hybrid,2,0.0,4.0,146.19872592601214
382,82,hybrid,3,1.5,0.0,65.75626377294113
382,82,hybrid,4,1.5,2.0,160.82628943362815
382,82,hybrid,5,1.5,4.0,193.71656759825981
382,82,hybrid,6,3.0,0.0,62.14976873272334
382,82,hybrid,7,3.0,2.0,198.752292492082
382,82,hybrid,8,3.0,4.0,219.36761546640497
383,83,hybrid,0,0.0,0.0,0.0
383,83,hybrid,1,0.0,2.0,138.83890131010165
383,83,hybrid,2,0.0,4.0,149.3738163123106
383,83,hybrid,3,1.5,0.0,69.21642973839113
383,83,hybrid,4,1.5,2.0,185.54533936540014
383,83,hybrid,5,1.5,4.0,185.76220522327046
383,83,hybrid,6,3.0,0.0,67.26272020285471
383,83,hybrid,7,3.0,2.0,183.80630425045538
383,83,hybrid,8,3.0,4.0,217.7351371300019
384,84,hybrid,0,0.0,0.0,0.0
384,84,hybrid,1,0.0,2.0,136.5305904712781
384,84,hybrid,2,0.0,4.0,138.70383940531872
384,84,hybrid,3,1.5,0.0,43.53772682554244
384,84,hybrid,4,1.5,2.0,186.130941006891
384,84,hybrid,5,1.5,4.0,197.9351229404744
384,84,hybrid,6,3.0,0.0,74.44889799160794
384,84,hybrid,7,3.0,2.0,199.07538016748958
384,84,hybrid,8,3.0,4.0,218.26321393668695
385,85,hybrid,0,0.0,0.0,0.0
385,85,hybrid,1,0.0,2.0,135.9598951294281
385,85,hybrid,2,0.0,4.0,149.54351209167442
385,85,hybrid,3,1.5,0.0,56.24052149253628
385,85,hybrid,4,1.5,2.0,176.40407161568447
385,85,hybrid,5,1.5,4.0,173.85098063366587
385,85,hybrid,6,3.0,0.0,67.2532880947457
385,85,hybrid,7,3.0,2.0,172.9886232000927
385,85,hybrid,8,3.0,4.0,219.2571682421805
386,86,hybrid,0,0.0,0.0,0.0
386,86,hybrid,1,0.0,2.0,130.12990002619895
386,86,hybrid,2,0.0,4.0,140.01079447849415
386,86,hybrid,3,1.5,0.0,59.52137159538094
386,86,hybrid,4,1.5,2.0,167.9558728691068
386,86,hybrid,5,1.5,4.0,188.01339010982895
386,86,hybrid,6,3.0,0.0,73.40190206856663
386,86,hybrid,7,3.0,2.0,175.27628833829172
386,86,hybrid,8,3.0,4.0,212.43114407229191
387,87,hybrid,0,0.0,0.0,0.0
387,87,hybrid,1,0.0,2.0,128.9960410003617
387,87,hybrid,2,0.0,4.0,149.59764434953186
387,87,hybrid,3,1.5,0.0,64.28228550023968
387,87,hybrid,4,1.5,2.0,181.75712468045722
387,87,hybrid,5,1.5,4.0,190.9333444317304
387,87,hybrid,6,3.0,0.0,69.43424846185218
387,87,hybrid,7,3.0,2.0,180.04837055312953
387,87,hybrid,8,3.0,4.0,189.61734832423946
388,88,hybrid,0,0.0,0.0,0.0
388,88,hybrid,1,0.0,2.0,121.39772554821262
388,88,hybrid,2,0.0,4.0,147.81855940974123
388,88,hybrid,3,1.5,0.0,53.848724421459714
388,88,hybrid,4,1.5,2.0,170.6792326926651
388,88,hybrid,5,1.5,4.0,205.07406741629734
388,88,hybrid,6,3.0,0.0,68.31294445597014
388,88,hybrid,7,3.0,2.0,191.12381559042538
388,88,hybrid,8,3.0,4.0,213.53170663956104
389,89,hybrid,0,0.0,0.0,0.0
389,89,hybrid,1,0.0,2.0,127.33802619372953
389,89,hybrid,2,0.0,4.0,143.41562638390198
389,89,hybrid,3,1.5,0.0,43.39608223175208
389,89,hybrid,4,1.5,2.0,176.5923858565026
389,89,hybrid,5,1.5,4.0,202.00208014874255
389,89,hybrid,6,3.0,0.0,69.87370747667731
389,89,hybrid,7,3.0,2.0,175.41272285242673
389,89,hybrid,8,3.0,4.0,224.66991365399554
390,90,hybrid,0,0.0,0.0,0.0
390,90,hybrid,1,0.0,2.0,131.78321930342483
390,90,hybrid,2,0.0,4.0,149.64455220155747
390,90,hybrid,3,1.5,0.0,46.022002192880784
390,90,hybrid,4,1.5,2.0,189.1024899279087
390,90,hybrid,5,1.5,4.0,198.65052060800824
390,90,hybrid,6,3.0,0.0,73.86866919638538
390,90,hybrid,7,3.0,2.0,200.10951926102035
390,90,hybrid,8,3.0,4.0,224.89932426565065
391,91,hybrid,0,0.0,0.0,0.0
391,91,hybrid,1,0.0,2.0,141.79046808404644
391,91,hybrid,2,0.0,4.0,140.81465690838465
391,91,hybrid,3,1.5,0.0,60.41027314519345
391,91,hybrid,4,1.5,2.0,170.1338828715482
391,91,hybrid,5,1.5,4.0,203.61060181997468
391,91,hybrid,6,3.0,0.0,72.46154292645313
391,91,hybrid,7,3.0,2.0,209.88483642095522
391,91,hybrid,8,3.0,4.0,221.04072458672854
392,92,hybrid,0,0.0,0.0,0.0
392,92,hybrid,1,0.0,2.0,125.34197613205956
392,92,hybrid,2,0.0,4.0,140.96306138186108
392,92,hybrid,3,1.5,0.0,60.84929656196877
392,92,hybrid,4,1.5,2.0,189.8864654477003
392,92,hybrid,5,1.5,4.0,195.0023340017792
392,92,hybrid,6,3.0,0.0,72.78655527838136
392,92,hybrid,7,3.0,2.0,201.01670199726084
392,92,hybrid,8,3.0,4.0,224.70580860574228
393,93,hybrid,0,0.0,0.0,0.0
393,93,hybrid,1,0.0,2.0,139.74904587741995
393,93,hybrid,2,0.0,4.0,146.6088035050762
393,93,hybrid,3,1.5,0.0,60.18153750764926
393,93,hybrid,4,1.5,2.0,186.7358753781713
393,93,hybrid,5,1.5,4.0,195.41883335398387
393,93,hybrid,6,3.0,0.0,69.51672977822606
393,93,hybrid,7,3.0,2.0,191.7145756092711
393,93,hybrid,8,3.0,4.0,215.56182942835406
394,94,hybrid,0,0.0,0.0,0.0
394,94,hybrid,1,0.0,2.0,124.55280260806059
394,94,hybrid,2,0.0,4.0,149.54351209167442
394,94,hybrid,3,1.5,0.0,56.101983658315625
394,94,hybrid,4,1.5,2.0,202.1793918388056
394,94,hybrid,5,1.5,4.0,187.78625779001175
394,94,hybrid,6,3.0,0.0,72.47075447655318
394,94,hybrid,7,3.0,2.0,165.2761360836149
394,94,hybrid,8,3.0,4.0,214.86480723681439
395,95,hybrid,0,0.0,0.0,0.0
395,95,hybrid,1,0.0,2.0,140.43826991627444
395,95,hybrid,2,0.0,4.0,147.34753873580112
395,95,hybrid,3,1.5,0.0,59.46780956370483
395,95,hybrid,4,1.5,2.0,180.32843299320768
395,95,hybrid,5,1.5,4.0,204.2082189693623
395,95,hybrid,6,3.0,0.0,74.05313171593173
395,95,hybrid,7,3.0,2.0,204.18685604016372
395,95,hybrid,8,3.0,4.0,224.33152860281137
396,96,hybrid,0,0.0,0.0,0.0
396,96,hybrid,1,0.0,2.0,130.43677999051297
396,96,hybrid,2,0.0,4.0,148.67625885884004
396,96,hybrid,3,1.5,0.0,52.19832587433269
396,96,hybrid,4,1.5,2.0,199.59874105526987
396,96,hybrid,5,1.5,4.0,187.55854045003764
396,96,hybrid,6,3.0,0.0,71.56412254573868
396,96,hybrid,7,3.0,2.0,198.88376482336298
396,96,hybrid,8,3.0,4.0,210.21024760247076
397,97,hybrid,0,0.0,0.0,0.0
397,97,hybrid,1,0.0,2.0,126.03209311773092
397,97,hybrid,2,0.0,4.0,146.90969783512267
397,97,hybrid,3,1.5,0.0,42.51125134152754
397,97,hybrid,4,1.5,2.0,201.48869742632024
397,97,hybrid,5,1.5,4.0,197.46291425044146
397,97,hybrid,6,3.0,0.0,68.61190815615531
397,97,hybrid,7,3.0,2.0,210.2492611106631
397,97,hybrid,8,3.0,4.0,220.97232525192618
398,98,hybrid,0,0.0,0.0,0.0
398,98,hybrid,1,0.0,2.0,121.92640324685792
398,98,hybrid,2,0.0,4.0,148.35729792391442
398,98,hybrid,3,1.5,0.0,70.19716292405288
398,98,hybrid,4,1.5,2.0,176.38881114818352
398,98,hybrid,5,1.5,4.0,197.11040516822302
398,98,hybrid,6,3.0,0.0,68.76331918671842
398,98,hybrid,7,3.0,2.0,175.54600273444112
398,98,hybrid,8,3.0,4.0,221.16085063382255
399,99,hybrid,0,0.0,0.0,0.0
399,99,hybrid,1,0.0,2.0,143.66283077428545
399,99,hybrid,2,0.0,4.0,149.428759755287
399,99,hybrid,3,1.5,0.0,57.682907694789314
399,99,hybrid,4,1.5,2.0,172.24196656045442
399,99,hybrid,5,1.5,4.0,181.04704545434163
399,99,hybrid,6,3.0,0.0,60.85513407245973
399,99,hybrid,7,3.0,2.0,175.80956309983512
399,99,hybrid,8,3.0,4.0,222.27649255932045
