Step,AgentID,Theta,ChosenEp,ChosenEs,Payoff,RunId,iteration,nu,theta_L,theta_H,delta_W,safety_bonus,performance_bonus,developer_class,contract_type,DisasterOccurred,SocialWelfare
0,1,2.0,0.09210316405272234,3.199704080549104,39.23685259241391,0,0,0.5,1.0,2.0,1000.0,150.0,75.0,<class 'src.agents.rational.RationalDeveloperAgent'>,optimal,False,-39.23685259241391
0,1,2.0,0.09210316405272234,3.199704080549104,39.23685259241391,1,1,0.5,1.0,2.0,1000.0,150.0,75.0,<class 'src.agents.rational.RationalDeveloperAgent'>,optimal,False,-39.23685259241391
0,1,2.0,0.09210316405272234,3.199704080549104,39.23685259241391,2,2,0.5,1.0,2.0,1000.0,150.0,75.0,<class 'src.agents.rational.RationalDeveloperAgent'>,optimal,False,-39.23685259241391
0,1,1.0,0.060929872554081534,2.6828190801274854,39.23963910986585,3,3,0.5,1.0,2.0,1000.0,150.0,75.0,<class 'src.agents.rational.RationalDeveloperAgent'>,optimal,False,-39.23963910986585
0,1,2.0,0.09210316405272234,3.199704080549104,39.23685259241391,4,4,0.5,1.0,2.0,1000.0,150.0,75.0,<class 'src.agents.rational.RationalDeveloperAgent'>,optimal,False,-39.23685259241391
0,1,1.0,0.060929872554081534,2.6828190801274854,39.23963910986585,5,5,0.5,1.0,2.0,1000.0,150.0,75.0,<class 'src.agents.rational.RationalDeveloperAgent'>,optimal,False,-39.23963910986585
0,1,1.0,0.060929872554081534,2.6828190801274854,39.23963910986585,6,6,0.5,1.0,2.0,1000.0,150.0,75.0,<class 'src.agents.rational.RationalDeveloperAgent'>,optimal,False,-39.23963910986585
0,1,1.0,0.060929872554081534,2.6828190801274854,39.23963910986585,7,7,0.5,1.0,2.0,1000.0,150.0,75.0,<class 'src.agents.rational.RationalDeveloperAgent'>,optimal,False,-39.23963910986585
0,1,2.0,0.09210316405272234,3.199704080549104,39.23685259241391,8,8,0.5,1.0,2.0,1000.0,150.0,75.0,<class 'src.agents.rational.RationalDeveloperAgent'>,optimal,False,-39.23685259241391
0,1,2.0,0.09210316405272234,3.199704080549104,39.337843880111514,9,9,0.5,1.0,2.0,1000.0,150.0,75.0,<class 'src.agents.rational.RationalDeveloperAgent'>,optimal,False,-39.337843880111514
0,1,1.0,0.060929872554081534,2.6828190801274854,39.23963910986585,10,10,0.5,1.0,2.0,1000.0,150.0,75.0,<class 'src.agents.rational.RationalDeveloperAgent'>,optimal,False,-39.23963910986585
0,1,2.0,0.09210316405272234,3.199704080549104,39.23685259241391,11,11,0.5,1.0,2.0,1000.0,150.0,75.0,<class 'src.agents.rational.RationalDeveloperAgent'>,optimal,False,-39.23685259241391
0,1,2.0,0.09210316405272234,3.199704080549104,39.23685259241391,12,12,0.5,1.0,2.0,1000.0,150.0,75.0,<class 'src.agents.rational.RationalDeveloperAgent'>,optimal,False,-39.23685259241391
0,1,2.0,0.09210316405272234,3.199704080549104,3.937375225859796e-08,13,13,0.5,1.0,2.0,1000.0,150.0,75.0,<class 'src.agents.rational.RationalDeveloperAgent'>,optimal,True,-1000.0000000393737
0,1,1.0,0.060929872554081534,2.6828190801274854,0.06475881381027193,14,14,0.5,1.0,2.0,1000.0,150.0,75.0,<class 'src.agents.rational.RationalDeveloperAgent'>,optimal,True,-1000.0647588138103
0,1,1.0,0.060929872554081534,2.6828190801274854,39.23963910986585,15,15,0.5,1.0,2.0,1000.0,150.0,75.0,<class 'src.agents.rational.RationalDeveloperAgent'>,optimal,False,-39.23963910986585
0,1,2.0,0.09210316405272234,3.199704080549104,39.23685259241391,16,16,0.5,1.0,2.0,1000.0,150.0,75.0,<class 'src.agents.rational.RationalDeveloperAgent'>,optimal,False,-39.23685259241391
0,1,2.0,0.09210316405272234,3.199704080549104,39.23685259241391,17,17,0.5,1.0,2.0,1000.0,150.0,75.0,<class 'src.agents.rational.RationalDeveloperAgent'>,optimal,False,-39.23685259241391
0,1,1.0,0.060929872554081534,2.6828190801274854,39.23963910986585,18,18,0.5,1.0,2.0,1000.0,150.0,75.0,<class 'src.agents.rational.RationalDeveloperAgent'>,optimal,False,-39.23963910986585
0,1,1.0,0.060929872554081534,2.6828190801274854,39.23963910986585,19,19,0.5,1.0,2.0,1000.0,150.0,75.0,<class 'src.agents.rational.RationalDeveloperAgent'>,optimal,False,-39.23963910986585
0,1,2.0,0.09210316405272234,3.199704080549104,39.23685259241391,20,20,0.5,1.0,2.0,1000.0,150.0,75.0,<class 'src.agents.rational.RationalDeveloperAgent'>,optimal,False,-39.23685259241391
0,1,2.0,0.09210316405272234,3.199704080549104,39.337843880111514,21,21,0.5,1.0,2.0,1000.0,150.0,75.0,<class 'src.agents.rational.RationalDeveloperAgent'>,optimal,False,-39.337843880111514
0,1,1.0,0.060929872554081534,2.6828190801274854,39.23963910986585,22,22,0.5,1.0,2.0,1000.0,150.0,75.0,<class 'src.agents.rational.RationalDeveloperAgent'>,optimal,False,-39.23963910986585
0,1,2.0,0.09210316405272234,3.199704080549104,39.23685259241391,23,23,0.5,1.0,2.0,1000.0,150.0,75.0,<class 'src.agents.rational.RationalDeveloperAgent'>,optimal,False,-39.23685259241391
0,1,2.0,0.09210316405272234,3.199704080549104,39.23685259241391,24,24,0.5,1.0,2.0,1000.0,150.0,75.0,<class 'src.agents.rational.RationalDeveloperAgent'>,optimal,False,-39.23685259241391
0,1,2.0,0.09210316405272234,3.199704080549104,39.23685259241391,25,25,0.5,1.0,2.0,1000.0,150.0,75.0,<class 'src.agents.rational.RationalDeveloperAgent'>,optimal,False,-39.23685259241391
0,1,2.0,0.09210316405272234,3.199704080549104,39.337843880111514,26,26,0.5,1.0,2.0,1000.0,150.0,75.0,<class 'src.agents.rational.RationalDeveloperAgent'>,optimal,False,-39.337843880111514
0,1,1.0,0.060929872554081534,2.6828190801274854,0.0,27,27,0.5,1.0,2.0,1000.0,150.0,75.0,<class 'src.agents.rational.RationalDeveloperAgent'>,optimal,True,-1000.0
0,1,1.0,0.060929872554081534,2.6828190801274854,39.23963910986585,28,28,0.5,1.0,2.0,1000.0,150.0,75.0,<class 'src.agents.rational.RationalDeveloperAgent'>,optimal,False,-39.23963910986585
0,1,2.0,0.09210316405272234,3.199704080549104,39.23685259241391,29,29,0.5,1.0,2.0,1000.0,150.0,75.0,<class 'src.agents.rational.RationalDeveloperAgent'>,optimal,False,-39.23685259241391
0,1,2.0,0.09210316405272234,3.199704080549104,39.23685259241391,30,30,0.5,1.0,2.0,1000.0,150.0,75.0,<class 'src.agents.rational.RationalDeveloperAgent'>,optimal,False,-39.23685259241391
0,1,2.0,0.09210316405272234,3.199704080549104,39.23685259241391,31,31,0.5,1.0,2.0,1000.0,150.0,75.0,<class 'src.agents.rational.RationalDeveloperAgent'>,optimal,False,-39.23685259241391
0,1,1.0,0.060929872554081534,2.6828190801274854,39.23963910986585,32,32,0.5,1.0,2.0,1000.0,150.0,75.0,<class 'src.agents.rational.RationalDeveloperAgent'>,optimal,False,-39.23963910986585
0,1,1.0,0.060929872554081534,2.6828190801274854,39.23963910986585,33,33,0.5,1.0,2.0,1000.0,150.0,75.0,<class 'src.agents.rational.RationalDeveloperAgent'>,optimal,False,-39.23963910986585
0,1,1.0,0.060929872554081534,2.6828190801274854,39.23963910986585,34,34,0.5,1.0,2.0,1000.0,150.0,75.0,<class 'src.agents.rational.RationalDeveloperAgent'>,optimal,False,-39.23963910986585
0,1,1.0,0.060929872554081534,2.6828190801274854,39.23963910986585,35,35,0.5,1.0,2.0,1000.0,150.0,75.0,<class 'src.agents.rational.RationalDeveloperAgent'>,optimal,False,-39.23963910986585
0,1,1.0,0.060929872554081534,2.6828190801274854,39.23963910986585,36,36,0.5,1.0,2.0,1000.0,150.0,75.0,<class 'src.agents.rational.RationalDeveloperAgent'>,optimal,False,-39.23963910986585
0,1,2.0,0.09210316405272234,3.199704080549104,39.23685259241391,37,37,0.5,1.0,2.0,1000.0,150.0,75.0,<class 'src.agents.rational.RationalDeveloperAgent'>,optimal,False,-39.23685259241391
0,1,2.0,0.09210316405272234,3.199704080549104,39.23685259241391,38,38,0.5,1.0,2.0,1000.0,150.0,75.0,<class 'src.agents.rational.RationalDeveloperAgent'>,optimal,False,-39.23685259241391
0,1,2.0,0.09210316405272234,3.199704080549104,39.23685259241391,39,39,0.5,1.0,2.0,1000.0,150.0,75.0,<class 'src.agents.rational.RationalDeveloperAgent'>,optimal,False,-39.23685259241391
0,1,1.0,0.060929872554081534,2.6828190801274854,39.23963910986585,40,40,0.5,1.0,2.0,1000.0,150.0,75.0,<class 'src.agents.rational.RationalDeveloperAgent'>,optimal,False,-39.23963910986585
0,1,2.0,0.09210316405272234,3.199704080549104,39.23685259241391,41,41,0.5,1.0,2.0,1000.0,150.0,75.0,<class 'src.agents.rational.RationalDeveloperAgent'>,optimal,False,-39.23685259241391
0,1,2.0,0.09210316405272234,3.199704080549104,39.23685259241391,42,42,0.5,1.0,2.0,1000.0,150.0,75.0,<class 'src.agents.rational.RationalDeveloperAgent'>,optimal,False,-39.23685259241391
0,1,1.0,0.060929872554081534,2.6828190801274854,39.23963910986585,43,43,0.5,1.0,2.0,1000.0,150.0,75.0,<class 'src.agents.rational.RationalDeveloperAgent'>,optimal,False,-39.23963910986585
0,1,1.0,0.060929872554081534,2.6828190801274854,39.23963910986585,44,44,0.5,1.0,2.0,1000.0,150.0,75.0,<class 'src.agents.rational.RationalDeveloperAgent'>,optimal,False,-39.23963910986585
0,1,1.0,0.060929872554081534,2.6828190801274854,39.23963910986585,45,45,0.5,1.0,2.0,1000.0,150.0,75.0,<class 'src.agents.rational.RationalDeveloperAgent'>,optimal,False,-39.23963910986585
0,1,1.0,0.060929872554081534,2.6828190801274854,39.23963910986585,46,46,0.5,1.0,2.0,1000.0,150.0,75.0,<class 'src.agents.rational.RationalDeveloperAgent'>,optimal,False,-39.23963910986585
0,1,2.0,0.09210316405272234,3.199704080549104,39.23685259241391,47,47,0.5,1.0,2.0,1000.0,150.0,75.0,<class 'src.agents.rational.RationalDeveloperAgent'>,optimal,False,-39.23685259241391
0,1,2.0,0.09210316405272234,3.199704080549104,39.23685259241391,48,48,0.5,1.0,2.0,1000.0,150.0,75.0,<class 'src.agents.rational.RationalDeveloperAgent'>,optimal,False,-39.23685259241391
0,1,2.0,0.09210316405272234,3.199704080549104,3.937375225859796e-08,49,49,0.5,1.0,2.0,1000.0,150.0,75.0,<class 'src.agents.rational.RationalDeveloperAgent'>,optimal,True,-1000.0000000393737
0,1,1.0,0.060929872554081534,2.6828190801274854,39.23963910986585,50,50,0.5,1.0,2.0,1000.0,150.0,75.0,<class 'src.agents.rational.RationalDeveloperAgent'>,optimal,False,-39.23963910986585
0,1,1.0,0.060929872554081534,2.6828190801274854,39.23963910986585,51,51,0.5,1.0,2.0,1000.0,150.0,75.0,<class 'src.agents.rational.RationalDeveloperAgent'>,optimal,False,-39.23963910986585
0,1,1.0,0.060929872554081534,2.6828190801274854,39.23963910986585,52,52,0.5,1.0,2.0,1000.0,150.0,75.0,<class 'src.agents.rational.RationalDeveloperAgent'>,optimal,False,-39.23963910986585
0,1,2.0,0.09210316405272234,3.199704080549104,39.23685259241391,53,53,0.5,1.0,2.0,1000.0,150.0,75.0,<class 'src.agents.rational.RationalDeveloperAgent'>,optimal,False,-39.23685259241391
0,1,1.0,0.060929872554081534,2.6828190801274854,39.23963910986585,54,54,0.5,1.0,2.0,1000.0,150.0,75.0,<class 'src.agents.rational.RationalDeveloperAgent'>,optimal,False,-39.23963910986585
0,1,2.0,0.09210316405272234,3.199704080549104,39.23685259241391,55,55,0.5,1.0,2.0,1000.0,150.0,75.0,<class 'src.agents.rational.RationalDeveloperAgent'>,optimal,False,-39.23685259241391
0,1,1.0,0.060929872554081534,2.6828190801274854,39.23963910986585,56,56,0.5,1.0,2.0,1000.0,150.0,75.0,<class 'src.agents.rational.RationalDeveloperAgent'>,optimal,False,-39.23963910986585
0,1,2.0,0.09210316405272234,3.199704080549104,39.23685259241391,57,57,0.5,1.0,2.0,1000.0,150.0,75.0,<class 'src.agents.rational.RationalDeveloperAgent'>,optimal,False,-39.23685259241391
0,1,1.0,0.060929872554081534,2.6828190801274854,39.23963910986585,58,58,0.5,1.0,2.0,1000.0,150.0,75.0,<class 'src.agents.rational.RationalDeveloperAgent'>,optimal,False,-39.23963910986585
0,1,1.0,0.060929872554081534,2.6828190801274854,39.23963910986585,59,59,0.5,1.0,2.0,1000.0,150.0,75.0,<class 'src.agents.rational.RationalDeveloperAgent'>,optimal,False,-39.23963910986585
0,1,2.0,0.09210316405272234,3.199704080549104,39.23685259241391,60,60,0.5,1.0,2.0,1000.0,150.0,75.0,<class 'src.agents.rational.RationalDeveloperAgent'>,optimal,False,-39.23685259241391
0,1,1.0,0.060929872554081534,2.6828190801274854,39.23963910986585,61,61,0.5,1.0,2.0,1000.0,150.0,75.0,<class 'src.agents.rational.RationalDeveloperAgent'>,optimal,False,-39.23963910986585
0,1,2.0,0.09210316405272234,3.199704080549104,39.23685259241391,62,62,0.5,1.0,2.0,1000.0,150.0,75.0,<class 'src.agents.rational.RationalDeveloperAgent'>,optimal,False,-39.23685259241391
0,1,2.0,0.09210316405272234,3.199704080549104,39.23685259241391,63,63,0.5,1.0,2.0,1000.0,150.0,75.0,<class 'src.agents.rational.RationalDeveloperAgent'>,optimal,False,-39.23685259241391
0,1,2.0,0.09210316405272234,3.199704080549104,39.23685259241391,64,64,0.5,1.0,2.0,1000.0,150.0,75.0,<class 'src.agents.rational.RationalDeveloperAgent'>,optimal,False,-39.23685259241391
0,1,1.0,0.060929872554081534,2.6828190801274854,0.0,65,65,0.5,1.0,2.0,1000.0,150.0,75.0,<class 'src.agents.rational.RationalDeveloperAgent'>,optimal,True,-1000.0
0,1,1.0,0.060929872554081534,2.6828190801274854,39.23963910986585,66,66,0.5,1.0,2.0,1000.0,150.0,75.0,<class 'src.agents.rational.RationalDeveloperAgent'>,optimal,False,-39.23963910986585
0,1,2.0,0.09210316405272234,3.199704080549104,39.23685259241391,67,67,0.5,1.0,2.0,1000.0,150.0,75.0,<class 'src.agents.rational.RationalDeveloperAgent'>,optimal,False,-39.23685259241391
0,1,1.0,0.060929872554081534,2.6828190801274854,39.23963910986585,68,68,0.5,1.0,2.0,1000.0,150.0,75.0,<class 'src.agents.rational.RationalDeveloperAgent'>,optimal,False,-39.23963910986585
0,1,2.0,0.09210316405272234,3.199704080549104,39.337843880111514,69,69,0.5,1.0,2.0,1000.0,150.0,75.0,<class 'src.agents.rational.RationalDeveloperAgent'>,optimal,False,-39.337843880111514
0,1,2.0,0.09210316405272234,3.199704080549104,39.337843880111514,70,70,0.5,1.0,2.0,1000.0,150.0,75.0,<class 'src.agents.rational.RationalDeveloperAgent'>,optimal,False,-39.337843880111514
0,1,1.0,0.060929872554081534,2.6828190801274854,39.23963910986585,71,71,0.5,1.0,2.0,1000.0,150.0,75.0,<class 'src.agents.rational.RationalDeveloperAgent'>,optimal,False,-39.23963910986585
0,1,2.0,0.09210316405272234,3.199704080549104,39.23685259241391,72,72,0.5,1.0,2.0,1000.0,150.0,75.0,<class 'src.agents.rational.RationalDeveloperAgent'>,optimal,False,-39.23685259241391
0,1,2.0,0.09210316405272234,3.199704080549104,39.23685259241391,73,73,0.5,1.0,2.0,1000.0,150.0,75.0,<class 'src.agents.rational.RationalDeveloperAgent'>,optimal,False,-39.23685259241391
0,1,2.0,0.09210316405272234,3.199704080549104,39.23685259241391,74,74,0.5,1.0,2.0,1000.0,150.0,75.0,<class 'src.agents.rational.RationalDeveloperAgent'>,optimal,False,-39.23685259241391
0,1,1.0,0.060929872554081534,2.6828190801274854,0.0,75,75,0.5,1.0,2.0,1000.0,150.0,75.0,<class 'src.agents.rational.RationalDeveloperAgent'>,optimal,True,-1000.0
0,1,2.0,0.09210316405272234,3.199704080549104,39.23685259241391,76,76,0.5,1.0,2.0,1000.0,150.0,75.0,<class 'src.agents.rational.RationalDeveloperAgent'>,optimal,False,-39.23685259241391
0,1,1.0,0.060929872554081534,2.6828190801274854,39.23963910986585,77,77,0.5,1.0,2.0,1000.0,150.0,75.0,<class 'src.agents.rational.RationalDeveloperAgent'>,optimal,False,-39.23963910986585
0,1,2.0,0.09210316405272234,3.199704080549104,39.23685259241391,78,78,0.5,1.0,2.0,1000.0,150.0,75.0,<class 'src.agents.rational.RationalDeveloperAgent'>,optimal,False,-39.23685259241391
0,1,2.0,0.09210316405272234,3.199704080549104,39.23685259241391,79,79,0.5,1.0,2.0,1000.0,150.0,75.0,<class 'src.agents.rational.RationalDeveloperAgent'>,optimal,False,-39.23685259241391
0,1,2.0,0.09210316405272234,3.199704080549104,39.23685259241391,80,80,0.5,1.0,2.0,1000.0,150.0,75.0,<class 'src.agents.rational.RationalDeveloperAgent'>,optimal,False,-39.23685259241391
0,1,1.0,0.060929872554081534,2.6828190801274854,0.06475881381027193,81,81,0.5,1.0,2.0,1000.0,150.0,75.0,<class 'src.agents.rational.RationalDeveloperAgent'>,optimal,True,-1000.0647588138103
0,1,1.0,0.060929872554081534,2.6828190801274854,39.23963910986585,82,82,0.5,1.0,2.0,1000.0,150.0,75.0,<class 'src.agents.rational.RationalDeveloperAgent'>,optimal,False,-39.23963910986585
0,1,1.0,0.060929872554081534,2.6828190801274854,39.23963910986585,83,83,0.5,1.0,2.0,1000.0,150.0,75.0,<class 'src.agents.rational.RationalDeveloperAgent'>,optimal,False,-39.23963910986585
0,1,2.0,0.09210316405272234,3.199704080549104,39.23685259241391,84,84,0.5,1.0,2.0,1000.0,150.0,75.0,<class 'src.agents.rational.RationalDeveloperAgent'>,optimal,False,-39.23685259241391
0,1,2.0,0.09210316405272234,3.199704080549104,39.23685259241391,85,85,0.5,1.0,2.0,1000.0,150.0,75.0,<class 'src.agents.rational.RationalDeveloperAgent'>,optimal,False,-39.23685259241391
0,1,2.0,0.09210316405272234,3.199704080549104,39.337843880111514,86,86,0.5,1.0,2.0,1000.0,150.0,75.0,<class 'src.agents.rational.RationalDeveloperAgent'>,optimal,False,-39.337843880111514
0,1,1.0,0.060929872554081534,2.6828190801274854,39.23963910986585,87,87,0.5,1.0,2.0,1000.0,150.0,75.0,<class 'src.agents.rational.RationalDeveloperAgent'>,optimal,False,-39.23963910986585
0,1,2.0,0.09210316405272234,3.199704080549104,39.23685259241391,88,88,0.5,1.0,2.0,1000.0,150.0,75.0,<class 'src.agents.rational.RationalDeveloperAgent'>,optimal,False,-39.23685259241391
0,1,1.0,0.060929872554081534,2.6828190801274854,39.23963910986585,89,89,0.5,1.0,2.0,1000.0,150.0,75.0,<class 'src.agents.rational.RationalDeveloperAgent'>,optimal,False,-39.23963910986585
0,1,1.0,0.060929872554081534,2.6828190801274854,39.23963910986585,90,90,0.5,1.0,2.0,1000.0,150.0,75.0,<class 'src.agents.rational.RationalDeveloperAgent'>,optimal,False,-39.23963910986585
0,1,1.0,0.060929872554081534,2.6828190801274854,0.0,91,91,0.5,1.0,2.0,1000.0,150.0,75.0,<class 'src.agents.rational.RationalDeveloperAgent'>,optimal,True,-1000.0
0,1,1.0,0.060929872554081534,2.6828190801274854,39.23963910986585,92,92,0.5,1.0,2.0,1000.0,150.0,75.0,<class 'src.agents.rational.RationalDeveloperAgent'>,optimal,False,-39.23963910986585
0,1,2.0,0.09210316405272234,3.199704080549104,39.23685259241391,93,93,0.5,1.0,2.0,1000.0,150.0,75.0,<class 'src.agents.rational.RationalDeveloperAgent'>,optimal,False,-39.23685259241391
0,1,1.0,0.060929872554081534,2.6828190801274854,39.23963910986585,94,94,0.5,1.0,2.0,1000.0,150.0,75.0,<class 'src.agents.rational.RationalDeveloperAgent'>,optimal,False,-39.23963910986585
0,1,2.0,0.09210316405272234,3.199704080549104,39.23685259241391,95,95,0.5,1.0,2.0,1000.0,150.0,75.0,<class 'src.agents.rational.RationalDeveloperAgent'>,optimal,False,-39.23685259241391
0,1,2.0,0.09210316405272234,3.199704080549104,39.23685259241391,96,96,0.5,1.0,2.0,1000.0,150.0,75.0,<class 'src.agents.rational.RationalDeveloperAgent'>,optimal,False,-39.23685259241391
0,1,2.0,0.09210316405272234,3.199704080549104,39.23685259241391,97,97,0.5,1.0,2.0,1000.0,150.0,75.0,<class 'src.agents.rational.RationalDeveloperAgent'>,optimal,False,-39.23685259241391
0,1,2.0,0.09210316405272234,3.199704080549104,39.23685259241391,98,98,0.5,1.0,2.0,1000.0,150.0,75.0,<class 'src.agents.rational.RationalDeveloperAgent'>,optimal,False,-39.23685259241391
0,1,1.0,0.060929872554081534,2.6828190801274854,0.0,99,99,0.5,1.0,2.0,1000.0,150.0,75.0,<class 'src.agents.rational.RationalDeveloperAgent'>,optimal,True,-1000.0
0,1,2.0,0.0,4.255556859445971,150.0,100,0,0.5,1.0,2.0,1000.0,150.0,75.0,<class 'src.agents.rational.RationalDeveloperAgent'>,fine,False,-150.0
0,1,2.0,0.0,4.255556859445971,150.0,101,1,0.5,1.0,2.0,1000.0,150.0,75.0,<class 'src.agents.rational.RationalDeveloperAgent'>,fine,False,-150.0
0,1,2.0,0.0,4.255556859445971,150.0,102,2,0.5,1.0,2.0,1000.0,150.0,75.0,<class 'src.agents.rational.RationalDeveloperAgent'>,fine,False,-150.0
0,1,1.0,2.2371673121949318e-07,3.70181270944906,150.0,103,3,0.5,1.0,2.0,1000.0,150.0,75.0,<class 'src.agents.rational.RationalDeveloperAgent'>,fine,False,-150.0
0,1,1.0,2.2371673121949318e-07,3.70181270944906,150.0,104,4,0.5,1.0,2.0,1000.0,150.0,75.0,<class 'src.agents.rational.RationalDeveloperAgent'>,fine,False,-150.0
0,1,2.0,0.0,4.255556859445971,150.0,105,5,0.5,1.0,2.0,1000.0,150.0,75.0,<class 'src.agents.rational.RationalDeveloperAgent'>,fine,False,-150.0
0,1,1.0,2.2371673121949318e-07,3.70181270944906,150.0,106,6,0.5,1.0,2.0,1000.0,150.0,75.0,<class 'src.agents.rational.RationalDeveloperAgent'>,fine,False,-150.0
0,1,2.0,0.0,4.255556859445971,150.0,107,7,0.5,1.0,2.0,1000.0,150.0,75.0,<class 'src.agents.rational.RationalDeveloperAgent'>,fine,False,-150.0
0,1,1.0,2.2371673121949318e-07,3.70181270944906,150.0,108,8,0.5,1.0,2.0,1000.0,150.0,75.0,<class 'src.agents.rational.RationalDeveloperAgent'>,fine,False,-150.0
0,1,1.0,2.2371673121949318e-07,3.70181270944906,150.0,109,9,0.5,1.0,2.0,1000.0,150.0,75.0,<class 'src.agents.rational.RationalDeveloperAgent'>,fine,False,-150.0
0,1,2.0,0.0,4.255556859445971,150.0,110,10,0.5,1.0,2.0,1000.0,150.0,75.0,<class 'src.agents.rational.RationalDeveloperAgent'>,fine,False,-150.0
0,1,1.0,2.2371673121949318e-07,3.70181270944906,150.0,111,11,0.5,1.0,2.0,1000.0,150.0,75.0,<class 'src.agents.rational.RationalDeveloperAgent'>,fine,False,-150.0
0,1,1.0,2.2371673121949318e-07,3.70181270944906,150.0,112,12,0.5,1.0,2.0,1000.0,150.0,75.0,<class 'src.agents.rational.RationalDeveloperAgent'>,fine,False,-150.0
0,1,2.0,0.0,4.255556859445971,150.0,113,13,0.5,1.0,2.0,1000.0,150.0,75.0,<class 'src.agents.rational.RationalDeveloperAgent'>,fine,False,-150.0
0,1,1.0,2.2371673121949318e-07,3.70181270944906,150.0,114,14,0.5,1.0,2.0,1000.0,150.0,75.0,<class 'src.agents.rational.RationalDeveloperAgent'>,fine,False,-150.0
0,1,2.0,0.0,4.255556859445971,150.0,115,15,0.5,1.0,2.0,1000.0,150.0,75.0,<class 'src.agents.rational.RationalDeveloperAgent'>,fine,False,-150.0
0,1,2.0,0.0,4.255556859445971,150.0,116,16,0.5,1.0,2.0,1000.0,150.0,75.0,<class 'src.agents.rational.RationalDeveloperAgent'>,fine,False,-150.0
0,1,1.0,2.2371673121949318e-07,3.70181270944906,150.0,117,17,0.5,1.0,2.0,1000.0,150.0,75.0,<class 'src.agents.rational.RationalDeveloperAgent'>,fine,False,-150.0
0,1,2.0,0.0,4.255556859445971,150.0,118,18,0.5,1.0,2.0,1000.0,150.0,75.0,<class 'src.agents.rational.RationalDeveloperAgent'>,fine,False,-150.0
0,1,2.0,0.0,4.255556859445971,150.0,119,19,0.5,1.0,2.0,1000.0,150.0,75.0,<class 'src.agents.rational.RationalDeveloperAgent'>,fine,False,-150.0
0,1,2.0,0.0,4.255556859445971,150.0,120,20,0.5,1.0,2.0,1000.0,150.0,75.0,<class 'src.agents.rational.RationalDeveloperAgent'>,fine,False,-150.0
0,1,1.0,2.2371673121949318e-07,3.70181270944906,150.0,121,21,0.5,1.0,2.0,1000.0,150.0,75.0,<class 'src.agents.rational.RationalDeveloperAgent'>,fine,False,-150.0
0,1,2.0,0.0,4.255556859445971,150.0,122,22,0.5,1.0,2.0,1000.0,150.0,75.0,<class 'src.agents.rational.RationalDeveloperAgent'>,fine,False,-150.0
0,1,2.0,0.0,4.255556859445971,150.0,123,23,0.5,1.0,2.0,1000.0,150.0,75.0,<class 'src.agents.rational.RationalDeveloperAgent'>,fine,False,-150.0
0,1,2.0,0.0,4.255556859445971,150.0,124,24,0.5,1.0,2.0,1000.0,150.0,75.0,<class 'src.agents.rational.RationalDeveloperAgent'>,fine,False,-150.0
0,1,1.0,2.2371673121949318e-07,3.70181270944906,150.0,125,25,0.5,1.0,2.0,1000.0,150.0,75.0,<class 'src.agents.rational.RationalDeveloperAgent'>,fine,False,-150.0
0,1,2.0,0.0,4.255556859445971,150.0,126,26,0.5,1.0,2.0,1000.0,150.0,75.0,<class 'src.agents.rational.RationalDeveloperAgent'>,fine,False,-150.0
0,1,1.0,2.2371673121949318e-07,3.70181270944906,150.0,127,27,0.5,1.0,2.0,1000.0,150.0,75.0,<class 'src.agents.rational.RationalDeveloperAgent'>,fine,False,-150.0
0,1,1.0,2.2371673121949318e-07,3.70181270944906,150.0,128,28,0.5,1.0,2.0,1000.0,150.0,75.0,<class 'src.agents.rational.RationalDeveloperAgent'>,fine,False,-150.0
0,1,1.0,2.2371673121949318e-07,3.70181270944906,0.0,129,29,0.5,1.0,2.0,1000.0,150.0,75.0,<class 'src.agents.rational.RationalDeveloperAgent'>,fine,True,-1000.0
0,1,2.0,0.0,4.255556859445971,150.0,130,30,0.5,1.0,2.0,1000.0,150.0,75.0,<class 'src.agents.rational.RationalDeveloperAgent'>,fine,False,-150.0
0,1,2.0,0.0,4.255556859445971,150.0,131,31,0.5,1.0,2.0,1000.0,150.0,75.0,<class 'src.agents.rational.RationalDeveloperAgent'>,fine,False,-150.0
0,1,2.0,0.0,4.255556859445971,150.0,132,32,0.5,1.0,2.0,1000.0,150.0,75.0,<class 'src.agents.rational.RationalDeveloperAgent'>,fine,False,-150.0
0,1,2.0,0.0,4.255556859445971,150.0,133,33,0.5,1.0,2.0,1000.0,150.0,75.0,<class 'src.agents.rational.RationalDeveloperAgent'>,fine,False,-150.0
0,1,2.0,0.0,4.255556859445971,150.0,134,34,0.5,1.0,2.0,1000.0,150.0,75.0,<class 'src.agents.rational.RationalDeveloperAgent'>,fine,False,-150.0
0,1,1.0,2.2371673121949318e-07,3.70181270944906,150.0,135,35,0.5,1.0,2.0,1000.0,150.0,75.0,<class 'src.agents.rational.RationalDeveloperAgent'>,fine,False,-150.0
0,1,1.0,2.2371673121949318e-07,3.70181270944906,150.0,136,36,0.5,1.0,2.0,1000.0,150.0,75.0,<class 'src.agents.rational.RationalDeveloperAgent'>,fine,False,-150.0
0,1,1.0,2.2371673121949318e-07,3.70181270944906,150.0,137,37,0.5,1.0,2.0,1000.0,150.0,75.0,<class 'src.agents.rational.RationalDeveloperAgent'>,fine,False,-150.0
0,1,1.0,2.2371673121949318e-07,3.70181270944906,150.0,138,38,0.5,1.0,2.0,1000.0,150.0,75.0,<class 'src.agents.rational.RationalDeveloperAgent'>,fine,False,-150.0
0,1,1.0,2.2371673121949318e-07,3.70181270944906,150.0,139,39,0.5,1.0,2.0,1000.0,150.0,75.0,<class 'src.agents.rational.RationalDeveloperAgent'>,fine,False,-150.0
0,1,1.0,2.2371673121949318e-07,3.70181270944906,150.0,140,40,0.5,1.0,2.0,1000.0,150.0,75.0,<class 'src.agents.rational.RationalDeveloperAgent'>,fine,False,-150.0
0,1,1.0,2.2371673121949318e-07,3.70181270944906,150.0,141,41,0.5,1.0,2.0,1000.0,150.0,75.0,<class 'src.agents.rational.RationalDeveloperAgent'>,fine,False,-150.0
0,1,1.0,2.2371673121949318e-07,3.70181270944906,150.0,142,42,0.5,1.0,2.0,1000.0,150.0,75.0,<class 'src.agents.rational.RationalDeveloperAgent'>,fine,False,-150.0
0,1,2.0,0.0,4.255556859445971,150.0,143,43,0.5,1.0,2.0,1000.0,150.0,75.0,<class 'src.agents.rational.RationalDeveloperAgent'>,fine,False,-150.0
0,1,1.0,2.2371673121949318e-07,3.70181270944906,150.0,144,44,0.5,1.0,2.0,1000.0,150.0,75.0,<class 'src.agents.rational.RationalDeveloperAgent'>,fine,False,-150.0
0,1,1.0,2.2371673121949318e-07,3.70181270944906,150.0,145,45,0.5,1.0,2.0,1000.0,150.0,75.0,<class 'src.agents.rational.RationalDeveloperAgent'>,fine,False,-150.0
0,1,2.0,0.0,4.255556859445971,150.0,146,46,0.5,1.0,2.0,1000.0,150.0,75.0,<class 'src.agents.rational.RationalDeveloperAgent'>,fine,False,-150.0
0,1,1.0,2.2371673121949318e-07,3.70181270944906,150.0,147,47,0.5,1.0,2.0,1000.0,150.0,75.0,<class 'src.agents.rational.RationalDeveloperAgent'>,fine,False,-150.0
0,1,2.0,0.0,4.255556859445971,150.0,148,48,0.5,1.0,2.0,1000.0,150.0,75.0,<class 'src.agents.rational.RationalDeveloperAgent'>,fine,False,-150.0
0,1,2.0,0.0,4.255556859445971,150.0,149,49,0.5,1.0,2.0,1000.0,150.0,75.0,<class 'src.agents.rational.RationalDeveloperAgent'>,fine,False,-150.0
0,1,2.0,0.0,4.255556859445971,150.0,150,50,0.5,1.0,2.0,1000.0,150.0,75.0,<class 'src.agents.rational.RationalDeveloperAgent'>,fine,False,-150.0
0,1,2.0,0.0,4.255556859445971,150.0,151,51,0.5,1.0,2.0,1000.0,150.0,75.0,<class 'src.agents.rational.RationalDeveloperAgent'>,fine,False,-150.0
0,1,1.0,2.2371673121949318e-07,3.70181270944906,150.0,152,52,0.5,1.0,2.0,1000.0,150.0,75.0,<class 'src.agents.rational.RationalDeveloperAgent'>,fine,False,-150.0
0,1,2.0,0.0,4.255556859445971,150.0,153,53,0.5,1.0,2.0,1000.0,150.0,75.0,<class 'src.agents.rational.RationalDeveloperAgent'>,fine,False,-150.0
0,1,2.0,0.0,4.255556859445971,150.0,154,54,0.5,1.0,2.0,1000.0,150.0,75.0,<class 'src.agents.rational.RationalDeveloperAgent'>,fine,False,-150.0
0,1,2.0,0.0,4.255556859445971,150.0,155,55,0.5,1.0,2.0,1000.0,150.0,75.0,<class 'src.agents.rational.RationalDeveloperAgent'>,fine,False,-150.0
0,1,2.0,0.0,4.255556859445971,150.0,156,56,0.5,1.0,2.0,1000.0,150.0,75.0,<class 'src.agents.rational.RationalDeveloperAgent'>,fine,False,-150.0
0,1,2.0,0.0,4.255556859445971,150.0,157,57,0.5,1.0,2.0,1000.0,150.0,75.0,<class 'src.agents.rational.RationalDeveloperAgent'>,fine,False,-150.0
0,1,1.0,2.2371673121949318e-07,3.70181270944906,150.0,158,58,0.5,1.0,2.0,1000.0,150.0,75.0,<class 'src.agents.rational.RationalDeveloperAgent'>,fine,False,-150.0
0,1,1.0,2.2371673121949318e-07,3.70181270944906,150.0,159,59,0.5,1.0,2.0,1000.0,150.0,75.0,<class 'src.agents.rational.RationalDeveloperAgent'>,fine,False,-150.0
0,1,2.0,0.0,4.255556859445971,150.0,160,60,0.5,1.0,2.0,1000.0,150.0,75.0,<class 'src.agents.rational.RationalDeveloperAgent'>,fine,False,-150.0
0,1,1.0,2.2371673121949318e-07,3.70181270944906,150.0,161,61,0.5,1.0,2.0,1000.0,150.0,75.0,<class 'src.agents.rational.RationalDeveloperAgent'>,fine,False,-150.0
0,1,2.0,0.0,4.255556859445971,150.0,162,62,0.5,1.0,2.0,1000.0,150.0,75.0,<class 'src.agents.rational.RationalDeveloperAgent'>,fine,False,-150.0
0,1,2.0,0.0,4.255556859445971,150.0,163,63,0.5,1.0,2.0,1000.0,150.0,75.0,<class 'src.agents.rational.RationalDeveloperAgent'>,fine,False,-150.0
0,1,1.0,2.2371673121949318e-07,3.70181270944906,150.0,164,64,0.5,1.0,2.0,1000.0,150.0,75.0,<class 'src.agents.rational.RationalDeveloperAgent'>,fine,False,-150.0
0,1,2.0,0.0,4.255556859445971,150.0,165,65,0.5,1.0,2.0,1000.0,150.0,75.0,<class 'src.agents.rational.RationalDeveloperAgent'>,fine,False,-150.0
0,1,2.0,0.0,4.255556859445971,150.0,166,66,0.5,1.0,2.0,1000.0,150.0,75.0,<class 'src.agents.rational.RationalDeveloperAgent'>,fine,False,-150.0
0,1,1.0,2.2371673121949318e-07,3.70181270944906,150.0,167,67,0.5,1.0,2.0,1000.0,150.0,75.0,<class 'src.agents.rational.RationalDeveloperAgent'>,fine,False,-150.0
0,1,2.0,0.0,4.255556859445971,150.0,168,68,0.5,1.0,2.0,1000.0,150.0,75.0,<class 'src.agents.rational.RationalDeveloperAgent'>,fine,False,-150.0
0,1,2.0,0.0,4.255556859445971,150.0,169,69,0.5,1.0,2.0,1000.0,150.0,75.0,<class 'src.agents.rational.RationalDeveloperAgent'>,fine,False,-150.0
0,1,2.0,0.0,4.255556859445971,150.0,170,70,0.5,1.0,2.0,1000.0,150.0,75.0,<class 'src.agents.rational.RationalDeveloperAgent'>,fine,False,-150.0
0,1,2.0,0.0,4.255556859445971,150.0,171,71,0.5,1.0,2.0,1000.0,150.0,75.0,<class 'src.agents.rational.RationalDeveloperAgent'>,fine,False,-150.0
0,1,2.0,0.0,4.255556859445971,150.0,172,72,0.5,1.0,2.0,1000.0,150.0,75.0,<class 'src.agents.rational.RationalDeveloperAgent'>,fine,False,-150.0
0,1,2.0,0.0,4.255556859445971,150.0,173,73,0.5,1.0,2.0,1000.0,150.0,75.0,<class 'src.agents.rational.RationalDeveloperAgent'>,fine,False,-150.0
0,1,1.0,2.2371673121949318e-07,3.70181270944906,150.0,174,74,0.5,1.0,2.0,1000.0,150.0,75.0,<class 'src.agents.rational.RationalDeveloperAgent'>,fine,False,-150.0
0,1,2.0,0.0,4.255556859445971,150.0,175,75,0.5,1.0,2.0,1000.0,150.0,75.0,<class 'src.agents.rational.RationalDeveloperAgent'>,fine,False,-150.0
0,1,1.0,2.2371673121949318e-07,3.70181270944906,150.0,176,76,0.5,1.0,2.0,1000.0,150.0,75.0,<class 'src.agents.rational.RationalDeveloperAgent'>,fine,False,-150.0
0,1,2.0,0.0,4.255556859445971,150.0,177,77,0.5,1.0,2.0,1000.0,150.0,75.0,<class 'src.agents.rational.RationalDeveloperAgent'>,fine,False,-150.0
0,1,2.0,0.0,4.255556859445971,150.0,178,78,0.5,1.0,2.0,1000.0,150.0,75.0,<class 'src.agents.rational.RationalDeveloperAgent'>,fine,False,-150.0
0,1,2.0,0.0,4.255556859445971,150.0,179,79,0.5,1.0,2.0,1000.0,150.0,75.0,<class 'src.agents.rational.RationalDeveloperAgent'>,fine,False,-150.0
0,1,2.0,0.0,4.255556859445971,150.0,180,80,0.5,1.0,2.0,1000.0,150.0,75.0,<class 'src.agents.rational.RationalDeveloperAgent'>,fine,False,-150.0
0,1,2.0,0.0,4.255556859445971,150.0,181,81,0.5,1.0,2.0,1000.0,150.0,75.0,<class 'src.agents.rational.RationalDeveloperAgent'>,fine,False,-150.0
0,1,1.0,2.2371673121949318e-07,3.70181270944906,150.0,182,82,0.5,1.0,2.0,1000.0,150.0,75.0,<class 'src.agents.rational.RationalDeveloperAgent'>,fine,False,-150.0
0,1,2.0,0.0,4.255556859445971,150.0,183,83,0.5,1.0,2.0,1000.0,150.0,75.0,<class 'src.agents.rational.RationalDeveloperAgent'>,fine,False,-150.0
0,1,1.0,2.2371673121949318e-07,3.70181270944906,150.0,184,84,0.5,1.0,2.0,1000.0,150.0,75.0,<class 'src.agents.rational.RationalDeveloperAgent'>,fine,False,-150.0
0,1,1.0,2.2371673121949318e-07,3.70181270944906,150.0,185,85,0.5,1.0,2.0,1000.0,150.0,75.0,<class 'src.agents.rational.RationalDeveloperAgent'>,fine,False,-150.0
0,1,1.0,2.2371673121949318e-07,3.70181270944906,150.0,186,86,0.5,1.0,2.0,1000.0,150.0,75.0,<class 'src.agents.rational.RationalDeveloperAgent'>,fine,False,-150.0
0,1,2.0,0.0,4.255556859445971,150.0,187,87,0.5,1.0,2.0,1000.0,150.0,75.0,<class 'src.agents.rational.RationalDeveloperAgent'>,fine,False,-150.0
0,1,2.0,0.0,4.255556859445971,150.0,188,88,0.5,1.0,2.0,1000.0,150.0,75.0,<class 'src.agents.rational.RationalDeveloperAgent'>,fine,False,-150.0
0,1,1.0,2.2371673121949318e-07,3.70181270944906,150.0,189,89,0.5,1.0,2.0,1000.0,150.0,75.0,<class 'src.agents.rational.RationalDeveloperAgent'>,fine,False,-150.0
0,1,1.0,2.2371673121949318e-07,3.70181270944906,150.0,190,90,0.5,1.0,2.0,1000.0,150.0,75.0,<class 'src.agents.rational.RationalDeveloperAgent'>,fine,False,-150.0
0,1,1.0,2.2371673121949318e-07,3.70181270944906,150.0,191,91,0.5,1.0,2.0,1000.0,150.0,75.0,<class 'src.agents.rational.RationalDeveloperAgent'>,fine,False,-150.0
0,1,2.0,0.0,4.255556859445971,150.0,192,92,0.5,1.0,2.0,1000.0,150.0,75.0,<class 'src.agents.rational.RationalDeveloperAgent'>,fine,False,-150.0
0,1,1.0,2.2371673121949318e-07,3.70181270944906,150.0,193,93,0.5,1.0,2.0,1000.0,150.0,75.0,<class 'src.agents.rational.RationalDeveloperAgent'>,fine,False,-150.0
0,1,2.0,0.0,4.255556859445971,150.0,194,94,0.5,1.0,2.0,1000.0,150.0,75.0,<class 'src.agents.rational.RationalDeveloperAgent'>,fine,False,-150.0
0,1,2.0,0.0,4.255556859445971,0.0,195,95,0.5,1.0,2.0,1000.0,150.0,75.0,<class 'src.agents.rational.RationalDeveloperAgent'>,fine,True,-1000.0
0,1,1.0,2.2371673121949318e-07,3.70181270944906,150.0,196,96,0.5,1.0,2.0,1000.0,150.0,75.0,<class 'src.agents.rational.RationalDeveloperAgent'>,fine,False,-150.0
0,1,2.0,0.0,4.255556859445971,150.0,197,97,0.5,1.0,2.0,1000.0,150.0,75.0,<class 'src.agents.rational.RationalDeveloperAgent'>,fine,False,-150.0
0,1,2.0,0.0,4.255556859445971,150.0,198,98,0.5,1.0,2.0,1000.0,150.0,75.0,<class 'src.agents.rational.RationalDeveloperAgent'>,fine,False,-150.0
0,1,1.0,2.2371673121949318e-07,3.70181270944906,150.0,199,99,0.5,1.0,2.0,1000.0,150.0,75.0,<class 'src.agents.rational.RationalDeveloperAgent'>,fine,False,-150.0
0,1,2.0,3.1652543711976104,2.6965296408692585e-06,75.0,200,0,0.5,1.0,2.0,1000.0,150.0,75.0,<class 'src.agents.rational.RationalDeveloperAgent'>,performance,True,-1075.0
0,1,1.0,3.165254487617634,0.0,0.0,201,1,0.5,1.0,2.0,1000.0,150.0,75.0,<class 'src.agents.rational.RationalDeveloperAgent'>,performance,True,-1000.0
0,1,2.0,3.1652543711976104,2.6965296408692585e-06,75.0,202,2,0.5,1.0,2.0,1000.0,150.0,75.0,<class 'src.agents.rational.RationalDeveloperAgent'>,performance,True,-1075.0
0,1,2.0,3.1652543711976104,2.6965296408692585e-06,75.0,203,3,0.5,1.0,2.0,1000.0,150.0,75.0,<class 'src.agents.rational.RationalDeveloperAgent'>,performance,True,-1075.0
0,1,2.0,3.1652543711976104,2.6965296408692585e-06,75.0,204,4,0.5,1.0,2.0,1000.0,150.0,75.0,<class 'src.agents.rational.RationalDeveloperAgent'>,performance,True,-1075.0
0,1,2.0,3.1652543711976104,2.6965296408692585e-06,75.0,205,5,0.5,1.0,2.0,1000.0,150.0,75.0,<class 'src.agents.rational.RationalDeveloperAgent'>,performance,True,-1075.0
0,1,2.0,3.1652543711976104,2.6965296408692585e-06,75.0,206,6,0.5,1.0,2.0,1000.0,150.0,75.0,<class 'src.agents.rational.RationalDeveloperAgent'>,performance,True,-1075.0
0,1,1.0,3.165254487617634,0.0,75.0,207,7,0.5,1.0,2.0,1000.0,150.0,75.0,<class 'src.agents.rational.RationalDeveloperAgent'>,performance,True,-1075.0
0,1,2.0,3.1652543711976104,2.6965296408692585e-06,75.0,208,8,0.5,1.0,2.0,1000.0,150.0,75.0,<class 'src.agents.rational.RationalDeveloperAgent'>,performance,True,-1075.0
0,1,2.0,3.1652543711976104,2.6965296408692585e-06,75.0,209,9,0.5,1.0,2.0,1000.0,150.0,75.0,<class 'src.agents.rational.RationalDeveloperAgent'>,performance,True,-1075.0
0,1,1.0,3.165254487617634,0.0,75.0,210,10,0.5,1.0,2.0,1000.0,150.0,75.0,<class 'src.agents.rational.RationalDeveloperAgent'>,performance,True,-1075.0
0,1,2.0,3.1652543711976104,2.6965296408692585e-06,75.0,211,11,0.5,1.0,2.0,1000.0,150.0,75.0,<class 'src.agents.rational.RationalDeveloperAgent'>,performance,True,-1075.0
0,1,1.0,3.165254487617634,0.0,75.0,212,12,0.5,1.0,2.0,1000.0,150.0,75.0,<class 'src.agents.rational.RationalDeveloperAgent'>,performance,True,-1075.0
0,1,1.0,3.165254487617634,0.0,75.0,213,13,0.5,1.0,2.0,1000.0,150.0,75.0,<class 'src.agents.rational.RationalDeveloperAgent'>,performance,True,-1075.0
0,1,2.0,3.1652543711976104,2.6965296408692585e-06,75.0,214,14,0.5,1.0,2.0,1000.0,150.0,75.0,<class 'src.agents.rational.RationalDeveloperAgent'>,performance,True,-1075.0
0,1,1.0,3.165254487617634,0.0,75.0,215,15,0.5,1.0,2.0,1000.0,150.0,75.0,<class 'src.agents.rational.RationalDeveloperAgent'>,performance,True,-1075.0
0,1,1.0,3.165254487617634,0.0,75.0,216,16,0.5,1.0,2.0,1000.0,150.0,75.0,<class 'src.agents.rational.RationalDeveloperAgent'>,performance,True,-1075.0
0,1,2.0,3.1652543711976104,2.6965296408692585e-06,75.0,217,17,0.5,1.0,2.0,1000.0,150.0,75.0,<class 'src.agents.rational.RationalDeveloperAgent'>,performance,True,-1075.0
0,1,1.0,3.165254487617634,0.0,75.0,218,18,0.5,1.0,2.0,1000.0,150.0,75.0,<class 'src.agents.rational.RationalDeveloperAgent'>,performance,True,-1075.0
0,1,1.0,3.165254487617634,0.0,75.0,219,19,0.5,1.0,2.0,1000.0,150.0,75.0,<class 'src.agents.rational.RationalDeveloperAgent'>,performance,True,-1075.0
0,1,2.0,3.1652543711976104,2.6965296408692585e-06,75.0,220,20,0.5,1.0,2.0,1000.0,150.0,75.0,<class 'src.agents.rational.RationalDeveloperAgent'>,performance,True,-1075.0
0,1,2.0,3.1652543711976104,2.6965296408692585e-06,75.0,221,21,0.5,1.0,2.0,1000.0,150.0,75.0,<class 'src.agents.rational.RationalDeveloperAgent'>,performance,True,-1075.0
0,1,2.0,3.1652543711976104,2.6965296408692585e-06,75.0,222,22,0.5,1.0,2.0,1000.0,150.0,75.0,<class 'src.agents.rational.RationalDeveloperAgent'>,performance,True,-1075.0
0,1,2.0,3.1652543711976104,2.6965296408692585e-06,75.0,223,23,0.5,1.0,2.0,1000.0,150.0,75.0,<class 'src.agents.rational.RationalDeveloperAgent'>,performance,True,-1075.0
0,1,1.0,3.165254487617634,0.0,75.0,224,24,0.5,1.0,2.0,1000.0,150.0,75.0,<class 'src.agents.rational.RationalDeveloperAgent'>,performance,True,-1075.0
0,1,2.0,3.1652543711976104,2.6965296408692585e-06,75.0,225,25,0.5,1.0,2.0,1000.0,150.0,75.0,<class 'src.agents.rational.RationalDeveloperAgent'>,performance,True,-1075.0
0,1,1.0,3.165254487617634,0.0,75.0,226,26,0.5,1.0,2.0,1000.0,150.0,75.0,<class 'src.agents.rational.RationalDeveloperAgent'>,performance,True,-1075.0
0,1,2.0,3.1652543711976104,2.6965296408692585e-06,75.0,227,27,0.5,1.0,2.0,1000.0,150.0,75.0,<class 'src.agents.rational.RationalDeveloperAgent'>,performance,True,-1075.0
0,1,1.0,3.165254487617634,0.0,75.0,228,28,0.5,1.0,2.0,1000.0,150.0,75.0,<class 'src.agents.rational.RationalDeveloperAgent'>,performance,True,-1075.0
0,1,1.0,3.165254487617634,0.0,75.0,229,29,0.5,1.0,2.0,1000.0,150.0,75.0,<class 'src.agents.rational.RationalDeveloperAgent'>,performance,True,-1075.0
0,1,2.0,3.1652543711976104,2.6965296408692585e-06,75.0,230,30,0.5,1.0,2.0,1000.0,150.0,75.0,<class 'src.agents.rational.RationalDeveloperAgent'>,performance,True,-1075.0
0,1,2.0,3.1652543711976104,2.6965296408692585e-06,75.0,231,31,0.5,1.0,2.0,1000.0,150.0,75.0,<class 'src.agents.rational.RationalDeveloperAgent'>,performance,True,-1075.0
0,1,1.0,3.165254487617634,0.0,75.0,232,32,0.5,1.0,2.0,1000.0,150.0,75.0,<class 'src.agents.rational.RationalDeveloperAgent'>,performance,True,-1075.0
0,1,1.0,3.165254487617634,0.0,75.0,233,33,0.5,1.0,2.0,1000.0,150.0,75.0,<class 'src.agents.rational.RationalDeveloperAgent'>,performance,True,-1075.0
0,1,1.0,3.165254487617634,0.0,75.0,234,34,0.5,1.0,2.0,1000.0,150.0,75.0,<class 'src.agents.rational.RationalDeveloperAgent'>,performance,True,-1075.0
0,1,2.0,3.1652543711976104,2.6965296408692585e-06,0.0,235,35,0.5,1.0,2.0,1000.0,150.0,75.0,<class 'src.agents.rational.RationalDeveloperAgent'>,performance,True,-1000.0
0,1,2.0,3.1652543711976104,2.6965296408692585e-06,75.0,236,36,0.5,1.0,2.0,1000.0,150.0,75.0,<class 'src.agents.rational.RationalDeveloperAgent'>,performance,True,-1075.0
0,1,1.0,3.165254487617634,0.0,75.0,237,37,0.5,1.0,2.0,1000.0,150.0,75.0,<class 'src.agents.rational.RationalDeveloperAgent'>,performance,True,-1075.0
0,1,1.0,3.165254487617634,0.0,75.0,238,38,0.5,1.0,2.0,1000.0,150.0,75.0,<class 'src.agents.rational.RationalDeveloperAgent'>,performance,True,-1075.0
0,1,1.0,3.165254487617634,0.0,75.0,239,39,0.5,1.0,2.0,1000.0,150.0,75.0,<class 'src.agents.rational.RationalDeveloperAgent'>,performance,True,-1075.0
0,1,2.0,3.1652543711976104,2.6965296408692585e-06,75.0,240,40,0.5,1.0,2.0,1000.0,150.0,75.0,<class 'src.agents.rational.RationalDeveloperAgent'>,performance,True,-1075.0
0,1,1.0,3.165254487617634,0.0,0.0,241,41,0.5,1.0,2.0,1000.0,150.0,75.0,<class 'src.agents.rational.RationalDeveloperAgent'>,performance,True,-1000.0
0,1,1.0,3.165254487617634,0.0,75.0,242,42,0.5,1.0,2.0,1000.0,150.0,75.0,<class 'src.agents.rational.RationalDeveloperAgent'>,performance,True,-1075.0
0,1,1.0,3.165254487617634,0.0,75.0,243,43,0.5,1.0,2.0,1000.0,150.0,75.0,<class 'src.agents.rational.RationalDeveloperAgent'>,performance,True,-1075.0
0,1,1.0,3.165254487617634,0.0,75.0,244,44,0.5,1.0,2.0,1000.0,150.0,75.0,<class 'src.agents.rational.RationalDeveloperAgent'>,performance,True,-1075.0
0,1,2.0,3.1652543711976104,2.6965296408692585e-06,75.0,245,45,0.5,1.0,2.0,1000.0,150.0,75.0,<class 'src.agents.rational.RationalDeveloperAgent'>,performance,True,-1075.0
0,1,1.0,3.165254487617634,0.0,75.0,246,46,0.5,1.0,2.0,1000.0,150.0,75.0,<class 'src.agents.rational.RationalDeveloperAgent'>,performance,True,-1075.0
0,1,2.0,3.1652543711976104,2.6965296408692585e-06,75.0,247,47,0.5,1.0,2.0,1000.0,150.0,75.0,<class 'src.agents.rational.RationalDeveloperAgent'>,performance,True,-1075.0
0,1,2.0,3.1652543711976104,2.6965296408692585e-06,75.0,248,48,0.5,1.0,2.0,1000.0,150.0,75.0,<class 'src.agents.rational.RationalDeveloperAgent'>,performance,True,-1075.0
0,1,2.0,3.1652543711976104,2.6965296408692585e-06,75.0,249,49,0.5,1.0,2.0,1000.0,150.0,75.0,<class 'src.agents.rational.RationalDeveloperAgent'>,performance,True,-1075.0
0,1,2.0,3.1652543711976104,2.6965296408692585e-06,75.0,250,50,0.5,1.0,2.0,1000.0,150.0,75.0,<class 'src.agents.rational.RationalDeveloperAgent'>,performance,True,-1075.0
0,1,2.0,3.1652543711976104,2.6965296408692585e-06,75.0,251,51,0.5,1.0,2.0,1000.0,150.0,75.0,<class 'src.agents.rational.RationalDeveloperAgent'>,performance,True,-1075.0
0,1,1.0,3.165254487617634,0.0,75.0,252,52,0.5,1.0,2.0,1000.0,150.0,75.0,<class 'src.agents.rational.RationalDeveloperAgent'>,performance,True,-1075.0
0,1,1.0,3.165254487617634,0.0,75.0,253,53,0.5,1.0,2.0,1000.0,150.0,75.0,<class 'src.agents.rational.RationalDeveloperAgent'>,performance,True,-1075.0
0,1,2.0,3.1652543711976104,2.6965296408692585e-06,75.0,254,54,0.5,1.0,2.0,1000.0,150.0,75.0,<class 'src.agents.rational.RationalDeveloperAgent'>,performance,True,-1075.0
0,1,1.0,3.165254487617634,0.0,75.0,255,55,0.5,1.0,2.0,1000.0,150.0,75.0,<class 'src.agents.rational.RationalDeveloperAgent'>,performance,True,-1075.0
0,1,2.0,3.1652543711976104,2.6965296408692585e-06,75.0,256,56,0.5,1.0,2.0,1000.0,150.0,75.0,<class 'src.agents.rational.RationalDeveloperAgent'>,performance,True,-1075.0
0,1,2.0,3.1652543711976104,2.6965296408692585e-06,75.0,257,57,0.5,1.0,2.0,1000.0,150.0,75.0,<class 'src.agents.rational.RationalDeveloperAgent'>,performance,True,-1075.0
0,1,1.0,3.165254487617634,0.0,75.0,258,58,0.5,1.0,2.0,1000.0,150.0,75.0,<class 'src.agents.rational.RationalDeveloperAgent'>,performance,True,-1075.0
0,1,2.0,3.1652543711976104,2.6965296408692585e-06,75.0,259,59,0.5,1.0,2.0,1000.0,150.0,75.0,<class 'src.agents.rational.RationalDeveloperAgent'>,performance,True,-1075.0
0,1,2.0,3.1652543711976104,2.6965296408692585e-06,0.0,260,60,0.5,1.0,2.0,1000.0,150.0,75.0,<class 'src.agents.rational.RationalDeveloperAgent'>,performance,True,-1000.0
0,1,1.0,3.165254487617634,0.0,75.0,261,61,0.5,1.0,2.0,1000.0,150.0,75.0,<class 'src.agents.rational.RationalDeveloperAgent'>,performance,True,-1075.0
0,1,1.0,3.165254487617634,0.0,75.0,262,62,0.5,1.0,2.0,1000.0,150.0,75.0,<class 'src.agents.rational.RationalDeveloperAgent'>,performance,True,-1075.0
0,1,1.0,3.165254487617634,0.0,75.0,263,63,0.5,1.0,2.0,1000.0,150.0,75.0,<class 'src.agents.rational.RationalDeveloperAgent'>,performance,True,-1075.0
0,1,1.0,3.165254487617634,0.0,75.0,264,64,0.5,1.0,2.0,1000.0,150.0,75.0,<class 'src.agents.rational.RationalDeveloperAgent'>,performance,True,-1075.0
0,1,1.0,3.165254487617634,0.0,75.0,265,65,0.5,1.0,2.0,1000.0,150.0,75.0,<class 'src.agents.rational.RationalDeveloperAgent'>,performance,True,-1075.0
0,1,2.0,3.1652543711976104,2.6965296408692585e-06,75.0,266,66,0.5,1.0,2.0,1000.0,150.0,75.0,<class 'src.agents.rational.RationalDeveloperAgent'>,performance,True,-1075.0
0,1,1.0,3.165254487617634,0.0,75.0,267,67,0.5,1.0,2.0,1000.0,150.0,75.0,<class 'src.agents.rational.RationalDeveloperAgent'>,performance,True,-1075.0
0,1,2.0,3.1652543711976104,2.6965296408692585e-06,0.0,268,68,0.5,1.0,2.0,1000.0,150.0,75.0,<class 'src.agents.rational.RationalDeveloperAgent'>,performance,True,-1000.0
0,1,1.0,3.165254487617634,0.0,75.0,269,69,0.5,1.0,2.0,1000.0,150.0,75.0,<class 'src.agents.rational.RationalDeveloperAgent'>,performance,True,-1075.0
0,1,2.0,3.1652543711976104,2.6965296408692585e-06,75.0,270,70,0.5,1.0,2.0,1000.0,150.0,75.0,<class 'src.agents.rational.RationalDeveloperAgent'>,performance,True,-1075.0
0,1,2.0,3.1652543711976104,2.6965296408692585e-06,75.0,271,71,0.5,1.0,2.0,1000.0,150.0,75.0,<class 'src.agents.rational.RationalDeveloperAgent'>,performance,True,-1075.0
0,1,2.0,3.1652543711976104,2.6965296408692585e-06,75.0,272,72,0.5,1.0,2.0,1000.0,150.0,75.0,<class 'src.agents.rational.RationalDeveloperAgent'>,performance,True,-1075.0
0,1,1.0,3.165254487617634,0.0,75.0,273,73,0.5,1.0,2.0,1000.0,150.0,75.0,<class 'src.agents.rational.RationalDeveloperAgent'>,performance,True,-1075.0
0,1,2.0,3.1652543711976104,2.6965296408692585e-06,75.0,274,74,0.5,1.0,2.0,1000.0,150.0,75.0,<class 'src.agents.rational.RationalDeveloperAgent'>,performance,True,-1075.0
0,1,2.0,3.1652543711976104,2.6965296408692585e-06,75.0,275,75,0.5,1.0,2.0,1000.0,150.0,75.0,<class 'src.agents.rational.RationalDeveloperAgent'>,performance,True,-1075.0
0,1,2.0,3.1652543711976104,2.6965296408692585e-06,75.0,276,76,0.5,1.0,2.0,1000.0,150.0,75.0,<class 'src.agents.rational.RationalDeveloperAgent'>,performance,True,-1075.0
0,1,1.0,3.165254487617634,0.0,75.0,277,77,0.5,1.0,2.0,1000.0,150.0,75.0,<class 'src.agents.rational.RationalDeveloperAgent'>,performance,True,-1075.0
0,1,1.0,3.165254487617634,0.0,75.0,278,78,0.5,1.0,2.0,1000.0,150.0,75.0,<class 'src.agents.rational.RationalDeveloperAgent'>,performance,True,-1075.0
0,1,1.0,3.165254487617634,0.0,75.0,279,79,0.5,1.0,2.0,1000.0,150.0,75.0,<class 'src.agents.rational.RationalDeveloperAgent'>,performance,True,-1075.0
0,1,1.0,3.165254487617634,0.0,75.0,280,80,0.5,1.0,2.0,1000.0,150.0,75.0,<class 'src.agents.rational.RationalDeveloperAgent'>,performance,True,-1075.0
0,1,2.0,3.1652543711976104,2.6965296408692585e-06,75.0,281,81,0.5,1.0,2.0,1000.0,150.0,75.0,<class 'src.agents.rational.RationalDeveloperAgent'>,performance,True,-1075.0
0,1,2.0,3.1652543711976104,2.6965296408692585e-06,75.0,282,82,0.5,1.0,2.0,1000.0,150.0,75.0,<class 'src.agents.rational.RationalDeveloperAgent'>,performance,True,-1075.0
0,1,2.0,3.1652543711976104,2.6965296408692585e-06,75.0,283,83,0.5,1.0,2.0,1000.0,150.0,75.0,<class 'src.agents.rational.RationalDeveloperAgent'>,performance,True,-1075.0
0,1,1.0,3.165254487617634,0.0,75.0,284,84,0.5,1.0,2.0,1000.0,150.0,75.0,<class 'src.agents.rational.RationalDeveloperAgent'>,performance,True,-1075.0
0,1,1.0,3.165254487617634,0.0,75.0,285,85,0.5,1.0,2.0,1000.0,150.0,75.0,<class 'src.agents.rational.RationalDeveloperAgent'>,performance,True,-1075.0
0,1,2.0,3.1652543711976104,2.6965296408692585e-06,75.0,286,86,0.5,1.0,2.0,1000.0,150.0,75.0,<class 'src.agents.rational.RationalDeveloperAgent'>,performance,True,-1075.0
0,1,1.0,3.165254487617634,0.0,75.0,287,87,0.5,1.0,2.0,1000.0,150.0,75.0,<class 'src.agents.rational.RationalDeveloperAgent'>,performance,True,-1075.0
0,1,1.0,3.165254487617634,0.0,75.0,288,88,0.5,1.0,2.0,1000.0,150.0,75.0,<class 'src.agents.rational.RationalDeveloperAgent'>,performance,True,-1075.0
0,1,1.0,3.165254487617634,0.0,75.0,289,89,0.5,1.0,2.0,1000.0,150.0,75.0,<class 'src.agents.rational.RationalDeveloperAgent'>,performance,True,-1075.0
0,1,2.0,3.1652543711976104,2.6965296408692585e-06,75.0,290,90,0.5,1.0,2.0,1000.0,150.0,75.0,<class 'src.agents.rational.RationalDeveloperAgent'>,performance,True,-1075.0
0,1,2.0,3.1652543711976104,2.6965296408692585e-06,75.0,291,91,0.5,1.0,2.0,1000.0,150.0,75.0,<class 'src.agents.rational.RationalDeveloperAgent'>,performance,True,-1075.0
0,1,2.0,3.1652543711976104,2.6965296408692585e-06,75.0,292,92,0.5,1.0,2.0,1000.0,150.0,75.0,<class 'src.agents.rational.RationalDeveloperAgent'>,performance,True,-1075.0
0,1,1.0,3.165254487617634,0.0,75.0,293,93,0.5,1.0,2.0,1000.0,150.0,75.0,<class 'src.agents.rational.RationalDeveloperAgent'>,performance,True,-1075.0
0,1,2.0,3.1652543711976104,2.6965296408692585e-06,75.0,294,94,0.5,1.0,2.0,1000.0,150.0,75.0,<class 'src.agents.rational.RationalDeveloperAgent'>,performance,True,-1075.0
0,1,1.0,3.165254487617634,0.0,75.0,295,95,0.5,1.0,2.0,1000.0,150.0,75.0,<class 'src.agents.rational.RationalDeveloperAgent'>,performance,True,-1075.0
0,1,2.0,3.1652543711976104,2.6965296408692585e-06,75.0,296,96,0.5,1.0,2.0,1000.0,150.0,75.0,<class 'src.agents.rational.RationalDeveloperAgent'>,performance,True,-1075.0
0,1,1.0,3.165254487617634,0.0,0.0,297,97,0.5,1.0,2.0,1000.0,150.0,75.0,<class 'src.agents.rational.RationalDeveloperAgent'>,performance,True,-1000.0
0,1,2.0,3.1652543711976104,2.6965296408692585e-06,75.0,298,98,0.5,1.0,2.0,1000.0,150.0,75.0,<class 'src.agents.rational.RationalDeveloperAgent'>,performance,True,-1075.0
0,1,1.0,3.165254487617634,0.0,75.0,299,99,0.5,1.0,2.0,1000.0,150.0,75.0,<class 'src.agents.rational.RationalDeveloperAgent'>,performance,True,-1075.0
0,1,2.0,3.16523217591329,4.255563888364,225.0,300,0,0.5,1.0,2.0,1000.0,150.0,75.0,<class 'src.agents.rational.RationalDeveloperAgent'>,hybrid,False,-225.0
0,1,1.0,3.165259483801457,3.7018160344154882,225.0,301,1,0.5,1.0,2.0,1000.0,150.0,75.0,<class 'src.agents.rational.RationalDeveloperAgent'>,hybrid,False,-225.0
0,1,1.0,3.165259483801457,3.7018160344154882,75.0,302,2,0.5,1.0,2.0,1000.0,150.0,75.0,<class 'src.agents.rational.RationalDeveloperAgent'>,hybrid,True,-1075.0
0,1,1.0,3.165259483801457,3.7018160344154882,225.0,303,3,0.5,1.0,2.0,1000.0,150.0,75.0,<class 'src.agents.rational.RationalDeveloperAgent'>,hybrid,False,-225.0
0,1,2.0,3.16523217591329,4.255563888364,225.0,304,4,0.5,1.0,2.0,1000.0,150.0,75.0,<class 'src.agents.rational.RationalDeveloperAgent'>,hybrid,False,-225.0
0,1,2.0,3.16523217591329,4.255563888364,225.0,305,5,0.5,1.0,2.0,1000.0,150.0,75.0,<class 'src.agents.rational.RationalDeveloperAgent'>,hybrid,False,-225.0
0,1,1.0,3.165259483801457,3.7018160344154882,225.0,306,6,0.5,1.0,2.0,1000.0,150.0,75.0,<class 'src.agents.rational.RationalDeveloperAgent'>,hybrid,False,-225.0
0,1,2.0,3.16523217591329,4.255563888364,225.0,307,7,0.5,1.0,2.0,1000.0,150.0,75.0,<class 'src.agents.rational.RationalDeveloperAgent'>,hybrid,False,-225.0
0,1,1.0,3.165259483801457,3.7018160344154882,225.0,308,8,0.5,1.0,2.0,1000.0,150.0,75.0,<class 'src.agents.rational.RationalDeveloperAgent'>,hybrid,False,-225.0
0,1,1.0,3.165259483801457,3.7018160344154882,225.0,309,9,0.5,1.0,2.0,1000.0,150.0,75.0,<class 'src.agents.rational.RationalDeveloperAgent'>,hybrid,False,-225.0
0,1,1.0,3.165259483801457,3.7018160344154882,225.0,310,10,0.5,1.0,2.0,1000.0,150.0,75.0,<class 'src.agents.rational.RationalDeveloperAgent'>,hybrid,False,-225.0
0,1,2.0,3.16523217591329,4.255563888364,225.0,311,11,0.5,1.0,2.0,1000.0,150.0,75.0,<class 'src.agents.rational.RationalDeveloperAgent'>,hybrid,False,-225.0
0,1,2.0,3.16523217591329,4.255563888364,225.0,312,12,0.5,1.0,2.0,1000.0,150.0,75.0,<class 'src.agents.rational.RationalDeveloperAgent'>,hybrid,False,-225.0
0,1,1.0,3.165259483801457,3.7018160344154882,225.0,313,13,0.5,1.0,2.0,1000.0,150.0,75.0,<class 'src.agents.rational.RationalDeveloperAgent'>,hybrid,False,-225.0
0,1,1.0,3.165259483801457,3.7018160344154882,225.0,314,14,0.5,1.0,2.0,1000.0,150.0,75.0,<class 'src.agents.rational.RationalDeveloperAgent'>,hybrid,False,-225.0
0,1,2.0,3.16523217591329,4.255563888364,225.0,315,15,0.5,1.0,2.0,1000.0,150.0,75.0,<class 'src.agents.rational.RationalDeveloperAgent'>,hybrid,False,-225.0
0,1,1.0,3.165259483801457,3.7018160344154882,225.0,316,16,0.5,1.0,2.0,1000.0,150.0,75.0,<class 'src.agents.rational.RationalDeveloperAgent'>,hybrid,False,-225.0
0,1,1.0,3.165259483801457,3.7018160344154882,225.0,317,17,0.5,1.0,2.0,1000.0,150.0,75.0,<class 'src.agents.rational.RationalDeveloperAgent'>,hybrid,False,-225.0
0,1,2.0,3.16523217591329,4.255563888364,225.0,318,18,0.5,1.0,2.0,1000.0,150.0,75.0,<class 'src.agents.rational.RationalDeveloperAgent'>,hybrid,False,-225.0
0,1,1.0,3.165259483801457,3.7018160344154882,225.0,319,19,0.5,1.0,2.0,1000.0,150.0,75.0,<class 'src.agents.rational.RationalDeveloperAgent'>,hybrid,False,-225.0
0,1,1.0,3.165259483801457,3.7018160344154882,225.0,320,20,0.5,1.0,2.0,1000.0,150.0,75.0,<class 'src.agents.rational.RationalDeveloperAgent'>,hybrid,False,-225.0
0,1,2.0,3.16523217591329,4.255563888364,225.0,321,21,0.5,1.0,2.0,1000.0,150.0,75.0,<class 'src.agents.rational.RationalDeveloperAgent'>,hybrid,False,-225.0
0,1,1.0,3.165259483801457,3.7018160344154882,225.0,322,22,0.5,1.0,2.0,1000.0,150.0,75.0,<class 'src.agents.rational.RationalDeveloperAgent'>,hybrid,False,-225.0
0,1,1.0,3.165259483801457,3.7018160344154882,225.0,323,23,0.5,1.0,2.0,1000.0,150.0,75.0,<class 'src.agents.rational.RationalDeveloperAgent'>,hybrid,False,-225.0
0,1,1.0,3.165259483801457,3.7018160344154882,225.0,324,24,0.5,1.0,2.0,1000.0,150.0,75.0,<class 'src.agents.rational.RationalDeveloperAgent'>,hybrid,False,-225.0
0,1,1.0,3.165259483801457,3.7018160344154882,150.0,325,25,0.5,1.0,2.0,1000.0,150.0,75.0,<class 'src.agents.rational.RationalDeveloperAgent'>,hybrid,False,-150.0
0,1,2.0,3.16523217591329,4.255563888364,225.0,326,26,0.5,1.0,2.0,1000.0,150.0,75.0,<class 'src.agents.rational.RationalDeveloperAgent'>,hybrid,False,-225.0
0,1,1.0,3.165259483801457,3.7018160344154882,75.0,327,27,0.5,1.0,2.0,1000.0,150.0,75.0,<class 'src.agents.rational.RationalDeveloperAgent'>,hybrid,True,-1075.0
0,1,1.0,3.165259483801457,3.7018160344154882,225.0,328,28,0.5,1.0,2.0,1000.0,150.0,75.0,<class 'src.agents.rational.RationalDeveloperAgent'>,hybrid,False,-225.0
0,1,1.0,3.165259483801457,3.7018160344154882,225.0,329,29,0.5,1.0,2.0,1000.0,150.0,75.0,<class 'src.agents.rational.RationalDeveloperAgent'>,hybrid,False,-225.0
0,1,2.0,3.16523217591329,4.255563888364,225.0,330,30,0.5,1.0,2.0,1000.0,150.0,75.0,<class 'src.agents.rational.RationalDeveloperAgent'>,hybrid,False,-225.0
0,1,2.0,3.16523217591329,4.255563888364,225.0,331,31,0.5,1.0,2.0,1000.0,150.0,75.0,<class 'src.agents.rational.RationalDeveloperAgent'>,hybrid,False,-225.0
0,1,1.0,3.165259483801457,3.7018160344154882,225.0,332,32,0.5,1.0,2.0,1000.0,150.0,75.0,<class 'src.agents.rational.RationalDeveloperAgent'>,hybrid,False,-225.0
0,1,1.0,3.165259483801457,3.7018160344154882,225.0,333,33,0.5,1.0,2.0,1000.0,150.0,75.0,<class 'src.agents.rational.RationalDeveloperAgent'>,hybrid,False,-225.0
0,1,2.0,3.16523217591329,4.255563888364,225.0,334,34,0.5,1.0,2.0,1000.0,150.0,75.0,<class 'src.agents.rational.RationalDeveloperAgent'>,hybrid,False,-225.0
0,1,1.0,3.165259483801457,3.7018160344154882,225.0,335,35,0.5,1.0,2.0,1000.0,150.0,75.0,<class 'src.agents.rational.RationalDeveloperAgent'>,hybrid,False,-225.0
0,1,2.0,3.16523217591329,4.255563888364,225.0,336,36,0.5,1.0,2.0,1000.0,150.0,75.0,<class 'src.agents.rational.RationalDeveloperAgent'>,hybrid,False,-225.0
0,1,1.0,3.165259483801457,3.7018160344154882,225.0,337,37,0.5,1.0,2.0,1000.0,150.0,75.0,<class 'src.agents.rational.RationalDeveloperAgent'>,hybrid,False,-225.0
0,1,1.0,3.165259483801457,3.7018160344154882,225.0,338,38,0.5,1.0,2.0,1000.0,150.0,75.0,<class 'src.agents.rational.RationalDeveloperAgent'>,hybrid,False,-225.0
0,1,2.0,3.16523217591329,4.255563888364,225.0,339,39,0.5,1.0,2.0,1000.0,150.0,75.0,<class 'src.agents.rational.RationalDeveloperAgent'>,hybrid,False,-225.0
0,1,2.0,3.16523217591329,4.255563888364,225.0,340,40,0.5,1.0,2.0,1000.0,150.0,75.0,<class 'src.agents.rational.RationalDeveloperAgent'>,hybrid,False,-225.0
0,1,2.0,3.16523217591329,4.255563888364,225.0,341,41,0.5,1.0,2.0,1000.0,150.0,75.0,<class 'src.agents.rational.RationalDeveloperAgent'>,hybrid,False,-225.0
0,1,1.0,3.165259483801457,3.7018160344154882,150.0,342,42,0.5,1.0,2.0,1000.0,150.0,75.0,<class 'src.agents.rational.RationalDeveloperAgent'>,hybrid,False,-150.0
0,1,1.0,3.165259483801457,3.7018160344154882,225.0,343,43,0.5,1.0,2.0,1000.0,150.0,75.0,<class 'src.agents.rational.RationalDeveloperAgent'>,hybrid,False,-225.0
0,1,2.0,3.16523217591329,4.255563888364,225.0,344,44,0.5,1.0,2.0,1000.0,150.0,75.0,<class 'src.agents.rational.RationalDeveloperAgent'>,hybrid,False,-225.0
0,1,1.0,3.165259483801457,3.7018160344154882,225.0,345,45,0.5,1.0,2.0,1000.0,150.0,75.0,<class 'src.agents.rational.RationalDeveloperAgent'>,hybrid,False,-225.0
0,1,1.0,3.165259483801457,3.7018160344154882,225.0,346,46,0.5,1.0,2.0,1000.0,150.0,75.0,<class 'src.agents.rational.RationalDeveloperAgent'>,hybrid,False,-225.0
0,1,2.0,3.16523217591329,4.255563888364,225.0,347,47,0.5,1.0,2.0,1000.0,150.0,75.0,<class 'src.agents.rational.RationalDeveloperAgent'>,hybrid,False,-225.0
0,1,1.0,3.165259483801457,3.7018160344154882,225.0,348,48,0.5,1.0,2.0,1000.0,150.0,75.0,<class 'src.agents.rational.RationalDeveloperAgent'>,hybrid,False,-225.0
0,1,2.0,3.16523217591329,4.255563888364,225.0,349,49,0.5,1.0,2.0,1000.0,150.0,75.0,<class 'src.agents.rational.RationalDeveloperAgent'>,hybrid,False,-225.0
0,1,2.0,3.16523217591329,4.255563888364,225.0,350,50,0.5,1.0,2.0,1000.0,150.0,75.0,<class 'src.agents.rational.RationalDeveloperAgent'>,hybrid,False,-225.0
0,1,1.0,3.165259483801457,3.7018160344154882,225.0,351,51,0.5,1.0,2.0,1000.0,150.0,75.0,<class 'src.agents.rational.RationalDeveloperAgent'>,hybrid,False,-225.0
0,1,1.0,3.165259483801457,3.7018160344154882,225.0,352,52,0.5,1.0,2.0,1000.0,150.0,75.0,<class 'src.agents.rational.RationalDeveloperAgent'>,hybrid,False,-225.0
0,1,1.0,3.165259483801457,3.7018160344154882,75.0,353,53,0.5,1.0,2.0,1000.0,150.0,75.0,<class 'src.agents.rational.RationalDeveloperAgent'>,hybrid,True,-1075.0
0,1,2.0,3.16523217591329,4.255563888364,225.0,354,54,0.5,1.0,2.0,1000.0,150.0,75.0,<class 'src.agents.rational.RationalDeveloperAgent'>,hybrid,False,-225.0
0,1,1.0,3.165259483801457,3.7018160344154882,225.0,355,55,0.5,1.0,2.0,1000.0,150.0,75.0,<class 'src.agents.rational.RationalDeveloperAgent'>,hybrid,False,-225.0
0,1,2.0,3.16523217591329,4.255563888364,225.0,356,56,0.5,1.0,2.0,1000.0,150.0,75.0,<class 'src.agents.rational.RationalDeveloperAgent'>,hybrid,False,-225.0
0,1,2.0,3.16523217591329,4.255563888364,225.0,357,57,0.5,1.0,2.0,1000.0,150.0,75.0,<class 'src.agents.rational.RationalDeveloperAgent'>,hybrid,False,-225.0
0,1,2.0,3.16523217591329,4.255563888364,225.0,358,58,0.5,1.0,2.0,1000.0,150.0,75.0,<class 'src.agents.rational.RationalDeveloperAgent'>,hybrid,False,-225.0
0,1,2.0,3.16523217591329,4.255563888364,225.0,359,59,0.5,1.0,2.0,1000.0,150.0,75.0,<class 'src.agents.rational.RationalDeveloperAgent'>,hybrid,False,-225.0
0,1,1.0,3.165259483801457,3.7018160344154882,225.0,360,60,0.5,1.0,2.0,1000.0,150.0,75.0,<class 'src.agents.rational.RationalDeveloperAgent'>,hybrid,False,-225.0
0,1,2.0,3.16523217591329,4.255563888364,225.0,361,61,0.5,1.0,2.0,1000.0,150.0,75.0,<class 'src.agents.rational.RationalDeveloperAgent'>,hybrid,False,-225.0
0,1,2.0,3.16523217591329,4.255563888364,225.0,362,62,0.5,1.0,2.0,1000.0,150.0,75.0,<class 'src.agents.rational.RationalDeveloperAgent'>,hybrid,False,-225.0
0,1,2.0,3.16523217591329,4.255563888364,225.0,363,63,0.5,1.0,2.0,1000.0,150.0,75.0,<class 'src.agents.rational.RationalDeveloperAgent'>,hybrid,False,-225.0
0,1,2.0,3.16523217591329,4.255563888364,225.0,364,64,0.5,1.0,2.0,1000.0,150.0,75.0,<class 'src.agents.rational.RationalDeveloperAgent'>,hybrid,False,-225.0
0,1,1.0,3.165259483801457,3.7018160344154882,225.0,365,65,0.5,1.0,2.0,1000.0,150.0,75.0,<class 'src.agents.rational.RationalDeveloperAgent'>,hybrid,False,-225.0
0,1,2.0,3.16523217591329,4.255563888364,225.0,366,66,0.5,1.0,2.0,1000.0,150.0,75.0,<class 'src.agents.rational.RationalDeveloperAgent'>,hybrid,False,-225.0
0,1,1.0,3.165259483801457,3.7018160344154882,225.0,367,67,0.5,1.0,2.0,1000.0,150.0,75.0,<class 'src.agents.rational.RationalDeveloperAgent'>,hybrid,False,-225.0
0,1,2.0,3.16523217591329,4.255563888364,225.0,368,68,0.5,1.0,2.0,1000.0,150.0,75.0,<class 'src.agents.rational.RationalDeveloperAgent'>,hybrid,False,-225.0
0,1,1.0,3.165259483801457,3.7018160344154882,225.0,369,69,0.5,1.0,2.0,1000.0,150.0,75.0,<class 'src.agents.rational.RationalDeveloperAgent'>,hybrid,False,-225.0
0,1,1.0,3.165259483801457,3.7018160344154882,225.0,370,70,0.5,1.0,2.0,1000.0,150.0,75.0,<class 'src.agents.rational.RationalDeveloperAgent'>,hybrid,False,-225.0
0,1,2.0,3.16523217591329,4.255563888364,225.0,371,71,0.5,1.0,2.0,1000.0,150.0,75.0,<class 'src.agents.rational.RationalDeveloperAgent'>,hybrid,False,-225.0
0,1,2.0,3.16523217591329,4.255563888364,225.0,372,72,0.5,1.0,2.0,1000.0,150.0,75.0,<class 'src.agents.rational.RationalDeveloperAgent'>,hybrid,False,-225.0
0,1,1.0,3.165259483801457,3.7018160344154882,225.0,373,73,0.5,1.0,2.0,1000.0,150.0,75.0,<class 'src.agents.rational.RationalDeveloperAgent'>,hybrid,False,-225.0
0,1,2.0,3.16523217591329,4.255563888364,225.0,374,74,0.5,1.0,2.0,1000.0,150.0,75.0,<class 'src.agents.rational.RationalDeveloperAgent'>,hybrid,False,-225.0
0,1,2.0,3.16523217591329,4.255563888364,225.0,375,75,0.5,1.0,2.0,1000.0,150.0,75.0,<class 'src.agents.rational.RationalDeveloperAgent'>,hybrid,False,-225.0
0,1,1.0,3.165259483801457,3.7018160344154882,225.0,376,76,0.5,1.0,2.0,1000.0,150.0,75.0,<class 'src.agents.rational.RationalDeveloperAgent'>,hybrid,False,-225.0
0,1,2.0,3.16523217591329,4.255563888364,225.0,377,77,0.5,1.0,2.0,1000.0,150.0,75.0,<class 'src.agents.rational.RationalDeveloperAgent'>,hybrid,False,-225.0
0,1,2.0,3.16523217591329,4.255563888364,225.0,378,78,0.5,1.0,2.0,1000.0,150.0,75.0,<class 'src.agents.rational.RationalDeveloperAgent'>,hybrid,False,-225.0
0,1,1.0,3.165259483801457,3.7018160344154882,225.0,379,79,0.5,1.0,2.0,1000.0,150.0,75.0,<class 'src.agents.rational.RationalDeveloperAgent'>,hybrid,False,-225.0
0,1,1.0,3.165259483801457,3.7018160344154882,225.0,380,80,0.5,1.0,2.0,1000.0,150.0,75.0,<class 'src.agents.rational.RationalDeveloperAgent'>,hybrid,False,-225.0
0,1,2.0,3.16523217591329,4.255563888364,225.0,381,81,0.5,1.0,2.0,1000.0,150.0,75.0,<class 'src.agents.rational.RationalDeveloperAgent'>,hybrid,False,-225.0
0,1,1.0,3.165259483801457,3.7018160344154882,225.0,382,82,0.5,1.0,2.0,1000.0,150.0,75.0,<class 'src.agents.rational.RationalDeveloperAgent'>,hybrid,False,-225.0
0,1,2.0,3.16523217591329,4.255563888364,150.0,383,83,0.5,1.0,2.0,1000.0,150.0,75.0,<class 'src.agents.rational.RationalDeveloperAgent'>,hybrid,False,-150.0
0,1,2.0,3.16523217591329,4.255563888364,225.0,384,84,0.5,1.0,2.0,1000.0,150.0,75.0,<class 'src.agents.rational.RationalDeveloperAgent'>,hybrid,False,-225.0
0,1,2.0,3.16523217591329,4.255563888364,225.0,385,85,0.5,1.0,2.0,1000.0,150.0,75.0,<class 'src.agents.rational.RationalDeveloperAgent'>,hybrid,False,-225.0
0,1,1.0,3.165259483801457,3.7018160344154882,225.0,386,86,0.5,1.0,2.0,1000.0,150.0,75.0,<class 'src.agents.rational.RationalDeveloperAgent'>,hybrid,False,-225.0
0,1,1.0,3.165259483801457,3.7018160344154882,225.0,387,87,0.5,1.0,2.0,1000.0,150.0,75.0,<class 'src.agents.rational.RationalDeveloperAgent'>,hybrid,False,-225.0
0,1,2.0,3.16523217591329,4.255563888364,225.0,388,88,0.5,1.0,2.0,1000.0,150.0,75.0,<class 'src.agents.rational.RationalDeveloperAgent'>,hybrid,False,-225.0
0,1,1.0,3.165259483801457,3.7018160344154882,225.0,389,89,0.5,1.0,2.0,1000.0,150.0,75.0,<class 'src.agents.rational.RationalDeveloperAgent'>,hybrid,False,-225.0
0,1,1.0,3.165259483801457,3.7018160344154882,225.0,390,90,0.5,1.0,2.0,1000.0,150.0,75.0,<class 'src.agents.rational.RationalDeveloperAgent'>,hybrid,False,-225.0
0,1,1.0,3.165259483801457,3.7018160344154882,225.0,391,91,0.5,1.0,2.0,1000.0,150.0,75.0,<class 'src.agents.rational.RationalDeveloperAgent'>,hybrid,False,-225.0
0,1,1.0,3.165259483801457,3.7018160344154882,225.0,392,92,0.5,1.0,2.0,1000.0,150.0,75.0,<class 'src.agents.rational.RationalDeveloperAgent'>,hybrid,False,-225.0
0,1,1.0,3.165259483801457,3.7018160344154882,225.0,393,93,0.5,1.0,2.0,1000.0,150.0,75.0,<class 'src.agents.rational.RationalDeveloperAgent'>,hybrid,False,-225.0
0,1,2.0,3.16523217591329,4.255563888364,225.0,394,94,0.5,1.0,2.0,1000.0,150.0,75.0,<class 'src.agents.rational.RationalDeveloperAgent'>,hybrid,False,-225.0
0,1,2.0,3.16523217591329,4.255563888364,225.0,395,95,0.5,1.0,2.0,1000.0,150.0,75.0,<class 'src.agents.rational.RationalDeveloperAgent'>,hybrid,False,-225.0
0,1,2.0,3.16523217591329,4.255563888364,225.0,396,96,0.5,1.0,2.0,1000.0,150.0,75.0,<class 'src.agents.rational.RationalDeveloperAgent'>,hybrid,False,-225.0
0,1,1.0,3.165259483801457,3.7018160344154882,225.0,397,97,0.5,1.0,2.0,1000.0,150.0,75.0,<class 'src.agents.rational.RationalDeveloperAgent'>,hybrid,False,-225.0
0,1,2.0,3.16523217591329,4.255563888364,225.0,398,98,0.5,1.0,2.0,1000.0,150.0,75.0,<class 'src.agents.rational.RationalDeveloperAgent'>,hybrid,False,-225.0
0,1,1.0,3.165259483801457,3.7018160344154882,225.0,399,99,0.5,1.0,2.0,1000.0,150.0,75.0,<class 'src.agents.rational.RationalDeveloperAgent'>,hybrid,False,-225.0
0,1,1.0,0.0004573316408070827,2.795134500567778,45.74195607689977,400,0,0.5,1.0,2.0,1000.0,150.0,75.0,<class 'src.agents.rational.RationalDeveloperAgent'>,optimal_ra,False,-45.74195607689977
0,1,2.0,0.0,3.1004351378035007,34.426438071755186,401,1,0.5,1.0,2.0,1000.0,150.0,75.0,<class 'src.agents.rational.RationalDeveloperAgent'>,optimal_ra,False,-34.426438071755186
0,1,1.0,0.0004573316408070827,2.795134500567778,45.74195607689977,402,2,0.5,1.0,2.0,1000.0,150.0,75.0,<class 'src.agents.rational.RationalDeveloperAgent'>,optimal_ra,False,-45.74195607689977
0,1,2.0,0.0,3.1004351378035007,34.426438071755186,403,3,0.5,1.0,2.0,1000.0,150.0,75.0,<class 'src.agents.rational.RationalDeveloperAgent'>,optimal_ra,False,-34.426438071755186
0,1,1.0,0.0004573316408070827,2.795134500567778,45.74195607689977,404,4,0.5,1.0,2.0,1000.0,150.0,75.0,<class 'src.agents.rational.RationalDeveloperAgent'>,optimal_ra,False,-45.74195607689977
0,1,2.0,0.0,3.1004351378035007,34.426438071755186,405,5,0.5,1.0,2.0,1000.0,150.0,75.0,<class 'src.agents.rational.RationalDeveloperAgent'>,optimal_ra,False,-34.426438071755186
0,1,2.0,0.0,3.1004351378035007,34.426438071755186,406,6,0.5,1.0,2.0,1000.0,150.0,75.0,<class 'src.agents.rational.RationalDeveloperAgent'>,optimal_ra,False,-34.426438071755186
0,1,2.0,0.0,3.1004351378035007,34.426438071755186,407,7,0.5,1.0,2.0,1000.0,150.0,75.0,<class 'src.agents.rational.RationalDeveloperAgent'>,optimal_ra,False,-34.426438071755186
0,1,2.0,0.0,3.1004351378035007,34.426438071755186,408,8,0.5,1.0,2.0,1000.0,150.0,75.0,<class 'src.agents.rational.RationalDeveloperAgent'>,optimal_ra,False,-34.426438071755186
0,1,2.0,0.0,3.1004351378035007,34.426438071755186,409,9,0.5,1.0,2.0,1000.0,150.0,75.0,<class 'src.agents.rational.RationalDeveloperAgent'>,optimal_ra,False,-34.426438071755186
0,1,1.0,0.0004573316408070827,2.795134500567778,45.74195607689977,410,10,0.5,1.0,2.0,1000.0,150.0,75.0,<class 'src.agents.rational.RationalDeveloperAgent'>,optimal_ra,False,-45.74195607689977
0,1,1.0,0.0004573316408070827,2.795134500567778,45.74195607689977,411,11,0.5,1.0,2.0,1000.0,150.0,75.0,<class 'src.agents.rational.RationalDeveloperAgent'>,optimal_ra,False,-45.74195607689977
0,1,2.0,0.0,3.1004351378035007,34.426438071755186,412,12,0.5,1.0,2.0,1000.0,150.0,75.0,<class 'src.agents.rational.RationalDeveloperAgent'>,optimal_ra,False,-34.426438071755186
0,1,2.0,0.0,3.1004351378035007,34.426438071755186,413,13,0.5,1.0,2.0,1000.0,150.0,75.0,<class 'src.agents.rational.RationalDeveloperAgent'>,optimal_ra,False,-34.426438071755186
0,1,2.0,0.0,3.1004351378035007,34.426438071755186,414,14,0.5,1.0,2.0,1000.0,150.0,75.0,<class 'src.agents.rational.RationalDeveloperAgent'>,optimal_ra,False,-34.426438071755186
0,1,2.0,0.0,3.1004351378035007,34.426438071755186,415,15,0.5,1.0,2.0,1000.0,150.0,75.0,<class 'src.agents.rational.RationalDeveloperAgent'>,optimal_ra,False,-34.426438071755186
0,1,1.0,0.0004573316408070827,2.795134500567778,45.74195607689977,416,16,0.5,1.0,2.0,1000.0,150.0,75.0,<class 'src.agents.rational.RationalDeveloperAgent'>,optimal_ra,False,-45.74195607689977
0,1,1.0,0.0004573316408070827,2.795134500567778,45.74195607689977,417,17,0.5,1.0,2.0,1000.0,150.0,75.0,<class 'src.agents.rational.RationalDeveloperAgent'>,optimal_ra,False,-45.74195607689977
0,1,2.0,0.0,3.1004351378035007,34.426438071755186,418,18,0.5,1.0,2.0,1000.0,150.0,75.0,<class 'src.agents.rational.RationalDeveloperAgent'>,optimal_ra,False,-34.426438071755186
0,1,2.0,0.0,3.1004351378035007,34.426438071755186,419,19,0.5,1.0,2.0,1000.0,150.0,75.0,<class 'src.agents.rational.RationalDeveloperAgent'>,optimal_ra,False,-34.426438071755186
0,1,2.0,0.0,3.1004351378035007,34.426438071755186,420,20,0.5,1.0,2.0,1000.0,150.0,75.0,<class 'src.agents.rational.RationalDeveloperAgent'>,optimal_ra,False,-34.426438071755186
0,1,2.0,0.0,3.1004351378035007,34.426438071755186,421,21,0.5,1.0,2.0,1000.0,150.0,75.0,<class 'src.agents.rational.RationalDeveloperAgent'>,optimal_ra,False,-34.426438071755186
0,1,1.0,0.0004573316408070827,2.795134500567778,45.74195607689977,422,22,0.5,1.0,2.0,1000.0,150.0,75.0,<class 'src.agents.rational.RationalDeveloperAgent'>,optimal_ra,False,-45.74195607689977
0,1,1.0,0.0004573316408070827,2.795134500567778,45.74195607689977,423,23,0.5,1.0,2.0,1000.0,150.0,75.0,<class 'src.agents.rational.RationalDeveloperAgent'>,optimal_ra,False,-45.74195607689977
0,1,2.0,0.0,3.1004351378035007,34.426438071755186,424,24,0.5,1.0,2.0,1000.0,150.0,75.0,<class 'src.agents.rational.RationalDeveloperAgent'>,optimal_ra,False,-34.426438071755186
0,1,1.0,0.0004573316408070827,2.795134500567778,45.74195607689977,425,25,0.5,1.0,2.0,1000.0,150.0,75.0,<class 'src.agents.rational.RationalDeveloperAgent'>,optimal_ra,False,-45.74195607689977
0,1,1.0,0.0004573316408070827,2.795134500567778,45.74195607689977,426,26,0.5,1.0,2.0,1000.0,150.0,75.0,<class 'src.agents.rational.RationalDeveloperAgent'>,optimal_ra,False,-45.74195607689977
0,1,1.0,0.0004573316408070827,2.795134500567778,45.74195607689977,427,27,0.5,1.0,2.0,1000.0,150.0,75.0,<class 'src.agents.rational.RationalDeveloperAgent'>,optimal_ra,False,-45.74195607689977
0,1,1.0,0.0004573316408070827,2.795134500567778,45.74195607689977,428,28,0.5,1.0,2.0,1000.0,150.0,75.0,<class 'src.agents.rational.RationalDeveloperAgent'>,optimal_ra,False,-45.74195607689977
0,1,1.0,0.0004573316408070827,2.795134500567778,0.0,429,29,0.5,1.0,2.0,1000.0,150.0,75.0,<class 'src.agents.rational.RationalDeveloperAgent'>,optimal_ra,True,-1000.0
0,1,1.0,0.0004573316408070827,2.795134500567778,45.74195607689977,430,30,0.5,1.0,2.0,1000.0,150.0,75.0,<class 'src.agents.rational.RationalDeveloperAgent'>,optimal_ra,False,-45.74195607689977
0,1,2.0,0.0,3.1004351378035007,34.426438071755186,431,31,0.5,1.0,2.0,1000.0,150.0,75.0,<class 'src.agents.rational.RationalDeveloperAgent'>,optimal_ra,False,-34.426438071755186
0,1,2.0,0.0,3.1004351378035007,34.426438071755186,432,32,0.5,1.0,2.0,1000.0,150.0,75.0,<class 'src.agents.rational.RationalDeveloperAgent'>,optimal_ra,False,-34.426438071755186
0,1,1.0,0.0004573316408070827,2.795134500567778,45.74195607689977,433,33,0.5,1.0,2.0,1000.0,150.0,75.0,<class 'src.agents.rational.RationalDeveloperAgent'>,optimal_ra,False,-45.74195607689977
0,1,1.0,0.0004573316408070827,2.795134500567778,45.74195607689977,434,34,0.5,1.0,2.0,1000.0,150.0,75.0,<class 'src.agents.rational.RationalDeveloperAgent'>,optimal_ra,False,-45.74195607689977
0,1,1.0,0.0004573316408070827,2.795134500567778,45.74195607689977,435,35,0.5,1.0,2.0,1000.0,150.0,75.0,<class 'src.agents.rational.RationalDeveloperAgent'>,optimal_ra,False,-45.74195607689977
0,1,2.0,0.0,3.1004351378035007,34.426438071755186,436,36,0.5,1.0,2.0,1000.0,150.0,75.0,<class 'src.agents.rational.RationalDeveloperAgent'>,optimal_ra,False,-34.426438071755186
0,1,2.0,0.0,3.1004351378035007,34.426438071755186,437,37,0.5,1.0,2.0,1000.0,150.0,75.0,<class 'src.agents.rational.RationalDeveloperAgent'>,optimal_ra,False,-34.426438071755186
0,1,2.0,0.0,3.1004351378035007,34.426438071755186,438,38,0.5,1.0,2.0,1000.0,150.0,75.0,<class 'src.agents.rational.RationalDeveloperAgent'>,optimal_ra,False,-34.426438071755186
0,1,1.0,0.0004573316408070827,2.795134500567778,45.74195607689977,439,39,0.5,1.0,2.0,1000.0,150.0,75.0,<class 'src.agents.rational.RationalDeveloperAgent'>,optimal_ra,False,-45.74195607689977
0,1,2.0,0.0,3.1004351378035007,34.426438071755186,440,40,0.5,1.0,2.0,1000.0,150.0,75.0,<class 'src.agents.rational.RationalDeveloperAgent'>,optimal_ra,False,-34.426438071755186
0,1,1.0,0.0004573316408070827,2.795134500567778,0.0,441,41,0.5,1.0,2.0,1000.0,150.0,75.0,<class 'src.agents.rational.RationalDeveloperAgent'>,optimal_ra,True,-1000.0
0,1,1.0,0.0004573316408070827,2.795134500567778,45.74195607689977,442,42,0.5,1.0,2.0,1000.0,150.0,75.0,<class 'src.agents.rational.RationalDeveloperAgent'>,optimal_ra,False,-45.74195607689977
0,1,2.0,0.0,3.1004351378035007,0.0,443,43,0.5,1.0,2.0,1000.0,150.0,75.0,<class 'src.agents.rational.RationalDeveloperAgent'>,optimal_ra,True,-1000.0
0,1,1.0,0.0004573316408070827,2.795134500567778,0.0,444,44,0.5,1.0,2.0,1000.0,150.0,75.0,<class 'src.agents.rational.RationalDeveloperAgent'>,optimal_ra,True,-1000.0
0,1,2.0,0.0,3.1004351378035007,34.426438071755186,445,45,0.5,1.0,2.0,1000.0,150.0,75.0,<class 'src.agents.rational.RationalDeveloperAgent'>,optimal_ra,False,-34.426438071755186
0,1,1.0,0.0004573316408070827,2.795134500567778,45.74195607689977,446,46,0.5,1.0,2.0,1000.0,150.0,75.0,<class 'src.agents.rational.RationalDeveloperAgent'>,optimal_ra,False,-45.74195607689977
0,1,1.0,0.0004573316408070827,2.795134500567778,45.74195607689977,447,47,0.5,1.0,2.0,1000.0,150.0,75.0,<class 'src.agents.rational.RationalDeveloperAgent'>,optimal_ra,False,-45.74195607689977
0,1,2.0,0.0,3.1004351378035007,34.426438071755186,448,48,0.5,1.0,2.0,1000.0,150.0,75.0,<class 'src.agents.rational.RationalDeveloperAgent'>,optimal_ra,False,-34.426438071755186
0,1,1.0,0.0004573316408070827,2.795134500567778,45.74195607689977,449,49,0.5,1.0,2.0,1000.0,150.0,75.0,<class 'src.agents.rational.RationalDeveloperAgent'>,optimal_ra,False,-45.74195607689977
0,1,2.0,0.0,3.1004351378035007,34.426438071755186,450,50,0.5,1.0,2.0,1000.0,150.0,75.0,<class 'src.agents.rational.RationalDeveloperAgent'>,optimal_ra,False,-34.426438071755186
0,1,1.0,0.0004573316408070827,2.795134500567778,45.74195607689977,451,51,0.5,1.0,2.0,1000.0,150.0,75.0,<class 'src.agents.rational.RationalDeveloperAgent'>,optimal_ra,False,-45.74195607689977
0,1,1.0,0.0004573316408070827,2.795134500567778,45.74195607689977,452,52,0.5,1.0,2.0,1000.0,150.0,75.0,<class 'src.agents.rational.RationalDeveloperAgent'>,optimal_ra,False,-45.74195607689977
0,1,1.0,0.0004573316408070827,2.795134500567778,45.74195607689977,453,53,0.5,1.0,2.0,1000.0,150.0,75.0,<class 'src.agents.rational.RationalDeveloperAgent'>,optimal_ra,False,-45.74195607689977
0,1,1.0,0.0004573316408070827,2.795134500567778,45.74195607689977,454,54,0.5,1.0,2.0,1000.0,150.0,75.0,<class 'src.agents.rational.RationalDeveloperAgent'>,optimal_ra,False,-45.74195607689977
0,1,1.0,0.0004573316408070827,2.795134500567778,45.74195607689977,455,55,0.5,1.0,2.0,1000.0,150.0,75.0,<class 'src.agents.rational.RationalDeveloperAgent'>,optimal_ra,False,-45.74195607689977
0,1,1.0,0.0004573316408070827,2.795134500567778,45.74195607689977,456,56,0.5,1.0,2.0,1000.0,150.0,75.0,<class 'src.agents.rational.RationalDeveloperAgent'>,optimal_ra,False,-45.74195607689977
0,1,2.0,0.0,3.1004351378035007,34.426438071755186,457,57,0.5,1.0,2.0,1000.0,150.0,75.0,<class 'src.agents.rational.RationalDeveloperAgent'>,optimal_ra,False,-34.426438071755186
0,1,2.0,0.0,3.1004351378035007,34.426438071755186,458,58,0.5,1.0,2.0,1000.0,150.0,75.0,<class 'src.agents.rational.RationalDeveloperAgent'>,optimal_ra,False,-34.426438071755186
0,1,1.0,0.0004573316408070827,2.795134500567778,45.74195607689977,459,59,0.5,1.0,2.0,1000.0,150.0,75.0,<class 'src.agents.rational.RationalDeveloperAgent'>,optimal_ra,False,-45.74195607689977
0,1,1.0,0.0004573316408070827,2.795134500567778,45.74195607689977,460,60,0.5,1.0,2.0,1000.0,150.0,75.0,<class 'src.agents.rational.RationalDeveloperAgent'>,optimal_ra,False,-45.74195607689977
0,1,1.0,0.0004573316408070827,2.795134500567778,45.74195607689977,461,61,0.5,1.0,2.0,1000.0,150.0,75.0,<class 'src.agents.rational.RationalDeveloperAgent'>,optimal_ra,False,-45.74195607689977
0,1,2.0,0.0,3.1004351378035007,34.426438071755186,462,62,0.5,1.0,2.0,1000.0,150.0,75.0,<class 'src.agents.rational.RationalDeveloperAgent'>,optimal_ra,False,-34.426438071755186
0,1,1.0,0.0004573316408070827,2.795134500567778,45.74195607689977,463,63,0.5,1.0,2.0,1000.0,150.0,75.0,<class 'src.agents.rational.RationalDeveloperAgent'>,optimal_ra,False,-45.74195607689977
0,1,2.0,0.0,3.1004351378035007,34.426438071755186,464,64,0.5,1.0,2.0,1000.0,150.0,75.0,<class 'src.agents.rational.RationalDeveloperAgent'>,optimal_ra,False,-34.426438071755186
0,1,2.0,0.0,3.1004351378035007,34.426438071755186,465,65,0.5,1.0,2.0,1000.0,150.0,75.0,<class 'src.agents.rational.RationalDeveloperAgent'>,optimal_ra,False,-34.426438071755186
0,1,1.0,0.0004573316408070827,2.795134500567778,45.74195607689977,466,66,0.5,1.0,2.0,1000.0,150.0,75.0,<class 'src.agents.rational.RationalDeveloperAgent'>,optimal_ra,False,-45.74195607689977
0,1,2.0,0.0,3.1004351378035007,34.426438071755186,467,67,0.5,1.0,2.0,1000.0,150.0,75.0,<class 'src.agents.rational.RationalDeveloperAgent'>,optimal_ra,False,-34.426438071755186
0,1,2.0,0.0,3.1004351378035007,34.426438071755186,468,68,0.5,1.0,2.0,1000.0,150.0,75.0,<class 'src.agents.rational.RationalDeveloperAgent'>,optimal_ra,False,-34.426438071755186
0,1,2.0,0.0,3.1004351378035007,34.426438071755186,469,69,0.5,1.0,2.0,1000.0,150.0,75.0,<class 'src.agents.rational.RationalDeveloperAgent'>,optimal_ra,False,-34.426438071755186
0,1,1.0,0.0004573316408070827,2.795134500567778,45.74195607689977,470,70,0.5,1.0,2.0,1000.0,150.0,75.0,<class 'src.agents.rational.RationalDeveloperAgent'>,optimal_ra,False,-45.74195607689977
0,1,1.0,0.0004573316408070827,2.795134500567778,45.74195607689977,471,71,0.5,1.0,2.0,1000.0,150.0,75.0,<class 'src.agents.rational.RationalDeveloperAgent'>,optimal_ra,False,-45.74195607689977
0,1,2.0,0.0,3.1004351378035007,34.426438071755186,472,72,0.5,1.0,2.0,1000.0,150.0,75.0,<class 'src.agents.rational.RationalDeveloperAgent'>,optimal_ra,False,-34.426438071755186
0,1,2.0,0.0,3.1004351378035007,34.426438071755186,473,73,0.5,1.0,2.0,1000.0,150.0,75.0,<class 'src.agents.rational.RationalDeveloperAgent'>,optimal_ra,False,-34.426438071755186
0,1,1.0,0.0004573316408070827,2.795134500567778,45.74195607689977,474,74,0.5,1.0,2.0,1000.0,150.0,75.0,<class 'src.agents.rational.RationalDeveloperAgent'>,optimal_ra,False,-45.74195607689977
0,1,1.0,0.0004573316408070827,2.795134500567778,0.0,475,75,0.5,1.0,2.0,1000.0,150.0,75.0,<class 'src.agents.rational.RationalDeveloperAgent'>,optimal_ra,True,-1000.0
0,1,2.0,0.0,3.1004351378035007,34.426438071755186,476,76,0.5,1.0,2.0,1000.0,150.0,75.0,<class 'src.agents.rational.RationalDeveloperAgent'>,optimal_ra,False,-34.426438071755186
0,1,2.0,0.0,3.1004351378035007,34.426438071755186,477,77,0.5,1.0,2.0,1000.0,150.0,75.0,<class 'src.agents.rational.RationalDeveloperAgent'>,optimal_ra,False,-34.426438071755186
0,1,2.0,0.0,3.1004351378035007,0.0,478,78,0.5,1.0,2.0,1000.0,150.0,75.0,<class 'src.agents.rational.RationalDeveloperAgent'>,optimal_ra,True,-1000.0
0,1,2.0,0.0,3.1004351378035007,34.426438071755186,479,79,0.5,1.0,2.0,1000.0,150.0,75.0,<class 'src.agents.rational.RationalDeveloperAgent'>,optimal_ra,False,-34.426438071755186
0,1,2.0,0.0,3.1004351378035007,34.426438071755186,480,80,0.5,1.0,2.0,1000.0,150.0,75.0,<class 'src.agents.rational.RationalDeveloperAgent'>,optimal_ra,False,-34.426438071755186
0,1,2.0,0.0,3.1004351378035007,0.0,481,81,0.5,1.0,2.0,1000.0,150.0,75.0,<class 'src.agents.rational.RationalDeveloperAgent'>,optimal_ra,True,-1000.0
0,1,2.0,0.0,3.1004351378035007,34.426438071755186,482,82,0.5,1.0,2.0,1000.0,150.0,75.0,<class 'src.agents.rational.RationalDeveloperAgent'>,optimal_ra,False,-34.426438071755186
0,1,1.0,0.0004573316408070827,2.795134500567778,45.74195607689977,483,83,0.5,1.0,2.0,1000.0,150.0,75.0,<class 'src.agents.rational.RationalDeveloperAgent'>,optimal_ra,False,-45.74195607689977
0,1,1.0,0.0004573316408070827,2.795134500567778,45.74195607689977,484,84,0.5,1.0,2.0,1000.0,150.0,75.0,<class 'src.agents.rational.RationalDeveloperAgent'>,optimal_ra,False,-45.74195607689977
0,1,2.0,0.0,3.1004351378035007,34.426438071755186,485,85,0.5,1.0,2.0,1000.0,150.0,75.0,<class 'src.agents.rational.RationalDeveloperAgent'>,optimal_ra,False,-34.426438071755186
0,1,1.0,0.0004573316408070827,2.795134500567778,45.74195607689977,486,86,0.5,1.0,2.0,1000.0,150.0,75.0,<class 'src.agents.rational.RationalDeveloperAgent'>,optimal_ra,False,-45.74195607689977
0,1,2.0,0.0,3.1004351378035007,34.426438071755186,487,87,0.5,1.0,2.0,1000.0,150.0,75.0,<class 'src.agents.rational.RationalDeveloperAgent'>,optimal_ra,False,-34.426438071755186
0,1,1.0,0.0004573316408070827,2.795134500567778,0.0,488,88,0.5,1.0,2.0,1000.0,150.0,75.0,<class 'src.agents.rational.RationalDeveloperAgent'>,optimal_ra,True,-1000.0
0,1,1.0,0.0004573316408070827,2.795134500567778,45.74195607689977,489,89,0.5,1.0,2.0,1000.0,150.0,75.0,<class 'src.agents.rational.RationalDeveloperAgent'>,optimal_ra,False,-45.74195607689977
0,1,1.0,0.0004573316408070827,2.795134500567778,0.0,490,90,0.5,1.0,2.0,1000.0,150.0,75.0,<class 'src.agents.rational.RationalDeveloperAgent'>,optimal_ra,True,-1000.0
0,1,2.0,0.0,3.1004351378035007,34.426438071755186,491,91,0.5,1.0,2.0,1000.0,150.0,75.0,<class 'src.agents.rational.RationalDeveloperAgent'>,optimal_ra,False,-34.426438071755186
0,1,1.0,0.0004573316408070827,2.795134500567778,45.74195607689977,492,92,0.5,1.0,2.0,1000.0,150.0,75.0,<class 'src.agents.rational.RationalDeveloperAgent'>,optimal_ra,False,-45.74195607689977
0,1,2.0,0.0,3.1004351378035007,34.426438071755186,493,93,0.5,1.0,2.0,1000.0,150.0,75.0,<class 'src.agents.rational.RationalDeveloperAgent'>,optimal_ra,False,-34.426438071755186
0,1,1.0,0.0004573316408070827,2.795134500567778,45.74195607689977,494,94,0.5,1.0,2.0,1000.0,150.0,75.0,<class 'src.agents.rational.RationalDeveloperAgent'>,optimal_ra,False,-45.74195607689977
0,1,2.0,0.0,3.1004351378035007,34.426438071755186,495,95,0.5,1.0,2.0,1000.0,150.0,75.0,<class 'src.agents.rational.RationalDeveloperAgent'>,optimal_ra,False,-34.426438071755186
0,1,1.0,0.0004573316408070827,2.795134500567778,45.74195607689977,496,96,0.5,1.0,2.0,1000.0,150.0,75.0,<class 'src.agents.rational.RationalDeveloperAgent'>,optimal_ra,False,-45.74195607689977
0,1,1.0,0.0004573316408070827,2.795134500567778,45.74195607689977,497,97,0.5,1.0,2.0,1000.0,150.0,75.0,<class 'src.agents.rational.RationalDeveloperAgent'>,optimal_ra,False,-45.74195607689977
0,1,1.0,0.0004573316408070827,2.795134500567778,45.74195607689977,498,98,0.5,1.0,2.0,1000.0,150.0,75.0,<class 'src.agents.rational.RationalDeveloperAgent'>,optimal_ra,False,-45.74195607689977
0,1,2.0,0.0,3.1004351378035007,34.426438071755186,499,99,0.5,1.0,2.0,1000.0,150.0,75.0,<class 'src.agents.rational.RationalDeveloperAgent'>,optimal_ra,False,-34.426438071755186
0,1,1.0,0.05961403523771603,1.4565010249040473,39.23963910986585,500,0,0.5,1.0,2.0,1000.0,150.0,75.0,<class 'src.agents.risk_averse.RiskAverseDeveloperAgent'>,optimal,False,-39.23963910986585
0,1,2.0,0.05206986437700838,1.8892389281429864,3.937375225859796e-08,501,1,0.5,1.0,2.0,1000.0,150.0,75.0,<class 'src.agents.risk_averse.RiskAverseDeveloperAgent'>,optimal,True,-1000.0000000393737
0,1,2.0,0.05206986437700838,1.8892389281429864,39.23685259241391,502,2,0.5,1.0,2.0,1000.0,150.0,75.0,<class 'src.agents.risk_averse.RiskAverseDeveloperAgent'>,optimal,False,-39.23685259241391
0,1,1.0,0.05961403523771603,1.4565010249040473,39.23963910986585,503,3,0.5,1.0,2.0,1000.0,150.0,75.0,<class 'src.agents.risk_averse.RiskAverseDeveloperAgent'>,optimal,False,-39.23963910986585
0,1,1.0,0.05961403523771603,1.4565010249040473,39.23963910986585,504,4,0.5,1.0,2.0,1000.0,150.0,75.0,<class 'src.agents.risk_averse.RiskAverseDeveloperAgent'>,optimal,False,-39.23963910986585
0,1,1.0,0.05961403523771603,1.4565010249040473,39.23963910986585,505,5,0.5,1.0,2.0,1000.0,150.0,75.0,<class 'src.agents.risk_averse.RiskAverseDeveloperAgent'>,optimal,False,-39.23963910986585
0,1,1.0,0.05961403523771603,1.4565010249040473,39.23963910986585,506,6,0.5,1.0,2.0,1000.0,150.0,75.0,<class 'src.agents.risk_averse.RiskAverseDeveloperAgent'>,optimal,False,-39.23963910986585
0,1,2.0,0.05206986437700838,1.8892389281429864,3.937375225859796e-08,507,7,0.5,1.0,2.0,1000.0,150.0,75.0,<class 'src.agents.risk_averse.RiskAverseDeveloperAgent'>,optimal,True,-1000.0000000393737
0,1,1.0,0.05961403523771603,1.4565010249040473,0.0,508,8,0.5,1.0,2.0,1000.0,150.0,75.0,<class 'src.agents.risk_averse.RiskAverseDeveloperAgent'>,optimal,True,-1000.0
0,1,1.0,0.05961403523771603,1.4565010249040473,39.23963910986585,509,9,0.5,1.0,2.0,1000.0,150.0,75.0,<class 'src.agents.risk_averse.RiskAverseDeveloperAgent'>,optimal,False,-39.23963910986585
0,1,2.0,0.05206986437700838,1.8892389281429864,39.23685259241391,510,10,0.5,1.0,2.0,1000.0,150.0,75.0,<class 'src.agents.risk_averse.RiskAverseDeveloperAgent'>,optimal,False,-39.23685259241391
0,1,1.0,0.05961403523771603,1.4565010249040473,39.23963910986585,511,11,0.5,1.0,2.0,1000.0,150.0,75.0,<class 'src.agents.risk_averse.RiskAverseDeveloperAgent'>,optimal,False,-39.23963910986585
0,1,2.0,0.05206986437700838,1.8892389281429864,3.937375225859796e-08,512,12,0.5,1.0,2.0,1000.0,150.0,75.0,<class 'src.agents.risk_averse.RiskAverseDeveloperAgent'>,optimal,True,-1000.0000000393737
0,1,1.0,0.05961403523771603,1.4565010249040473,0.0,513,13,0.5,1.0,2.0,1000.0,150.0,75.0,<class 'src.agents.risk_averse.RiskAverseDeveloperAgent'>,optimal,True,-1000.0
0,1,2.0,0.05206986437700838,1.8892389281429864,39.23685259241391,514,14,0.5,1.0,2.0,1000.0,150.0,75.0,<class 'src.agents.risk_averse.RiskAverseDeveloperAgent'>,optimal,False,-39.23685259241391
0,1,2.0,0.05206986437700838,1.8892389281429864,39.23685259241391,515,15,0.5,1.0,2.0,1000.0,150.0,75.0,<class 'src.agents.risk_averse.RiskAverseDeveloperAgent'>,optimal,False,-39.23685259241391
0,1,1.0,0.05961403523771603,1.4565010249040473,39.23963910986585,516,16,0.5,1.0,2.0,1000.0,150.0,75.0,<class 'src.agents.risk_averse.RiskAverseDeveloperAgent'>,optimal,False,-39.23963910986585
0,1,1.0,0.05961403523771603,1.4565010249040473,39.23963910986585,517,17,0.5,1.0,2.0,1000.0,150.0,75.0,<class 'src.agents.risk_averse.RiskAverseDeveloperAgent'>,optimal,False,-39.23963910986585
0,1,2.0,0.05206986437700838,1.8892389281429864,39.23685259241391,518,18,0.5,1.0,2.0,1000.0,150.0,75.0,<class 'src.agents.risk_averse.RiskAverseDeveloperAgent'>,optimal,False,-39.23685259241391
0,1,2.0,0.05206986437700838,1.8892389281429864,39.23685259241391,519,19,0.5,1.0,2.0,1000.0,150.0,75.0,<class 'src.agents.risk_averse.RiskAverseDeveloperAgent'>,optimal,False,-39.23685259241391
0,1,2.0,0.05206986437700838,1.8892389281429864,39.23685259241391,520,20,0.5,1.0,2.0,1000.0,150.0,75.0,<class 'src.agents.risk_averse.RiskAverseDeveloperAgent'>,optimal,False,-39.23685259241391
0,1,2.0,0.05206986437700838,1.8892389281429864,39.23685259241391,521,21,0.5,1.0,2.0,1000.0,150.0,75.0,<class 'src.agents.risk_averse.RiskAverseDeveloperAgent'>,optimal,False,-39.23685259241391
0,1,2.0,0.05206986437700838,1.8892389281429864,3.937375225859796e-08,522,22,0.5,1.0,2.0,1000.0,150.0,75.0,<class 'src.agents.risk_averse.RiskAverseDeveloperAgent'>,optimal,True,-1000.0000000393737
0,1,1.0,0.05961403523771603,1.4565010249040473,39.23963910986585,523,23,0.5,1.0,2.0,1000.0,150.0,75.0,<class 'src.agents.risk_averse.RiskAverseDeveloperAgent'>,optimal,False,-39.23963910986585
0,1,1.0,0.05961403523771603,1.4565010249040473,39.23963910986585,524,24,0.5,1.0,2.0,1000.0,150.0,75.0,<class 'src.agents.risk_averse.RiskAverseDeveloperAgent'>,optimal,False,-39.23963910986585
0,1,1.0,0.05961403523771603,1.4565010249040473,39.23963910986585,525,25,0.5,1.0,2.0,1000.0,150.0,75.0,<class 'src.agents.risk_averse.RiskAverseDeveloperAgent'>,optimal,False,-39.23963910986585
0,1,1.0,0.05961403523771603,1.4565010249040473,39.23963910986585,526,26,0.5,1.0,2.0,1000.0,150.0,75.0,<class 'src.agents.risk_averse.RiskAverseDeveloperAgent'>,optimal,False,-39.23963910986585
0,1,2.0,0.05206986437700838,1.8892389281429864,3.937375225859796e-08,527,27,0.5,1.0,2.0,1000.0,150.0,75.0,<class 'src.agents.risk_averse.RiskAverseDeveloperAgent'>,optimal,True,-1000.0000000393737
0,1,2.0,0.05206986437700838,1.8892389281429864,39.23685259241391,528,28,0.5,1.0,2.0,1000.0,150.0,75.0,<class 'src.agents.risk_averse.RiskAverseDeveloperAgent'>,optimal,False,-39.23685259241391
0,1,1.0,0.05961403523771603,1.4565010249040473,39.23963910986585,529,29,0.5,1.0,2.0,1000.0,150.0,75.0,<class 'src.agents.risk_averse.RiskAverseDeveloperAgent'>,optimal,False,-39.23963910986585
0,1,2.0,0.05206986437700838,1.8892389281429864,39.23685259241391,530,30,0.5,1.0,2.0,1000.0,150.0,75.0,<class 'src.agents.risk_averse.RiskAverseDeveloperAgent'>,optimal,False,-39.23685259241391
0,1,2.0,0.05206986437700838,1.8892389281429864,39.23685259241391,531,31,0.5,1.0,2.0,1000.0,150.0,75.0,<class 'src.agents.risk_averse.RiskAverseDeveloperAgent'>,optimal,False,-39.23685259241391
0,1,1.0,0.05961403523771603,1.4565010249040473,0.0,532,32,0.5,1.0,2.0,1000.0,150.0,75.0,<class 'src.agents.risk_averse.RiskAverseDeveloperAgent'>,optimal,True,-1000.0
0,1,1.0,0.05961403523771603,1.4565010249040473,39.23963910986585,533,33,0.5,1.0,2.0,1000.0,150.0,75.0,<class 'src.agents.risk_averse.RiskAverseDeveloperAgent'>,optimal,False,-39.23963910986585
0,1,2.0,0.05206986437700838,1.8892389281429864,39.23685259241391,534,34,0.5,1.0,2.0,1000.0,150.0,75.0,<class 'src.agents.risk_averse.RiskAverseDeveloperAgent'>,optimal,False,-39.23685259241391
0,1,1.0,0.05961403523771603,1.4565010249040473,39.30439792367612,535,35,0.5,1.0,2.0,1000.0,150.0,75.0,<class 'src.agents.risk_averse.RiskAverseDeveloperAgent'>,optimal,False,-39.30439792367612
0,1,2.0,0.05206986437700838,1.8892389281429864,3.937375225859796e-08,536,36,0.5,1.0,2.0,1000.0,150.0,75.0,<class 'src.agents.risk_averse.RiskAverseDeveloperAgent'>,optimal,True,-1000.0000000393737
0,1,2.0,0.05206986437700838,1.8892389281429864,39.337843880111514,537,37,0.5,1.0,2.0,1000.0,150.0,75.0,<class 'src.agents.risk_averse.RiskAverseDeveloperAgent'>,optimal,False,-39.337843880111514
0,1,2.0,0.05206986437700838,1.8892389281429864,3.937375225859796e-08,538,38,0.5,1.0,2.0,1000.0,150.0,75.0,<class 'src.agents.risk_averse.RiskAverseDeveloperAgent'>,optimal,True,-1000.0000000393737
0,1,2.0,0.05206986437700838,1.8892389281429864,39.23685259241391,539,39,0.5,1.0,2.0,1000.0,150.0,75.0,<class 'src.agents.risk_averse.RiskAverseDeveloperAgent'>,optimal,False,-39.23685259241391
0,1,1.0,0.05961403523771603,1.4565010249040473,39.23963910986585,540,40,0.5,1.0,2.0,1000.0,150.0,75.0,<class 'src.agents.risk_averse.RiskAverseDeveloperAgent'>,optimal,False,-39.23963910986585
0,1,1.0,0.05961403523771603,1.4565010249040473,0.0,541,41,0.5,1.0,2.0,1000.0,150.0,75.0,<class 'src.agents.risk_averse.RiskAverseDeveloperAgent'>,optimal,True,-1000.0
0,1,2.0,0.05206986437700838,1.8892389281429864,3.937375225859796e-08,542,42,0.5,1.0,2.0,1000.0,150.0,75.0,<class 'src.agents.risk_averse.RiskAverseDeveloperAgent'>,optimal,True,-1000.0000000393737
0,1,1.0,0.05961403523771603,1.4565010249040473,0.0,543,43,0.5,1.0,2.0,1000.0,150.0,75.0,<class 'src.agents.risk_averse.RiskAverseDeveloperAgent'>,optimal,True,-1000.0
0,1,2.0,0.05206986437700838,1.8892389281429864,3.937375225859796e-08,544,44,0.5,1.0,2.0,1000.0,150.0,75.0,<class 'src.agents.risk_averse.RiskAverseDeveloperAgent'>,optimal,True,-1000.0000000393737
0,1,1.0,0.05961403523771603,1.4565010249040473,39.23963910986585,545,45,0.5,1.0,2.0,1000.0,150.0,75.0,<class 'src.agents.risk_averse.RiskAverseDeveloperAgent'>,optimal,False,-39.23963910986585
0,1,1.0,0.05961403523771603,1.4565010249040473,39.23963910986585,546,46,0.5,1.0,2.0,1000.0,150.0,75.0,<class 'src.agents.risk_averse.RiskAverseDeveloperAgent'>,optimal,False,-39.23963910986585
0,1,2.0,0.05206986437700838,1.8892389281429864,3.937375225859796e-08,547,47,0.5,1.0,2.0,1000.0,150.0,75.0,<class 'src.agents.risk_averse.RiskAverseDeveloperAgent'>,optimal,True,-1000.0000000393737
0,1,2.0,0.05206986437700838,1.8892389281429864,39.23685259241391,548,48,0.5,1.0,2.0,1000.0,150.0,75.0,<class 'src.agents.risk_averse.RiskAverseDeveloperAgent'>,optimal,False,-39.23685259241391
0,1,2.0,0.05206986437700838,1.8892389281429864,39.23685259241391,549,49,0.5,1.0,2.0,1000.0,150.0,75.0,<class 'src.agents.risk_averse.RiskAverseDeveloperAgent'>,optimal,False,-39.23685259241391
0,1,2.0,0.05206986437700838,1.8892389281429864,39.23685259241391,550,50,0.5,1.0,2.0,1000.0,150.0,75.0,<class 'src.agents.risk_averse.RiskAverseDeveloperAgent'>,optimal,False,-39.23685259241391
0,1,1.0,0.05961403523771603,1.4565010249040473,39.23963910986585,551,51,0.5,1.0,2.0,1000.0,150.0,75.0,<class 'src.agents.risk_averse.RiskAverseDeveloperAgent'>,optimal,False,-39.23963910986585
0,1,2.0,0.05206986437700838,1.8892389281429864,39.23685259241391,552,52,0.5,1.0,2.0,1000.0,150.0,75.0,<class 'src.agents.risk_averse.RiskAverseDeveloperAgent'>,optimal,False,-39.23685259241391
0,1,1.0,0.05961403523771603,1.4565010249040473,39.23963910986585,553,53,0.5,1.0,2.0,1000.0,150.0,75.0,<class 'src.agents.risk_averse.RiskAverseDeveloperAgent'>,optimal,False,-39.23963910986585
0,1,2.0,0.05206986437700838,1.8892389281429864,39.337843880111514,554,54,0.5,1.0,2.0,1000.0,150.0,75.0,<class 'src.agents.risk_averse.RiskAverseDeveloperAgent'>,optimal,False,-39.337843880111514
0,1,2.0,0.05206986437700838,1.8892389281429864,39.23685259241391,555,55,0.5,1.0,2.0,1000.0,150.0,75.0,<class 'src.agents.risk_averse.RiskAverseDeveloperAgent'>,optimal,False,-39.23685259241391
0,1,1.0,0.05961403523771603,1.4565010249040473,39.23963910986585,556,56,0.5,1.0,2.0,1000.0,150.0,75.0,<class 'src.agents.risk_averse.RiskAverseDeveloperAgent'>,optimal,False,-39.23963910986585
0,1,1.0,0.05961403523771603,1.4565010249040473,39.23963910986585,557,57,0.5,1.0,2.0,1000.0,150.0,75.0,<class 'src.agents.risk_averse.RiskAverseDeveloperAgent'>,optimal,False,-39.23963910986585
0,1,2.0,0.05206986437700838,1.8892389281429864,39.23685259241391,558,58,0.5,1.0,2.0,1000.0,150.0,75.0,<class 'src.agents.risk_averse.RiskAverseDeveloperAgent'>,optimal,False,-39.23685259241391
0,1,1.0,0.05961403523771603,1.4565010249040473,39.23963910986585,559,59,0.5,1.0,2.0,1000.0,150.0,75.0,<class 'src.agents.risk_averse.RiskAverseDeveloperAgent'>,optimal,False,-39.23963910986585
0,1,1.0,0.05961403523771603,1.4565010249040473,39.23963910986585,560,60,0.5,1.0,2.0,1000.0,150.0,75.0,<class 'src.agents.risk_averse.RiskAverseDeveloperAgent'>,optimal,False,-39.23963910986585
0,1,2.0,0.05206986437700838,1.8892389281429864,39.23685259241391,561,61,0.5,1.0,2.0,1000.0,150.0,75.0,<class 'src.agents.risk_averse.RiskAverseDeveloperAgent'>,optimal,False,-39.23685259241391
0,1,2.0,0.05206986437700838,1.8892389281429864,39.23685259241391,562,62,0.5,1.0,2.0,1000.0,150.0,75.0,<class 'src.agents.risk_averse.RiskAverseDeveloperAgent'>,optimal,False,-39.23685259241391
0,1,1.0,0.05961403523771603,1.4565010249040473,39.23963910986585,563,63,0.5,1.0,2.0,1000.0,150.0,75.0,<class 'src.agents.risk_averse.RiskAverseDeveloperAgent'>,optimal,False,-39.23963910986585
0,1,2.0,0.05206986437700838,1.8892389281429864,3.937375225859796e-08,564,64,0.5,1.0,2.0,1000.0,150.0,75.0,<class 'src.agents.risk_averse.RiskAverseDeveloperAgent'>,optimal,True,-1000.0000000393737
0,1,1.0,0.05961403523771603,1.4565010249040473,39.23963910986585,565,65,0.5,1.0,2.0,1000.0,150.0,75.0,<class 'src.agents.risk_averse.RiskAverseDeveloperAgent'>,optimal,False,-39.23963910986585
0,1,2.0,0.05206986437700838,1.8892389281429864,39.23685259241391,566,66,0.5,1.0,2.0,1000.0,150.0,75.0,<class 'src.agents.risk_averse.RiskAverseDeveloperAgent'>,optimal,False,-39.23685259241391
0,1,2.0,0.05206986437700838,1.8892389281429864,39.23685259241391,567,67,0.5,1.0,2.0,1000.0,150.0,75.0,<class 'src.agents.risk_averse.RiskAverseDeveloperAgent'>,optimal,False,-39.23685259241391
0,1,2.0,0.05206986437700838,1.8892389281429864,39.23685259241391,568,68,0.5,1.0,2.0,1000.0,150.0,75.0,<class 'src.agents.risk_averse.RiskAverseDeveloperAgent'>,optimal,False,-39.23685259241391
0,1,1.0,0.05961403523771603,1.4565010249040473,39.23963910986585,569,69,0.5,1.0,2.0,1000.0,150.0,75.0,<class 'src.agents.risk_averse.RiskAverseDeveloperAgent'>,optimal,False,-39.23963910986585
0,1,1.0,0.05961403523771603,1.4565010249040473,39.23963910986585,570,70,0.5,1.0,2.0,1000.0,150.0,75.0,<class 'src.agents.risk_averse.RiskAverseDeveloperAgent'>,optimal,False,-39.23963910986585
0,1,2.0,0.05206986437700838,1.8892389281429864,3.937375225859796e-08,571,71,0.5,1.0,2.0,1000.0,150.0,75.0,<class 'src.agents.risk_averse.RiskAverseDeveloperAgent'>,optimal,True,-1000.0000000393737
0,1,2.0,0.05206986437700838,1.8892389281429864,3.937375225859796e-08,572,72,0.5,1.0,2.0,1000.0,150.0,75.0,<class 'src.agents.risk_averse.RiskAverseDeveloperAgent'>,optimal,True,-1000.0000000393737
0,1,1.0,0.05961403523771603,1.4565010249040473,0.0,573,73,0.5,1.0,2.0,1000.0,150.0,75.0,<class 'src.agents.risk_averse.RiskAverseDeveloperAgent'>,optimal,True,-1000.0
0,1,1.0,0.05961403523771603,1.4565010249040473,39.23963910986585,574,74,0.5,1.0,2.0,1000.0,150.0,75.0,<class 'src.agents.risk_averse.RiskAverseDeveloperAgent'>,optimal,False,-39.23963910986585
0,1,2.0,0.05206986437700838,1.8892389281429864,39.23685259241391,575,75,0.5,1.0,2.0,1000.0,150.0,75.0,<class 'src.agents.risk_averse.RiskAverseDeveloperAgent'>,optimal,False,-39.23685259241391
0,1,1.0,0.05961403523771603,1.4565010249040473,39.30439792367612,576,76,0.5,1.0,2.0,1000.0,150.0,75.0,<class 'src.agents.risk_averse.RiskAverseDeveloperAgent'>,optimal,False,-39.30439792367612
0,1,1.0,0.05961403523771603,1.4565010249040473,0.0,577,77,0.5,1.0,2.0,1000.0,150.0,75.0,<class 'src.agents.risk_averse.RiskAverseDeveloperAgent'>,optimal,True,-1000.0
0,1,2.0,0.05206986437700838,1.8892389281429864,3.937375225859796e-08,578,78,0.5,1.0,2.0,1000.0,150.0,75.0,<class 'src.agents.risk_averse.RiskAverseDeveloperAgent'>,optimal,True,-1000.0000000393737
0,1,1.0,0.05961403523771603,1.4565010249040473,39.23963910986585,579,79,0.5,1.0,2.0,1000.0,150.0,75.0,<class 'src.agents.risk_averse.RiskAverseDeveloperAgent'>,optimal,False,-39.23963910986585
0,1,1.0,0.05961403523771603,1.4565010249040473,39.23963910986585,580,80,0.5,1.0,2.0,1000.0,150.0,75.0,<class 'src.agents.risk_averse.RiskAverseDeveloperAgent'>,optimal,False,-39.23963910986585
0,1,1.0,0.05961403523771603,1.4565010249040473,0.0,581,81,0.5,1.0,2.0,1000.0,150.0,75.0,<class 'src.agents.risk_averse.RiskAverseDeveloperAgent'>,optimal,True,-1000.0
0,1,1.0,0.05961403523771603,1.4565010249040473,39.23963910986585,582,82,0.5,1.0,2.0,1000.0,150.0,75.0,<class 'src.agents.risk_averse.RiskAverseDeveloperAgent'>,optimal,False,-39.23963910986585
0,1,1.0,0.05961403523771603,1.4565010249040473,39.23963910986585,583,83,0.5,1.0,2.0,1000.0,150.0,75.0,<class 'src.agents.risk_averse.RiskAverseDeveloperAgent'>,optimal,False,-39.23963910986585
0,1,2.0,0.05206986437700838,1.8892389281429864,39.23685259241391,584,84,0.5,1.0,2.0,1000.0,150.0,75.0,<class 'src.agents.risk_averse.RiskAverseDeveloperAgent'>,optimal,False,-39.23685259241391
0,1,2.0,0.05206986437700838,1.8892389281429864,39.23685259241391,585,85,0.5,1.0,2.0,1000.0,150.0,75.0,<class 'src.agents.risk_averse.RiskAverseDeveloperAgent'>,optimal,False,-39.23685259241391
0,1,1.0,0.05961403523771603,1.4565010249040473,39.30439792367612,586,86,0.5,1.0,2.0,1000.0,150.0,75.0,<class 'src.agents.risk_averse.RiskAverseDeveloperAgent'>,optimal,False,-39.30439792367612
0,1,2.0,0.05206986437700838,1.8892389281429864,39.23685259241391,587,87,0.5,1.0,2.0,1000.0,150.0,75.0,<class 'src.agents.risk_averse.RiskAverseDeveloperAgent'>,optimal,False,-39.23685259241391
0,1,1.0,0.05961403523771603,1.4565010249040473,39.23963910986585,588,88,0.5,1.0,2.0,1000.0,150.0,75.0,<class 'src.agents.risk_averse.RiskAverseDeveloperAgent'>,optimal,False,-39.23963910986585
0,1,1.0,0.05961403523771603,1.4565010249040473,39.23963910986585,589,89,0.5,1.0,2.0,1000.0,150.0,75.0,<class 'src.agents.risk_averse.RiskAverseDeveloperAgent'>,optimal,False,-39.23963910986585
0,1,1.0,0.05961403523771603,1.4565010249040473,0.06475881381027193,590,90,0.5,1.0,2.0,1000.0,150.0,75.0,<class 'src.agents.risk_averse.RiskAverseDeveloperAgent'>,optimal,True,-1000.0647588138103
0,1,2.0,0.05206986437700838,1.8892389281429864,3.937375225859796e-08,591,91,0.5,1.0,2.0,1000.0,150.0,75.0,<class 'src.agents.risk_averse.RiskAverseDeveloperAgent'>,optimal,True,-1000.0000000393737
0,1,1.0,0.05961403523771603,1.4565010249040473,39.23963910986585,592,92,0.5,1.0,2.0,1000.0,150.0,75.0,<class 'src.agents.risk_averse.RiskAverseDeveloperAgent'>,optimal,False,-39.23963910986585
0,1,1.0,0.05961403523771603,1.4565010249040473,39.23963910986585,593,93,0.5,1.0,2.0,1000.0,150.0,75.0,<class 'src.agents.risk_averse.RiskAverseDeveloperAgent'>,optimal,False,-39.23963910986585
0,1,1.0,0.05961403523771603,1.4565010249040473,39.23963910986585,594,94,0.5,1.0,2.0,1000.0,150.0,75.0,<class 'src.agents.risk_averse.RiskAverseDeveloperAgent'>,optimal,False,-39.23963910986585
0,1,2.0,0.05206986437700838,1.8892389281429864,39.23685259241391,595,95,0.5,1.0,2.0,1000.0,150.0,75.0,<class 'src.agents.risk_averse.RiskAverseDeveloperAgent'>,optimal,False,-39.23685259241391
0,1,1.0,0.05961403523771603,1.4565010249040473,39.23963910986585,596,96,0.5,1.0,2.0,1000.0,150.0,75.0,<class 'src.agents.risk_averse.RiskAverseDeveloperAgent'>,optimal,False,-39.23963910986585
0,1,1.0,0.05961403523771603,1.4565010249040473,0.0,597,97,0.5,1.0,2.0,1000.0,150.0,75.0,<class 'src.agents.risk_averse.RiskAverseDeveloperAgent'>,optimal,True,-1000.0
0,1,1.0,0.05961403523771603,1.4565010249040473,39.23963910986585,598,98,0.5,1.0,2.0,1000.0,150.0,75.0,<class 'src.agents.risk_averse.RiskAverseDeveloperAgent'>,optimal,False,-39.23963910986585
0,1,1.0,0.05961403523771603,1.4565010249040473,39.23963910986585,599,99,0.5,1.0,2.0,1000.0,150.0,75.0,<class 'src.agents.risk_averse.RiskAverseDeveloperAgent'>,optimal,False,-39.23963910986585
0,1,1.0,1.2571352892654523e-06,1.87611459466487,0.0,600,0,0.5,1.0,2.0,1000.0,150.0,75.0,<class 'src.agents.risk_averse.RiskAverseDeveloperAgent'>,fine,True,-1000.0
0,1,1.0,1.2571352892654523e-06,1.87611459466487,150.0,601,1,0.5,1.0,2.0,1000.0,150.0,75.0,<class 'src.agents.risk_averse.RiskAverseDeveloperAgent'>,fine,False,-150.0
0,1,1.0,1.2571352892654523e-06,1.87611459466487,150.0,602,2,0.5,1.0,2.0,1000.0,150.0,75.0,<class 'src.agents.risk_averse.RiskAverseDeveloperAgent'>,fine,False,-150.0
0,1,2.0,0.0,2.3458267036910536,150.0,603,3,0.5,1.0,2.0,1000.0,150.0,75.0,<class 'src.agents.risk_averse.RiskAverseDeveloperAgent'>,fine,False,-150.0
0,1,2.0,0.0,2.3458267036910536,0.0,604,4,0.5,1.0,2.0,1000.0,150.0,75.0,<class 'src.agents.risk_averse.RiskAverseDeveloperAgent'>,fine,True,-1000.0
0,1,2.0,0.0,2.3458267036910536,0.0,605,5,0.5,1.0,2.0,1000.0,150.0,75.0,<class 'src.agents.risk_averse.RiskAverseDeveloperAgent'>,fine,True,-1000.0
0,1,1.0,1.2571352892654523e-06,1.87611459466487,150.0,606,6,0.5,1.0,2.0,1000.0,150.0,75.0,<class 'src.agents.risk_averse.RiskAverseDeveloperAgent'>,fine,False,-150.0
0,1,2.0,0.0,2.3458267036910536,150.0,607,7,0.5,1.0,2.0,1000.0,150.0,75.0,<class 'src.agents.risk_averse.RiskAverseDeveloperAgent'>,fine,False,-150.0
0,1,1.0,1.2571352892654523e-06,1.87611459466487,150.0,608,8,0.5,1.0,2.0,1000.0,150.0,75.0,<class 'src.agents.risk_averse.RiskAverseDeveloperAgent'>,fine,False,-150.0
0,1,2.0,0.0,2.3458267036910536,0.0,609,9,0.5,1.0,2.0,1000.0,150.0,75.0,<class 'src.agents.risk_averse.RiskAverseDeveloperAgent'>,fine,True,-1000.0
0,1,2.0,0.0,2.3458267036910536,150.0,610,10,0.5,1.0,2.0,1000.0,150.0,75.0,<class 'src.agents.risk_averse.RiskAverseDeveloperAgent'>,fine,False,-150.0
0,1,2.0,0.0,2.3458267036910536,150.0,611,11,0.5,1.0,2.0,1000.0,150.0,75.0,<class 'src.agents.risk_averse.RiskAverseDeveloperAgent'>,fine,False,-150.0
0,1,1.0,1.2571352892654523e-06,1.87611459466487,150.0,612,12,0.5,1.0,2.0,1000.0,150.0,75.0,<class 'src.agents.risk_averse.RiskAverseDeveloperAgent'>,fine,False,-150.0
0,1,1.0,1.2571352892654523e-06,1.87611459466487,150.0,613,13,0.5,1.0,2.0,1000.0,150.0,75.0,<class 'src.agents.risk_averse.RiskAverseDeveloperAgent'>,fine,False,-150.0
0,1,1.0,1.2571352892654523e-06,1.87611459466487,150.0,614,14,0.5,1.0,2.0,1000.0,150.0,75.0,<class 'src.agents.risk_averse.RiskAverseDeveloperAgent'>,fine,False,-150.0
0,1,1.0,1.2571352892654523e-06,1.87611459466487,150.0,615,15,0.5,1.0,2.0,1000.0,150.0,75.0,<class 'src.agents.risk_averse.RiskAverseDeveloperAgent'>,fine,False,-150.0
0,1,2.0,0.0,2.3458267036910536,150.0,616,16,0.5,1.0,2.0,1000.0,150.0,75.0,<class 'src.agents.risk_averse.RiskAverseDeveloperAgent'>,fine,False,-150.0
0,1,2.0,0.0,2.3458267036910536,150.0,617,17,0.5,1.0,2.0,1000.0,150.0,75.0,<class 'src.agents.risk_averse.RiskAverseDeveloperAgent'>,fine,False,-150.0
0,1,1.0,1.2571352892654523e-06,1.87611459466487,150.0,618,18,0.5,1.0,2.0,1000.0,150.0,75.0,<class 'src.agents.risk_averse.RiskAverseDeveloperAgent'>,fine,False,-150.0
0,1,2.0,0.0,2.3458267036910536,150.0,619,19,0.5,1.0,2.0,1000.0,150.0,75.0,<class 'src.agents.risk_averse.RiskAverseDeveloperAgent'>,fine,False,-150.0
0,1,1.0,1.2571352892654523e-06,1.87611459466487,150.0,620,20,0.5,1.0,2.0,1000.0,150.0,75.0,<class 'src.agents.risk_averse.RiskAverseDeveloperAgent'>,fine,False,-150.0
0,1,1.0,1.2571352892654523e-06,1.87611459466487,150.0,621,21,0.5,1.0,2.0,1000.0,150.0,75.0,<class 'src.agents.risk_averse.RiskAverseDeveloperAgent'>,fine,False,-150.0
0,1,1.0,1.2571352892654523e-06,1.87611459466487,150.0,622,22,0.5,1.0,2.0,1000.0,150.0,75.0,<class 'src.agents.risk_averse.RiskAverseDeveloperAgent'>,fine,False,-150.0
0,1,1.0,1.2571352892654523e-06,1.87611459466487,150.0,623,23,0.5,1.0,2.0,1000.0,150.0,75.0,<class 'src.agents.risk_averse.RiskAverseDeveloperAgent'>,fine,False,-150.0
0,1,1.0,1.2571352892654523e-06,1.87611459466487,150.0,624,24,0.5,1.0,2.0,1000.0,150.0,75.0,<class 'src.agents.risk_averse.RiskAverseDeveloperAgent'>,fine,False,-150.0
0,1,1.0,1.2571352892654523e-06,1.87611459466487,150.0,625,25,0.5,1.0,2.0,1000.0,150.0,75.0,<class 'src.agents.risk_averse.RiskAverseDeveloperAgent'>,fine,False,-150.0
0,1,2.0,0.0,2.3458267036910536,150.0,626,26,0.5,1.0,2.0,1000.0,150.0,75.0,<class 'src.agents.risk_averse.RiskAverseDeveloperAgent'>,fine,False,-150.0
0,1,1.0,1.2571352892654523e-06,1.87611459466487,150.0,627,27,0.5,1.0,2.0,1000.0,150.0,75.0,<class 'src.agents.risk_averse.RiskAverseDeveloperAgent'>,fine,False,-150.0
0,1,2.0,0.0,2.3458267036910536,150.0,628,28,0.5,1.0,2.0,1000.0,150.0,75.0,<class 'src.agents.risk_averse.RiskAverseDeveloperAgent'>,fine,False,-150.0
0,1,2.0,0.0,2.3458267036910536,150.0,629,29,0.5,1.0,2.0,1000.0,150.0,75.0,<class 'src.agents.risk_averse.RiskAverseDeveloperAgent'>,fine,False,-150.0
0,1,2.0,0.0,2.3458267036910536,150.0,630,30,0.5,1.0,2.0,1000.0,150.0,75.0,<class 'src.agents.risk_averse.RiskAverseDeveloperAgent'>,fine,False,-150.0
0,1,2.0,0.0,2.3458267036910536,150.0,631,31,0.5,1.0,2.0,1000.0,150.0,75.0,<class 'src.agents.risk_averse.RiskAverseDeveloperAgent'>,fine,False,-150.0
0,1,1.0,1.2571352892654523e-06,1.87611459466487,150.0,632,32,0.5,1.0,2.0,1000.0,150.0,75.0,<class 'src.agents.risk_averse.RiskAverseDeveloperAgent'>,fine,False,-150.0
0,1,1.0,1.2571352892654523e-06,1.87611459466487,150.0,633,33,0.5,1.0,2.0,1000.0,150.0,75.0,<class 'src.agents.risk_averse.RiskAverseDeveloperAgent'>,fine,False,-150.0
0,1,1.0,1.2571352892654523e-06,1.87611459466487,150.0,634,34,0.5,1.0,2.0,1000.0,150.0,75.0,<class 'src.agents.risk_averse.RiskAverseDeveloperAgent'>,fine,False,-150.0
0,1,1.0,1.2571352892654523e-06,1.87611459466487,150.0,635,35,0.5,1.0,2.0,1000.0,150.0,75.0,<class 'src.agents.risk_averse.RiskAverseDeveloperAgent'>,fine,False,-150.0
0,1,2.0,0.0,2.3458267036910536,150.0,636,36,0.5,1.0,2.0,1000.0,150.0,75.0,<class 'src.agents.risk_averse.RiskAverseDeveloperAgent'>,fine,False,-150.0
0,1,1.0,1.2571352892654523e-06,1.87611459466487,150.0,637,37,0.5,1.0,2.0,1000.0,150.0,75.0,<class 'src.agents.risk_averse.RiskAverseDeveloperAgent'>,fine,False,-150.0
0,1,2.0,0.0,2.3458267036910536,150.0,638,38,0.5,1.0,2.0,1000.0,150.0,75.0,<class 'src.agents.risk_averse.RiskAverseDeveloperAgent'>,fine,False,-150.0
0,1,1.0,1.2571352892654523e-06,1.87611459466487,150.0,639,39,0.5,1.0,2.0,1000.0,150.0,75.0,<class 'src.agents.risk_averse.RiskAverseDeveloperAgent'>,fine,False,-150.0
0,1,2.0,0.0,2.3458267036910536,150.0,640,40,0.5,1.0,2.0,1000.0,150.0,75.0,<class 'src.agents.risk_averse.RiskAverseDeveloperAgent'>,fine,False,-150.0
0,1,2.0,0.0,2.3458267036910536,150.0,641,41,0.5,1.0,2.0,1000.0,150.0,75.0,<class 'src.agents.risk_averse.RiskAverseDeveloperAgent'>,fine,False,-150.0
0,1,2.0,0.0,2.3458267036910536,0.0,642,42,0.5,1.0,2.0,1000.0,150.0,75.0,<class 'src.agents.risk_averse.RiskAverseDeveloperAgent'>,fine,True,-1000.0
0,1,1.0,1.2571352892654523e-06,1.87611459466487,150.0,643,43,0.5,1.0,2.0,1000.0,150.0,75.0,<class 'src.agents.risk_averse.RiskAverseDeveloperAgent'>,fine,False,-150.0
0,1,1.0,1.2571352892654523e-06,1.87611459466487,150.0,644,44,0.5,1.0,2.0,1000.0,150.0,75.0,<class 'src.agents.risk_averse.RiskAverseDeveloperAgent'>,fine,False,-150.0
0,1,2.0,0.0,2.3458267036910536,150.0,645,45,0.5,1.0,2.0,1000.0,150.0,75.0,<class 'src.agents.risk_averse.RiskAverseDeveloperAgent'>,fine,False,-150.0
0,1,1.0,1.2571352892654523e-06,1.87611459466487,150.0,646,46,0.5,1.0,2.0,1000.0,150.0,75.0,<class 'src.agents.risk_averse.RiskAverseDeveloperAgent'>,fine,False,-150.0
0,1,1.0,1.2571352892654523e-06,1.87611459466487,150.0,647,47,0.5,1.0,2.0,1000.0,150.0,75.0,<class 'src.agents.risk_averse.RiskAverseDeveloperAgent'>,fine,False,-150.0
0,1,2.0,0.0,2.3458267036910536,150.0,648,48,0.5,1.0,2.0,1000.0,150.0,75.0,<class 'src.agents.risk_averse.RiskAverseDeveloperAgent'>,fine,False,-150.0
0,1,1.0,1.2571352892654523e-06,1.87611459466487,0.0,649,49,0.5,1.0,2.0,1000.0,150.0,75.0,<class 'src.agents.risk_averse.RiskAverseDeveloperAgent'>,fine,True,-1000.0
0,1,2.0,0.0,2.3458267036910536,150.0,650,50,0.5,1.0,2.0,1000.0,150.0,75.0,<class 'src.agents.risk_averse.RiskAverseDeveloperAgent'>,fine,False,-150.0
0,1,2.0,0.0,2.3458267036910536,150.0,651,51,0.5,1.0,2.0,1000.0,150.0,75.0,<class 'src.agents.risk_averse.RiskAverseDeveloperAgent'>,fine,False,-150.0
0,1,2.0,0.0,2.3458267036910536,150.0,652,52,0.5,1.0,2.0,1000.0,150.0,75.0,<class 'src.agents.risk_averse.RiskAverseDeveloperAgent'>,fine,False,-150.0
0,1,2.0,0.0,2.3458267036910536,150.0,653,53,0.5,1.0,2.0,1000.0,150.0,75.0,<class 'src.agents.risk_averse.RiskAverseDeveloperAgent'>,fine,False,-150.0
0,1,2.0,0.0,2.3458267036910536,150.0,654,54,0.5,1.0,2.0,1000.0,150.0,75.0,<class 'src.agents.risk_averse.RiskAverseDeveloperAgent'>,fine,False,-150.0
0,1,2.0,0.0,2.3458267036910536,150.0,655,55,0.5,1.0,2.0,1000.0,150.0,75.0,<class 'src.agents.risk_averse.RiskAverseDeveloperAgent'>,fine,False,-150.0
0,1,2.0,0.0,2.3458267036910536,150.0,656,56,0.5,1.0,2.0,1000.0,150.0,75.0,<class 'src.agents.risk_averse.RiskAverseDeveloperAgent'>,fine,False,-150.0
0,1,2.0,0.0,2.3458267036910536,150.0,657,57,0.5,1.0,2.0,1000.0,150.0,75.0,<class 'src.agents.risk_averse.RiskAverseDeveloperAgent'>,fine,False,-150.0
0,1,1.0,1.2571352892654523e-06,1.87611459466487,150.0,658,58,0.5,1.0,2.0,1000.0,150.0,75.0,<class 'src.agents.risk_averse.RiskAverseDeveloperAgent'>,fine,False,-150.0
0,1,1.0,1.2571352892654523e-06,1.87611459466487,150.0,659,59,0.5,1.0,2.0,1000.0,150.0,75.0,<class 'src.agents.risk_averse.RiskAverseDeveloperAgent'>,fine,False,-150.0
0,1,1.0,1.2571352892654523e-06,1.87611459466487,0.0,660,60,0.5,1.0,2.0,1000.0,150.0,75.0,<class 'src.agents.risk_averse.RiskAverseDeveloperAgent'>,fine,True,-1000.0
0,1,1.0,1.2571352892654523e-06,1.87611459466487,0.0,661,61,0.5,1.0,2.0,1000.0,150.0,75.0,<class 'src.agents.risk_averse.RiskAverseDeveloperAgent'>,fine,True,-1000.0
0,1,2.0,0.0,2.3458267036910536,150.0,662,62,0.5,1.0,2.0,1000.0,150.0,75.0,<class 'src.agents.risk_averse.RiskAverseDeveloperAgent'>,fine,False,-150.0
0,1,1.0,1.2571352892654523e-06,1.87611459466487,150.0,663,63,0.5,1.0,2.0,1000.0,150.0,75.0,<class 'src.agents.risk_averse.RiskAverseDeveloperAgent'>,fine,False,-150.0
0,1,2.0,0.0,2.3458267036910536,150.0,664,64,0.5,1.0,2.0,1000.0,150.0,75.0,<class 'src.agents.risk_averse.RiskAverseDeveloperAgent'>,fine,False,-150.0
0,1,1.0,1.2571352892654523e-06,1.87611459466487,150.0,665,65,0.5,1.0,2.0,1000.0,150.0,75.0,<class 'src.agents.risk_averse.RiskAverseDeveloperAgent'>,fine,False,-150.0
0,1,2.0,0.0,2.3458267036910536,150.0,666,66,0.5,1.0,2.0,1000.0,150.0,75.0,<class 'src.agents.risk_averse.RiskAverseDeveloperAgent'>,fine,False,-150.0
0,1,1.0,1.2571352892654523e-06,1.87611459466487,150.0,667,67,0.5,1.0,2.0,1000.0,150.0,75.0,<class 'src.agents.risk_averse.RiskAverseDeveloperAgent'>,fine,False,-150.0
0,1,2.0,0.0,2.3458267036910536,150.0,668,68,0.5,1.0,2.0,1000.0,150.0,75.0,<class 'src.agents.risk_averse.RiskAverseDeveloperAgent'>,fine,False,-150.0
0,1,2.0,0.0,2.3458267036910536,150.0,669,69,0.5,1.0,2.0,1000.0,150.0,75.0,<class 'src.agents.risk_averse.RiskAverseDeveloperAgent'>,fine,False,-150.0
0,1,1.0,1.2571352892654523e-06,1.87611459466487,150.0,670,70,0.5,1.0,2.0,1000.0,150.0,75.0,<class 'src.agents.risk_averse.RiskAverseDeveloperAgent'>,fine,False,-150.0
0,1,1.0,1.2571352892654523e-06,1.87611459466487,150.0,671,71,0.5,1.0,2.0,1000.0,150.0,75.0,<class 'src.agents.risk_averse.RiskAverseDeveloperAgent'>,fine,False,-150.0
0,1,2.0,0.0,2.3458267036910536,150.0,672,72,0.5,1.0,2.0,1000.0,150.0,75.0,<class 'src.agents.risk_averse.RiskAverseDeveloperAgent'>,fine,False,-150.0
0,1,2.0,0.0,2.3458267036910536,150.0,673,73,0.5,1.0,2.0,1000.0,150.0,75.0,<class 'src.agents.risk_averse.RiskAverseDeveloperAgent'>,fine,False,-150.0
0,1,1.0,1.2571352892654523e-06,1.87611459466487,150.0,674,74,0.5,1.0,2.0,1000.0,150.0,75.0,<class 'src.agents.risk_averse.RiskAverseDeveloperAgent'>,fine,False,-150.0
0,1,1.0,1.2571352892654523e-06,1.87611459466487,150.0,675,75,0.5,1.0,2.0,1000.0,150.0,75.0,<class 'src.agents.risk_averse.RiskAverseDeveloperAgent'>,fine,False,-150.0
0,1,1.0,1.2571352892654523e-06,1.87611459466487,150.0,676,76,0.5,1.0,2.0,1000.0,150.0,75.0,<class 'src.agents.risk_averse.RiskAverseDeveloperAgent'>,fine,False,-150.0
0,1,2.0,0.0,2.3458267036910536,150.0,677,77,0.5,1.0,2.0,1000.0,150.0,75.0,<class 'src.agents.risk_averse.RiskAverseDeveloperAgent'>,fine,False,-150.0
0,1,1.0,1.2571352892654523e-06,1.87611459466487,150.0,678,78,0.5,1.0,2.0,1000.0,150.0,75.0,<class 'src.agents.risk_averse.RiskAverseDeveloperAgent'>,fine,False,-150.0
0,1,2.0,0.0,2.3458267036910536,150.0,679,79,0.5,1.0,2.0,1000.0,150.0,75.0,<class 'src.agents.risk_averse.RiskAverseDeveloperAgent'>,fine,False,-150.0
0,1,2.0,0.0,2.3458267036910536,150.0,680,80,0.5,1.0,2.0,1000.0,150.0,75.0,<class 'src.agents.risk_averse.RiskAverseDeveloperAgent'>,fine,False,-150.0
0,1,1.0,1.2571352892654523e-06,1.87611459466487,150.0,681,81,0.5,1.0,2.0,1000.0,150.0,75.0,<class 'src.agents.risk_averse.RiskAverseDeveloperAgent'>,fine,False,-150.0
0,1,2.0,0.0,2.3458267036910536,150.0,682,82,0.5,1.0,2.0,1000.0,150.0,75.0,<class 'src.agents.risk_averse.RiskAverseDeveloperAgent'>,fine,False,-150.0
0,1,1.0,1.2571352892654523e-06,1.87611459466487,150.0,683,83,0.5,1.0,2.0,1000.0,150.0,75.0,<class 'src.agents.risk_averse.RiskAverseDeveloperAgent'>,fine,False,-150.0
0,1,2.0,0.0,2.3458267036910536,150.0,684,84,0.5,1.0,2.0,1000.0,150.0,75.0,<class 'src.agents.risk_averse.RiskAverseDeveloperAgent'>,fine,False,-150.0
0,1,1.0,1.2571352892654523e-06,1.87611459466487,0.0,685,85,0.5,1.0,2.0,1000.0,150.0,75.0,<class 'src.agents.risk_averse.RiskAverseDeveloperAgent'>,fine,True,-1000.0
0,1,2.0,0.0,2.3458267036910536,150.0,686,86,0.5,1.0,2.0,1000.0,150.0,75.0,<class 'src.agents.risk_averse.RiskAverseDeveloperAgent'>,fine,False,-150.0
0,1,1.0,1.2571352892654523e-06,1.87611459466487,150.0,687,87,0.5,1.0,2.0,1000.0,150.0,75.0,<class 'src.agents.risk_averse.RiskAverseDeveloperAgent'>,fine,False,-150.0
0,1,2.0,0.0,2.3458267036910536,0.0,688,88,0.5,1.0,2.0,1000.0,150.0,75.0,<class 'src.agents.risk_averse.RiskAverseDeveloperAgent'>,fine,True,-1000.0
0,1,1.0,1.2571352892654523e-06,1.87611459466487,0.0,689,89,0.5,1.0,2.0,1000.0,150.0,75.0,<class 'src.agents.risk_averse.RiskAverseDeveloperAgent'>,fine,True,-1000.0
0,1,2.0,0.0,2.3458267036910536,150.0,690,90,0.5,1.0,2.0,1000.0,150.0,75.0,<class 'src.agents.risk_averse.RiskAverseDeveloperAgent'>,fine,False,-150.0
0,1,2.0,0.0,2.3458267036910536,150.0,691,91,0.5,1.0,2.0,1000.0,150.0,75.0,<class 'src.agents.risk_averse.RiskAverseDeveloperAgent'>,fine,False,-150.0
0,1,1.0,1.2571352892654523e-06,1.87611459466487,150.0,692,92,0.5,1.0,2.0,1000.0,150.0,75.0,<class 'src.agents.risk_averse.RiskAverseDeveloperAgent'>,fine,False,-150.0
0,1,1.0,1.2571352892654523e-06,1.87611459466487,150.0,693,93,0.5,1.0,2.0,1000.0,150.0,75.0,<class 'src.agents.risk_averse.RiskAverseDeveloperAgent'>,fine,False,-150.0
0,1,2.0,0.0,2.3458267036910536,150.0,694,94,0.5,1.0,2.0,1000.0,150.0,75.0,<class 'src.agents.risk_averse.RiskAverseDeveloperAgent'>,fine,False,-150.0
0,1,1.0,1.2571352892654523e-06,1.87611459466487,150.0,695,95,0.5,1.0,2.0,1000.0,150.0,75.0,<class 'src.agents.risk_averse.RiskAverseDeveloperAgent'>,fine,False,-150.0
0,1,1.0,1.2571352892654523e-06,1.87611459466487,150.0,696,96,0.5,1.0,2.0,1000.0,150.0,75.0,<class 'src.agents.risk_averse.RiskAverseDeveloperAgent'>,fine,False,-150.0
0,1,2.0,0.0,2.3458267036910536,150.0,697,97,0.5,1.0,2.0,1000.0,150.0,75.0,<class 'src.agents.risk_averse.RiskAverseDeveloperAgent'>,fine,False,-150.0
0,1,1.0,1.2571352892654523e-06,1.87611459466487,150.0,698,98,0.5,1.0,2.0,1000.0,150.0,75.0,<class 'src.agents.risk_averse.RiskAverseDeveloperAgent'>,fine,False,-150.0
0,1,1.0,1.2571352892654523e-06,1.87611459466487,150.0,699,99,0.5,1.0,2.0,1000.0,150.0,75.0,<class 'src.agents.risk_averse.RiskAverseDeveloperAgent'>,fine,False,-150.0
0,1,2.0,1.6549642457735902,0.0,75.0,700,0,0.5,1.0,2.0,1000.0,150.0,75.0,<class 'src.agents.risk_averse.RiskAverseDeveloperAgent'>,performance,True,-1075.0
0,1,1.0,1.6549645334191494,0.0,75.0,701,1,0.5,1.0,2.0,1000.0,150.0,75.0,<class 'src.agents.risk_averse.RiskAverseDeveloperAgent'>,performance,True,-1075.0
0,1,2.0,1.6549642457735902,0.0,0.0,702,2,0.5,1.0,2.0,1000.0,150.0,75.0,<class 'src.agents.risk_averse.RiskAverseDeveloperAgent'>,performance,True,-1000.0
0,1,1.0,1.6549645334191494,0.0,75.0,703,3,0.5,1.0,2.0,1000.0,150.0,75.0,<class 'src.agents.risk_averse.RiskAverseDeveloperAgent'>,performance,True,-1075.0
0,1,2.0,1.6549642457735902,0.0,75.0,704,4,0.5,1.0,2.0,1000.0,150.0,75.0,<class 'src.agents.risk_averse.RiskAverseDeveloperAgent'>,performance,True,-1075.0
0,1,2.0,1.6549642457735902,0.0,75.0,705,5,0.5,1.0,2.0,1000.0,150.0,75.0,<class 'src.agents.risk_averse.RiskAverseDeveloperAgent'>,performance,True,-1075.0
0,1,1.0,1.6549645334191494,0.0,75.0,706,6,0.5,1.0,2.0,1000.0,150.0,75.0,<class 'src.agents.risk_averse.RiskAverseDeveloperAgent'>,performance,True,-1075.0
0,1,1.0,1.6549645334191494,0.0,75.0,707,7,0.5,1.0,2.0,1000.0,150.0,75.0,<class 'src.agents.risk_averse.RiskAverseDeveloperAgent'>,performance,True,-1075.0
0,1,1.0,1.6549645334191494,0.0,75.0,708,8,0.5,1.0,2.0,1000.0,150.0,75.0,<class 'src.agents.risk_averse.RiskAverseDeveloperAgent'>,performance,True,-1075.0
0,1,1.0,1.6549645334191494,0.0,75.0,709,9,0.5,1.0,2.0,1000.0,150.0,75.0,<class 'src.agents.risk_averse.RiskAverseDeveloperAgent'>,performance,True,-1075.0
0,1,2.0,1.6549642457735902,0.0,75.0,710,10,0.5,1.0,2.0,1000.0,150.0,75.0,<class 'src.agents.risk_averse.RiskAverseDeveloperAgent'>,performance,True,-1075.0
0,1,2.0,1.6549642457735902,0.0,0.0,711,11,0.5,1.0,2.0,1000.0,150.0,75.0,<class 'src.agents.risk_averse.RiskAverseDeveloperAgent'>,performance,True,-1000.0
0,1,1.0,1.6549645334191494,0.0,0.0,712,12,0.5,1.0,2.0,1000.0,150.0,75.0,<class 'src.agents.risk_averse.RiskAverseDeveloperAgent'>,performance,True,-1000.0
0,1,1.0,1.6549645334191494,0.0,75.0,713,13,0.5,1.0,2.0,1000.0,150.0,75.0,<class 'src.agents.risk_averse.RiskAverseDeveloperAgent'>,performance,True,-1075.0
0,1,1.0,1.6549645334191494,0.0,0.0,714,14,0.5,1.0,2.0,1000.0,150.0,75.0,<class 'src.agents.risk_averse.RiskAverseDeveloperAgent'>,performance,True,-1000.0
0,1,1.0,1.6549645334191494,0.0,75.0,715,15,0.5,1.0,2.0,1000.0,150.0,75.0,<class 'src.agents.risk_averse.RiskAverseDeveloperAgent'>,performance,True,-1075.0
0,1,1.0,1.6549645334191494,0.0,75.0,716,16,0.5,1.0,2.0,1000.0,150.0,75.0,<class 'src.agents.risk_averse.RiskAverseDeveloperAgent'>,performance,True,-1075.0
0,1,2.0,1.6549642457735902,0.0,75.0,717,17,0.5,1.0,2.0,1000.0,150.0,75.0,<class 'src.agents.risk_averse.RiskAverseDeveloperAgent'>,performance,True,-1075.0
0,1,1.0,1.6549645334191494,0.0,75.0,718,18,0.5,1.0,2.0,1000.0,150.0,75.0,<class 'src.agents.risk_averse.RiskAverseDeveloperAgent'>,performance,True,-1075.0
0,1,1.0,1.6549645334191494,0.0,75.0,719,19,0.5,1.0,2.0,1000.0,150.0,75.0,<class 'src.agents.risk_averse.RiskAverseDeveloperAgent'>,performance,True,-1075.0
0,1,1.0,1.6549645334191494,0.0,0.0,720,20,0.5,1.0,2.0,1000.0,150.0,75.0,<class 'src.agents.risk_averse.RiskAverseDeveloperAgent'>,performance,True,-1000.0
0,1,2.0,1.6549642457735902,0.0,75.0,721,21,0.5,1.0,2.0,1000.0,150.0,75.0,<class 'src.agents.risk_averse.RiskAverseDeveloperAgent'>,performance,True,-1075.0
0,1,2.0,1.6549642457735902,0.0,0.0,722,22,0.5,1.0,2.0,1000.0,150.0,75.0,<class 'src.agents.risk_averse.RiskAverseDeveloperAgent'>,performance,True,-1000.0
0,1,1.0,1.6549645334191494,0.0,75.0,723,23,0.5,1.0,2.0,1000.0,150.0,75.0,<class 'src.agents.risk_averse.RiskAverseDeveloperAgent'>,performance,True,-1075.0
0,1,2.0,1.6549642457735902,0.0,75.0,724,24,0.5,1.0,2.0,1000.0,150.0,75.0,<class 'src.agents.risk_averse.RiskAverseDeveloperAgent'>,performance,True,-1075.0
0,1,2.0,1.6549642457735902,0.0,75.0,725,25,0.5,1.0,2.0,1000.0,150.0,75.0,<class 'src.agents.risk_averse.RiskAverseDeveloperAgent'>,performance,True,-1075.0
0,1,1.0,1.6549645334191494,0.0,75.0,726,26,0.5,1.0,2.0,1000.0,150.0,75.0,<class 'src.agents.risk_averse.RiskAverseDeveloperAgent'>,performance,True,-1075.0
0,1,2.0,1.6549642457735902,0.0,0.0,727,27,0.5,1.0,2.0,1000.0,150.0,75.0,<class 'src.agents.risk_averse.RiskAverseDeveloperAgent'>,performance,True,-1000.0
0,1,1.0,1.6549645334191494,0.0,75.0,728,28,0.5,1.0,2.0,1000.0,150.0,75.0,<class 'src.agents.risk_averse.RiskAverseDeveloperAgent'>,performance,True,-1075.0
0,1,2.0,1.6549642457735902,0.0,75.0,729,29,0.5,1.0,2.0,1000.0,150.0,75.0,<class 'src.agents.risk_averse.RiskAverseDeveloperAgent'>,performance,True,-1075.0
0,1,2.0,1.6549642457735902,0.0,75.0,730,30,0.5,1.0,2.0,1000.0,150.0,75.0,<class 'src.agents.risk_averse.RiskAverseDeveloperAgent'>,performance,True,-1075.0
0,1,1.0,1.6549645334191494,0.0,75.0,731,31,0.5,1.0,2.0,1000.0,150.0,75.0,<class 'src.agents.risk_averse.RiskAverseDeveloperAgent'>,performance,True,-1075.0
0,1,2.0,1.6549642457735902,0.0,75.0,732,32,0.5,1.0,2.0,1000.0,150.0,75.0,<class 'src.agents.risk_averse.RiskAverseDeveloperAgent'>,performance,True,-1075.0
0,1,1.0,1.6549645334191494,0.0,75.0,733,33,0.5,1.0,2.0,1000.0,150.0,75.0,<class 'src.agents.risk_averse.RiskAverseDeveloperAgent'>,performance,True,-1075.0
0,1,2.0,1.6549642457735902,0.0,75.0,734,34,0.5,1.0,2.0,1000.0,150.0,75.0,<class 'src.agents.risk_averse.RiskAverseDeveloperAgent'>,performance,True,-1075.0
0,1,2.0,1.6549642457735902,0.0,75.0,735,35,0.5,1.0,2.0,1000.0,150.0,75.0,<class 'src.agents.risk_averse.RiskAverseDeveloperAgent'>,performance,True,-1075.0
0,1,1.0,1.6549645334191494,0.0,75.0,736,36,0.5,1.0,2.0,1000.0,150.0,75.0,<class 'src.agents.risk_averse.RiskAverseDeveloperAgent'>,performance,True,-1075.0
0,1,1.0,1.6549645334191494,0.0,0.0,737,37,0.5,1.0,2.0,1000.0,150.0,75.0,<class 'src.agents.risk_averse.RiskAverseDeveloperAgent'>,performance,True,-1000.0
0,1,2.0,1.6549642457735902,0.0,75.0,738,38,0.5,1.0,2.0,1000.0,150.0,75.0,<class 'src.agents.risk_averse.RiskAverseDeveloperAgent'>,performance,True,-1075.0
0,1,1.0,1.6549645334191494,0.0,0.0,739,39,0.5,1.0,2.0,1000.0,150.0,75.0,<class 'src.agents.risk_averse.RiskAverseDeveloperAgent'>,performance,True,-1000.0
0,1,2.0,1.6549642457735902,0.0,75.0,740,40,0.5,1.0,2.0,1000.0,150.0,75.0,<class 'src.agents.risk_averse.RiskAverseDeveloperAgent'>,performance,True,-1075.0
0,1,1.0,1.6549645334191494,0.0,75.0,741,41,0.5,1.0,2.0,1000.0,150.0,75.0,<class 'src.agents.risk_averse.RiskAverseDeveloperAgent'>,performance,True,-1075.0
0,1,2.0,1.6549642457735902,0.0,75.0,742,42,0.5,1.0,2.0,1000.0,150.0,75.0,<class 'src.agents.risk_averse.RiskAverseDeveloperAgent'>,performance,True,-1075.0
0,1,2.0,1.6549642457735902,0.0,75.0,743,43,0.5,1.0,2.0,1000.0,150.0,75.0,<class 'src.agents.risk_averse.RiskAverseDeveloperAgent'>,performance,True,-1075.0
0,1,2.0,1.6549642457735902,0.0,75.0,744,44,0.5,1.0,2.0,1000.0,150.0,75.0,<class 'src.agents.risk_averse.RiskAverseDeveloperAgent'>,performance,True,-1075.0
0,1,1.0,1.6549645334191494,0.0,75.0,745,45,0.5,1.0,2.0,1000.0,150.0,75.0,<class 'src.agents.risk_averse.RiskAverseDeveloperAgent'>,performance,True,-1075.0
0,1,2.0,1.6549642457735902,0.0,75.0,746,46,0.5,1.0,2.0,1000.0,150.0,75.0,<class 'src.agents.risk_averse.RiskAverseDeveloperAgent'>,performance,True,-1075.0
0,1,1.0,1.6549645334191494,0.0,75.0,747,47,0.5,1.0,2.0,1000.0,150.0,75.0,<class 'src.agents.risk_averse.RiskAverseDeveloperAgent'>,performance,True,-1075.0
0,1,2.0,1.6549642457735902,0.0,75.0,748,48,0.5,1.0,2.0,1000.0,150.0,75.0,<class 'src.agents.risk_averse.RiskAverseDeveloperAgent'>,performance,True,-1075.0
0,1,2.0,1.6549642457735902,0.0,75.0,749,49,0.5,1.0,2.0,1000.0,150.0,75.0,<class 'src.agents.risk_averse.RiskAverseDeveloperAgent'>,performance,True,-1075.0
0,1,2.0,1.6549642457735902,0.0,75.0,750,50,0.5,1.0,2.0,1000.0,150.0,75.0,<class 'src.agents.risk_averse.RiskAverseDeveloperAgent'>,performance,True,-1075.0
0,1,1.0,1.6549645334191494,0.0,75.0,751,51,0.5,1.0,2.0,1000.0,150.0,75.0,<class 'src.agents.risk_averse.RiskAverseDeveloperAgent'>,performance,True,-1075.0
0,1,2.0,1.6549642457735902,0.0,75.0,752,52,0.5,1.0,2.0,1000.0,150.0,75.0,<class 'src.agents.risk_averse.RiskAverseDeveloperAgent'>,performance,True,-1075.0
0,1,2.0,1.6549642457735902,0.0,75.0,753,53,0.5,1.0,2.0,1000.0,150.0,75.0,<class 'src.agents.risk_averse.RiskAverseDeveloperAgent'>,performance,True,-1075.0
0,1,2.0,1.6549642457735902,0.0,75.0,754,54,0.5,1.0,2.0,1000.0,150.0,75.0,<class 'src.agents.risk_averse.RiskAverseDeveloperAgent'>,performance,True,-1075.0
0,1,2.0,1.6549642457735902,0.0,0.0,755,55,0.5,1.0,2.0,1000.0,150.0,75.0,<class 'src.agents.risk_averse.RiskAverseDeveloperAgent'>,performance,True,-1000.0
0,1,2.0,1.6549642457735902,0.0,75.0,756,56,0.5,1.0,2.0,1000.0,150.0,75.0,<class 'src.agents.risk_averse.RiskAverseDeveloperAgent'>,performance,True,-1075.0
0,1,1.0,1.6549645334191494,0.0,75.0,757,57,0.5,1.0,2.0,1000.0,150.0,75.0,<class 'src.agents.risk_averse.RiskAverseDeveloperAgent'>,performance,True,-1075.0
0,1,1.0,1.6549645334191494,0.0,75.0,758,58,0.5,1.0,2.0,1000.0,150.0,75.0,<class 'src.agents.risk_averse.RiskAverseDeveloperAgent'>,performance,True,-1075.0
0,1,2.0,1.6549642457735902,0.0,75.0,759,59,0.5,1.0,2.0,1000.0,150.0,75.0,<class 'src.agents.risk_averse.RiskAverseDeveloperAgent'>,performance,True,-1075.0
0,1,1.0,1.6549645334191494,0.0,75.0,760,60,0.5,1.0,2.0,1000.0,150.0,75.0,<class 'src.agents.risk_averse.RiskAverseDeveloperAgent'>,performance,True,-1075.0
0,1,2.0,1.6549642457735902,0.0,0.0,761,61,0.5,1.0,2.0,1000.0,150.0,75.0,<class 'src.agents.risk_averse.RiskAverseDeveloperAgent'>,performance,True,-1000.0
0,1,1.0,1.6549645334191494,0.0,75.0,762,62,0.5,1.0,2.0,1000.0,150.0,75.0,<class 'src.agents.risk_averse.RiskAverseDeveloperAgent'>,performance,True,-1075.0
0,1,1.0,1.6549645334191494,0.0,75.0,763,63,0.5,1.0,2.0,1000.0,150.0,75.0,<class 'src.agents.risk_averse.RiskAverseDeveloperAgent'>,performance,True,-1075.0
0,1,1.0,1.6549645334191494,0.0,0.0,764,64,0.5,1.0,2.0,1000.0,150.0,75.0,<class 'src.agents.risk_averse.RiskAverseDeveloperAgent'>,performance,True,-1000.0
0,1,2.0,1.6549642457735902,0.0,75.0,765,65,0.5,1.0,2.0,1000.0,150.0,75.0,<class 'src.agents.risk_averse.RiskAverseDeveloperAgent'>,performance,True,-1075.0
0,1,1.0,1.6549645334191494,0.0,0.0,766,66,0.5,1.0,2.0,1000.0,150.0,75.0,<class 'src.agents.risk_averse.RiskAverseDeveloperAgent'>,performance,True,-1000.0
0,1,2.0,1.6549642457735902,0.0,0.0,767,67,0.5,1.0,2.0,1000.0,150.0,75.0,<class 'src.agents.risk_averse.RiskAverseDeveloperAgent'>,performance,True,-1000.0
0,1,1.0,1.6549645334191494,0.0,75.0,768,68,0.5,1.0,2.0,1000.0,150.0,75.0,<class 'src.agents.risk_averse.RiskAverseDeveloperAgent'>,performance,True,-1075.0
0,1,1.0,1.6549645334191494,0.0,75.0,769,69,0.5,1.0,2.0,1000.0,150.0,75.0,<class 'src.agents.risk_averse.RiskAverseDeveloperAgent'>,performance,True,-1075.0
0,1,2.0,1.6549642457735902,0.0,75.0,770,70,0.5,1.0,2.0,1000.0,150.0,75.0,<class 'src.agents.risk_averse.RiskAverseDeveloperAgent'>,performance,True,-1075.0
0,1,2.0,1.6549642457735902,0.0,75.0,771,71,0.5,1.0,2.0,1000.0,150.0,75.0,<class 'src.agents.risk_averse.RiskAverseDeveloperAgent'>,performance,True,-1075.0
0,1,2.0,1.6549642457735902,0.0,75.0,772,72,0.5,1.0,2.0,1000.0,150.0,75.0,<class 'src.agents.risk_averse.RiskAverseDeveloperAgent'>,performance,True,-1075.0
0,1,1.0,1.6549645334191494,0.0,75.0,773,73,0.5,1.0,2.0,1000.0,150.0,75.0,<class 'src.agents.risk_averse.RiskAverseDeveloperAgent'>,performance,True,-1075.0
0,1,2.0,1.6549642457735902,0.0,75.0,774,74,0.5,1.0,2.0,1000.0,150.0,75.0,<class 'src.agents.risk_averse.RiskAverseDeveloperAgent'>,performance,True,-1075.0
0,1,2.0,1.6549642457735902,0.0,75.0,775,75,0.5,1.0,2.0,1000.0,150.0,75.0,<class 'src.agents.risk_averse.RiskAverseDeveloperAgent'>,performance,True,-1075.0
0,1,1.0,1.6549645334191494,0.0,75.0,776,76,0.5,1.0,2.0,1000.0,150.0,75.0,<class 'src.agents.risk_averse.RiskAverseDeveloperAgent'>,performance,True,-1075.0
0,1,1.0,1.6549645334191494,0.0,0.0,777,77,0.5,1.0,2.0,1000.0,150.0,75.0,<class 'src.agents.risk_averse.RiskAverseDeveloperAgent'>,performance,True,-1000.0
0,1,1.0,1.6549645334191494,0.0,75.0,778,78,0.5,1.0,2.0,1000.0,150.0,75.0,<class 'src.agents.risk_averse.RiskAverseDeveloperAgent'>,performance,True,-1075.0
0,1,1.0,1.6549645334191494,0.0,0.0,779,79,0.5,1.0,2.0,1000.0,150.0,75.0,<class 'src.agents.risk_averse.RiskAverseDeveloperAgent'>,performance,True,-1000.0
0,1,1.0,1.6549645334191494,0.0,75.0,780,80,0.5,1.0,2.0,1000.0,150.0,75.0,<class 'src.agents.risk_averse.RiskAverseDeveloperAgent'>,performance,True,-1075.0
0,1,1.0,1.6549645334191494,0.0,75.0,781,81,0.5,1.0,2.0,1000.0,150.0,75.0,<class 'src.agents.risk_averse.RiskAverseDeveloperAgent'>,performance,True,-1075.0
0,1,1.0,1.6549645334191494,0.0,75.0,782,82,0.5,1.0,2.0,1000.0,150.0,75.0,<class 'src.agents.risk_averse.RiskAverseDeveloperAgent'>,performance,True,-1075.0
0,1,2.0,1.6549642457735902,0.0,75.0,783,83,0.5,1.0,2.0,1000.0,150.0,75.0,<class 'src.agents.risk_averse.RiskAverseDeveloperAgent'>,performance,True,-1075.0
0,1,2.0,1.6549642457735902,0.0,75.0,784,84,0.5,1.0,2.0,1000.0,150.0,75.0,<class 'src.agents.risk_averse.RiskAverseDeveloperAgent'>,performance,True,-1075.0
0,1,2.0,1.6549642457735902,0.0,75.0,785,85,0.5,1.0,2.0,1000.0,150.0,75.0,<class 'src.agents.risk_averse.RiskAverseDeveloperAgent'>,performance,True,-1075.0
0,1,2.0,1.6549642457735902,0.0,0.0,786,86,0.5,1.0,2.0,1000.0,150.0,75.0,<class 'src.agents.risk_averse.RiskAverseDeveloperAgent'>,performance,True,-1000.0
0,1,2.0,1.6549642457735902,0.0,75.0,787,87,0.5,1.0,2.0,1000.0,150.0,75.0,<class 'src.agents.risk_averse.RiskAverseDeveloperAgent'>,performance,True,-1075.0
0,1,2.0,1.6549642457735902,0.0,0.0,788,88,0.5,1.0,2.0,1000.0,150.0,75.0,<class 'src.agents.risk_averse.RiskAverseDeveloperAgent'>,performance,True,-1000.0
0,1,1.0,1.6549645334191494,0.0,75.0,789,89,0.5,1.0,2.0,1000.0,150.0,75.0,<class 'src.agents.risk_averse.RiskAverseDeveloperAgent'>,performance,True,-1075.0
0,1,1.0,1.6549645334191494,0.0,0.0,790,90,0.5,1.0,2.0,1000.0,150.0,75.0,<class 'src.agents.risk_averse.RiskAverseDeveloperAgent'>,performance,True,-1000.0
0,1,2.0,1.6549642457735902,0.0,0.0,791,91,0.5,1.0,2.0,1000.0,150.0,75.0,<class 'src.agents.risk_averse.RiskAverseDeveloperAgent'>,performance,True,-1000.0
0,1,2.0,1.6549642457735902,0.0,75.0,792,92,0.5,1.0,2.0,1000.0,150.0,75.0,<class 'src.agents.risk_averse.RiskAverseDeveloperAgent'>,performance,True,-1075.0
0,1,2.0,1.6549642457735902,0.0,75.0,793,93,0.5,1.0,2.0,1000.0,150.0,75.0,<class 'src.agents.risk_averse.RiskAverseDeveloperAgent'>,performance,True,-1075.0
0,1,1.0,1.6549645334191494,0.0,75.0,794,94,0.5,1.0,2.0,1000.0,150.0,75.0,<class 'src.agents.risk_averse.RiskAverseDeveloperAgent'>,performance,True,-1075.0
0,1,1.0,1.6549645334191494,0.0,75.0,795,95,0.5,1.0,2.0,1000.0,150.0,75.0,<class 'src.agents.risk_averse.RiskAverseDeveloperAgent'>,performance,True,-1075.0
0,1,2.0,1.6549642457735902,0.0,75.0,796,96,0.5,1.0,2.0,1000.0,150.0,75.0,<class 'src.agents.risk_averse.RiskAverseDeveloperAgent'>,performance,True,-1075.0
0,1,2.0,1.6549642457735902,0.0,75.0,797,97,0.5,1.0,2.0,1000.0,150.0,75.0,<class 'src.agents.risk_averse.RiskAverseDeveloperAgent'>,performance,True,-1075.0
0,1,1.0,1.6549645334191494,0.0,0.0,798,98,0.5,1.0,2.0,1000.0,150.0,75.0,<class 'src.agents.risk_averse.RiskAverseDeveloperAgent'>,performance,True,-1000.0
0,1,2.0,1.6549642457735902,0.0,0.0,799,99,0.5,1.0,2.0,1000.0,150.0,75.0,<class 'src.agents.risk_averse.RiskAverseDeveloperAgent'>,performance,True,-1000.0
0,1,2.0,1.1295560633797854,2.0738362196173235,0.0,800,0,0.5,1.0,2.0,1000.0,150.0,75.0,<class 'src.agents.risk_averse.RiskAverseDeveloperAgent'>,hybrid,True,-1000.0
0,1,2.0,1.1295560633797854,2.0738362196173235,225.0,801,1,0.5,1.0,2.0,1000.0,150.0,75.0,<class 'src.agents.risk_averse.RiskAverseDeveloperAgent'>,hybrid,False,-225.0
0,1,1.0,1.1920426040930387,1.6160096269186623,150.0,802,2,0.5,1.0,2.0,1000.0,150.0,75.0,<class 'src.agents.risk_averse.RiskAverseDeveloperAgent'>,hybrid,False,-150.0
0,1,2.0,1.1295560633797854,2.0738362196173235,150.0,803,3,0.5,1.0,2.0,1000.0,150.0,75.0,<class 'src.agents.risk_averse.RiskAverseDeveloperAgent'>,hybrid,False,-150.0
0,1,1.0,1.1920426040930387,1.6160096269186623,225.0,804,4,0.5,1.0,2.0,1000.0,150.0,75.0,<class 'src.agents.risk_averse.RiskAverseDeveloperAgent'>,hybrid,False,-225.0
0,1,2.0,1.1295560633797854,2.0738362196173235,225.0,805,5,0.5,1.0,2.0,1000.0,150.0,75.0,<class 'src.agents.risk_averse.RiskAverseDeveloperAgent'>,hybrid,False,-225.0
0,1,1.0,1.1920426040930387,1.6160096269186623,150.0,806,6,0.5,1.0,2.0,1000.0,150.0,75.0,<class 'src.agents.risk_averse.RiskAverseDeveloperAgent'>,hybrid,False,-150.0
0,1,1.0,1.1920426040930387,1.6160096269186623,225.0,807,7,0.5,1.0,2.0,1000.0,150.0,75.0,<class 'src.agents.risk_averse.RiskAverseDeveloperAgent'>,hybrid,False,-225.0
0,1,2.0,1.1295560633797854,2.0738362196173235,225.0,808,8,0.5,1.0,2.0,1000.0,150.0,75.0,<class 'src.agents.risk_averse.RiskAverseDeveloperAgent'>,hybrid,False,-225.0
0,1,1.0,1.1920426040930387,1.6160096269186623,225.0,809,9,0.5,1.0,2.0,1000.0,150.0,75.0,<class 'src.agents.risk_averse.RiskAverseDeveloperAgent'>,hybrid,False,-225.0
0,1,2.0,1.1295560633797854,2.0738362196173235,150.0,810,10,0.5,1.0,2.0,1000.0,150.0,75.0,<class 'src.agents.risk_averse.RiskAverseDeveloperAgent'>,hybrid,False,-150.0
0,1,2.0,1.1295560633797854,2.0738362196173235,225.0,811,11,0.5,1.0,2.0,1000.0,150.0,75.0,<class 'src.agents.risk_averse.RiskAverseDeveloperAgent'>,hybrid,False,-225.0
0,1,2.0,1.1295560633797854,2.0738362196173235,225.0,812,12,0.5,1.0,2.0,1000.0,150.0,75.0,<class 'src.agents.risk_averse.RiskAverseDeveloperAgent'>,hybrid,False,-225.0
0,1,2.0,1.1295560633797854,2.0738362196173235,225.0,813,13,0.5,1.0,2.0,1000.0,150.0,75.0,<class 'src.agents.risk_averse.RiskAverseDeveloperAgent'>,hybrid,False,-225.0
0,1,1.0,1.1920426040930387,1.6160096269186623,75.0,814,14,0.5,1.0,2.0,1000.0,150.0,75.0,<class 'src.agents.risk_averse.RiskAverseDeveloperAgent'>,hybrid,True,-1075.0
0,1,2.0,1.1295560633797854,2.0738362196173235,150.0,815,15,0.5,1.0,2.0,1000.0,150.0,75.0,<class 'src.agents.risk_averse.RiskAverseDeveloperAgent'>,hybrid,False,-150.0
0,1,1.0,1.1920426040930387,1.6160096269186623,225.0,816,16,0.5,1.0,2.0,1000.0,150.0,75.0,<class 'src.agents.risk_averse.RiskAverseDeveloperAgent'>,hybrid,False,-225.0
0,1,2.0,1.1295560633797854,2.0738362196173235,225.0,817,17,0.5,1.0,2.0,1000.0,150.0,75.0,<class 'src.agents.risk_averse.RiskAverseDeveloperAgent'>,hybrid,False,-225.0
0,1,2.0,1.1295560633797854,2.0738362196173235,150.0,818,18,0.5,1.0,2.0,1000.0,150.0,75.0,<class 'src.agents.risk_averse.RiskAverseDeveloperAgent'>,hybrid,False,-150.0
0,1,2.0,1.1295560633797854,2.0738362196173235,150.0,819,19,0.5,1.0,2.0,1000.0,150.0,75.0,<class 'src.agents.risk_averse.RiskAverseDeveloperAgent'>,hybrid,False,-150.0
0,1,1.0,1.1920426040930387,1.6160096269186623,225.0,820,20,0.5,1.0,2.0,1000.0,150.0,75.0,<class 'src.agents.risk_averse.RiskAverseDeveloperAgent'>,hybrid,False,-225.0
0,1,1.0,1.1920426040930387,1.6160096269186623,225.0,821,21,0.5,1.0,2.0,1000.0,150.0,75.0,<class 'src.agents.risk_averse.RiskAverseDeveloperAgent'>,hybrid,False,-225.0
0,1,2.0,1.1295560633797854,2.0738362196173235,75.0,822,22,0.5,1.0,2.0,1000.0,150.0,75.0,<class 'src.agents.risk_averse.RiskAverseDeveloperAgent'>,hybrid,True,-1075.0
0,1,2.0,1.1295560633797854,2.0738362196173235,150.0,823,23,0.5,1.0,2.0,1000.0,150.0,75.0,<class 'src.agents.risk_averse.RiskAverseDeveloperAgent'>,hybrid,False,-150.0
0,1,2.0,1.1295560633797854,2.0738362196173235,75.0,824,24,0.5,1.0,2.0,1000.0,150.0,75.0,<class 'src.agents.risk_averse.RiskAverseDeveloperAgent'>,hybrid,True,-1075.0
0,1,1.0,1.1920426040930387,1.6160096269186623,225.0,825,25,0.5,1.0,2.0,1000.0,150.0,75.0,<class 'src.agents.risk_averse.RiskAverseDeveloperAgent'>,hybrid,False,-225.0
0,1,2.0,1.1295560633797854,2.0738362196173235,225.0,826,26,0.5,1.0,2.0,1000.0,150.0,75.0,<class 'src.agents.risk_averse.RiskAverseDeveloperAgent'>,hybrid,False,-225.0
0,1,1.0,1.1920426040930387,1.6160096269186623,225.0,827,27,0.5,1.0,2.0,1000.0,150.0,75.0,<class 'src.agents.risk_averse.RiskAverseDeveloperAgent'>,hybrid,False,-225.0
0,1,1.0,1.1920426040930387,1.6160096269186623,150.0,828,28,0.5,1.0,2.0,1000.0,150.0,75.0,<class 'src.agents.risk_averse.RiskAverseDeveloperAgent'>,hybrid,False,-150.0
0,1,2.0,1.1295560633797854,2.0738362196173235,225.0,829,29,0.5,1.0,2.0,1000.0,150.0,75.0,<class 'src.agents.risk_averse.RiskAverseDeveloperAgent'>,hybrid,False,-225.0
0,1,1.0,1.1920426040930387,1.6160096269186623,225.0,830,30,0.5,1.0,2.0,1000.0,150.0,75.0,<class 'src.agents.risk_averse.RiskAverseDeveloperAgent'>,hybrid,False,-225.0
0,1,2.0,1.1295560633797854,2.0738362196173235,225.0,831,31,0.5,1.0,2.0,1000.0,150.0,75.0,<class 'src.agents.risk_averse.RiskAverseDeveloperAgent'>,hybrid,False,-225.0
0,1,2.0,1.1295560633797854,2.0738362196173235,225.0,832,32,0.5,1.0,2.0,1000.0,150.0,75.0,<class 'src.agents.risk_averse.RiskAverseDeveloperAgent'>,hybrid,False,-225.0
0,1,1.0,1.1920426040930387,1.6160096269186623,225.0,833,33,0.5,1.0,2.0,1000.0,150.0,75.0,<class 'src.agents.risk_averse.RiskAverseDeveloperAgent'>,hybrid,False,-225.0
0,1,2.0,1.1295560633797854,2.0738362196173235,0.0,834,34,0.5,1.0,2.0,1000.0,150.0,75.0,<class 'src.agents.risk_averse.RiskAverseDeveloperAgent'>,hybrid,True,-1000.0
0,1,1.0,1.1920426040930387,1.6160096269186623,225.0,835,35,0.5,1.0,2.0,1000.0,150.0,75.0,<class 'src.agents.risk_averse.RiskAverseDeveloperAgent'>,hybrid,False,-225.0
0,1,1.0,1.1920426040930387,1.6160096269186623,225.0,836,36,0.5,1.0,2.0,1000.0,150.0,75.0,<class 'src.agents.risk_averse.RiskAverseDeveloperAgent'>,hybrid,False,-225.0
0,1,2.0,1.1295560633797854,2.0738362196173235,225.0,837,37,0.5,1.0,2.0,1000.0,150.0,75.0,<class 'src.agents.risk_averse.RiskAverseDeveloperAgent'>,hybrid,False,-225.0
0,1,2.0,1.1295560633797854,2.0738362196173235,225.0,838,38,0.5,1.0,2.0,1000.0,150.0,75.0,<class 'src.agents.risk_averse.RiskAverseDeveloperAgent'>,hybrid,False,-225.0
0,1,1.0,1.1920426040930387,1.6160096269186623,225.0,839,39,0.5,1.0,2.0,1000.0,150.0,75.0,<class 'src.agents.risk_averse.RiskAverseDeveloperAgent'>,hybrid,False,-225.0
0,1,2.0,1.1295560633797854,2.0738362196173235,150.0,840,40,0.5,1.0,2.0,1000.0,150.0,75.0,<class 'src.agents.risk_averse.RiskAverseDeveloperAgent'>,hybrid,False,-150.0
0,1,2.0,1.1295560633797854,2.0738362196173235,225.0,841,41,0.5,1.0,2.0,1000.0,150.0,75.0,<class 'src.agents.risk_averse.RiskAverseDeveloperAgent'>,hybrid,False,-225.0
0,1,1.0,1.1920426040930387,1.6160096269186623,75.0,842,42,0.5,1.0,2.0,1000.0,150.0,75.0,<class 'src.agents.risk_averse.RiskAverseDeveloperAgent'>,hybrid,True,-1075.0
0,1,2.0,1.1295560633797854,2.0738362196173235,225.0,843,43,0.5,1.0,2.0,1000.0,150.0,75.0,<class 'src.agents.risk_averse.RiskAverseDeveloperAgent'>,hybrid,False,-225.0
0,1,1.0,1.1920426040930387,1.6160096269186623,225.0,844,44,0.5,1.0,2.0,1000.0,150.0,75.0,<class 'src.agents.risk_averse.RiskAverseDeveloperAgent'>,hybrid,False,-225.0
0,1,1.0,1.1920426040930387,1.6160096269186623,225.0,845,45,0.5,1.0,2.0,1000.0,150.0,75.0,<class 'src.agents.risk_averse.RiskAverseDeveloperAgent'>,hybrid,False,-225.0
0,1,2.0,1.1295560633797854,2.0738362196173235,225.0,846,46,0.5,1.0,2.0,1000.0,150.0,75.0,<class 'src.agents.risk_averse.RiskAverseDeveloperAgent'>,hybrid,False,-225.0
0,1,2.0,1.1295560633797854,2.0738362196173235,225.0,847,47,0.5,1.0,2.0,1000.0,150.0,75.0,<class 'src.agents.risk_averse.RiskAverseDeveloperAgent'>,hybrid,False,-225.0
0,1,1.0,1.1920426040930387,1.6160096269186623,150.0,848,48,0.5,1.0,2.0,1000.0,150.0,75.0,<class 'src.agents.risk_averse.RiskAverseDeveloperAgent'>,hybrid,False,-150.0
0,1,2.0,1.1295560633797854,2.0738362196173235,225.0,849,49,0.5,1.0,2.0,1000.0,150.0,75.0,<class 'src.agents.risk_averse.RiskAverseDeveloperAgent'>,hybrid,False,-225.0
0,1,2.0,1.1295560633797854,2.0738362196173235,150.0,850,50,0.5,1.0,2.0,1000.0,150.0,75.0,<class 'src.agents.risk_averse.RiskAverseDeveloperAgent'>,hybrid,False,-150.0
0,1,2.0,1.1295560633797854,2.0738362196173235,225.0,851,51,0.5,1.0,2.0,1000.0,150.0,75.0,<class 'src.agents.risk_averse.RiskAverseDeveloperAgent'>,hybrid,False,-225.0
0,1,1.0,1.1920426040930387,1.6160096269186623,0.0,852,52,0.5,1.0,2.0,1000.0,150.0,75.0,<class 'src.agents.risk_averse.RiskAverseDeveloperAgent'>,hybrid,True,-1000.0
0,1,1.0,1.1920426040930387,1.6160096269186623,225.0,853,53,0.5,1.0,2.0,1000.0,150.0,75.0,<class 'src.agents.risk_averse.RiskAverseDeveloperAgent'>,hybrid,False,-225.0
0,1,2.0,1.1295560633797854,2.0738362196173235,225.0,854,54,0.5,1.0,2.0,1000.0,150.0,75.0,<class 'src.agents.risk_averse.RiskAverseDeveloperAgent'>,hybrid,False,-225.0
0,1,1.0,1.1920426040930387,1.6160096269186623,150.0,855,55,0.5,1.0,2.0,1000.0,150.0,75.0,<class 'src.agents.risk_averse.RiskAverseDeveloperAgent'>,hybrid,False,-150.0
0,1,1.0,1.1920426040930387,1.6160096269186623,225.0,856,56,0.5,1.0,2.0,1000.0,150.0,75.0,<class 'src.agents.risk_averse.RiskAverseDeveloperAgent'>,hybrid,False,-225.0
0,1,2.0,1.1295560633797854,2.0738362196173235,0.0,857,57,0.5,1.0,2.0,1000.0,150.0,75.0,<class 'src.agents.risk_averse.RiskAverseDeveloperAgent'>,hybrid,True,-1000.0
0,1,2.0,1.1295560633797854,2.0738362196173235,225.0,858,58,0.5,1.0,2.0,1000.0,150.0,75.0,<class 'src.agents.risk_averse.RiskAverseDeveloperAgent'>,hybrid,False,-225.0
0,1,2.0,1.1295560633797854,2.0738362196173235,75.0,859,59,0.5,1.0,2.0,1000.0,150.0,75.0,<class 'src.agents.risk_averse.RiskAverseDeveloperAgent'>,hybrid,True,-1075.0
0,1,2.0,1.1295560633797854,2.0738362196173235,225.0,860,60,0.5,1.0,2.0,1000.0,150.0,75.0,<class 'src.agents.risk_averse.RiskAverseDeveloperAgent'>,hybrid,False,-225.0
0,1,2.0,1.1295560633797854,2.0738362196173235,225.0,861,61,0.5,1.0,2.0,1000.0,150.0,75.0,<class 'src.agents.risk_averse.RiskAverseDeveloperAgent'>,hybrid,False,-225.0
0,1,1.0,1.1920426040930387,1.6160096269186623,150.0,862,62,0.5,1.0,2.0,1000.0,150.0,75.0,<class 'src.agents.risk_averse.RiskAverseDeveloperAgent'>,hybrid,False,-150.0
0,1,1.0,1.1920426040930387,1.6160096269186623,225.0,863,63,0.5,1.0,2.0,1000.0,150.0,75.0,<class 'src.agents.risk_averse.RiskAverseDeveloperAgent'>,hybrid,False,-225.0
0,1,1.0,1.1920426040930387,1.6160096269186623,75.0,864,64,0.5,1.0,2.0,1000.0,150.0,75.0,<class 'src.agents.risk_averse.RiskAverseDeveloperAgent'>,hybrid,True,-1075.0
0,1,2.0,1.1295560633797854,2.0738362196173235,225.0,865,65,0.5,1.0,2.0,1000.0,150.0,75.0,<class 'src.agents.risk_averse.RiskAverseDeveloperAgent'>,hybrid,False,-225.0
0,1,1.0,1.1920426040930387,1.6160096269186623,75.0,866,66,0.5,1.0,2.0,1000.0,150.0,75.0,<class 'src.agents.risk_averse.RiskAverseDeveloperAgent'>,hybrid,True,-1075.0
0,1,2.0,1.1295560633797854,2.0738362196173235,225.0,867,67,0.5,1.0,2.0,1000.0,150.0,75.0,<class 'src.agents.risk_averse.RiskAverseDeveloperAgent'>,hybrid,False,-225.0
0,1,2.0,1.1295560633797854,2.0738362196173235,225.0,868,68,0.5,1.0,2.0,1000.0,150.0,75.0,<class 'src.agents.risk_averse.RiskAverseDeveloperAgent'>,hybrid,False,-225.0
0,1,2.0,1.1295560633797854,2.0738362196173235,225.0,869,69,0.5,1.0,2.0,1000.0,150.0,75.0,<class 'src.agents.risk_averse.RiskAverseDeveloperAgent'>,hybrid,False,-225.0
0,1,1.0,1.1920426040930387,1.6160096269186623,225.0,870,70,0.5,1.0,2.0,1000.0,150.0,75.0,<class 'src.agents.risk_averse.RiskAverseDeveloperAgent'>,hybrid,False,-225.0
0,1,1.0,1.1920426040930387,1.6160096269186623,225.0,871,71,0.5,1.0,2.0,1000.0,150.0,75.0,<class 'src.agents.risk_averse.RiskAverseDeveloperAgent'>,hybrid,False,-225.0
0,1,2.0,1.1295560633797854,2.0738362196173235,75.0,872,72,0.5,1.0,2.0,1000.0,150.0,75.0,<class 'src.agents.risk_averse.RiskAverseDeveloperAgent'>,hybrid,True,-1075.0
0,1,2.0,1.1295560633797854,2.0738362196173235,0.0,873,73,0.5,1.0,2.0,1000.0,150.0,75.0,<class 'src.agents.risk_averse.RiskAverseDeveloperAgent'>,hybrid,True,-1000.0
0,1,2.0,1.1295560633797854,2.0738362196173235,150.0,874,74,0.5,1.0,2.0,1000.0,150.0,75.0,<class 'src.agents.risk_averse.RiskAverseDeveloperAgent'>,hybrid,False,-150.0
0,1,2.0,1.1295560633797854,2.0738362196173235,225.0,875,75,0.5,1.0,2.0,1000.0,150.0,75.0,<class 'src.agents.risk_averse.RiskAverseDeveloperAgent'>,hybrid,False,-225.0
0,1,1.0,1.1920426040930387,1.6160096269186623,0.0,876,76,0.5,1.0,2.0,1000.0,150.0,75.0,<class 'src.agents.risk_averse.RiskAverseDeveloperAgent'>,hybrid,True,-1000.0
0,1,1.0,1.1920426040930387,1.6160096269186623,75.0,877,77,0.5,1.0,2.0,1000.0,150.0,75.0,<class 'src.agents.risk_averse.RiskAverseDeveloperAgent'>,hybrid,True,-1075.0
0,1,1.0,1.1920426040930387,1.6160096269186623,225.0,878,78,0.5,1.0,2.0,1000.0,150.0,75.0,<class 'src.agents.risk_averse.RiskAverseDeveloperAgent'>,hybrid,False,-225.0
0,1,2.0,1.1295560633797854,2.0738362196173235,150.0,879,79,0.5,1.0,2.0,1000.0,150.0,75.0,<class 'src.agents.risk_averse.RiskAverseDeveloperAgent'>,hybrid,False,-150.0
0,1,1.0,1.1920426040930387,1.6160096269186623,225.0,880,80,0.5,1.0,2.0,1000.0,150.0,75.0,<class 'src.agents.risk_averse.RiskAverseDeveloperAgent'>,hybrid,False,-225.0
0,1,2.0,1.1295560633797854,2.0738362196173235,150.0,881,81,0.5,1.0,2.0,1000.0,150.0,75.0,<class 'src.agents.risk_averse.RiskAverseDeveloperAgent'>,hybrid,False,-150.0
0,1,1.0,1.1920426040930387,1.6160096269186623,150.0,882,82,0.5,1.0,2.0,1000.0,150.0,75.0,<class 'src.agents.risk_averse.RiskAverseDeveloperAgent'>,hybrid,False,-150.0
0,1,2.0,1.1295560633797854,2.0738362196173235,225.0,883,83,0.5,1.0,2.0,1000.0,150.0,75.0,<class 'src.agents.risk_averse.RiskAverseDeveloperAgent'>,hybrid,False,-225.0
0,1,2.0,1.1295560633797854,2.0738362196173235,75.0,884,84,0.5,1.0,2.0,1000.0,150.0,75.0,<class 'src.agents.risk_averse.RiskAverseDeveloperAgent'>,hybrid,True,-1075.0
0,1,1.0,1.1920426040930387,1.6160096269186623,225.0,885,85,0.5,1.0,2.0,1000.0,150.0,75.0,<class 'src.agents.risk_averse.RiskAverseDeveloperAgent'>,hybrid,False,-225.0
0,1,1.0,1.1920426040930387,1.6160096269186623,150.0,886,86,0.5,1.0,2.0,1000.0,150.0,75.0,<class 'src.agents.risk_averse.RiskAverseDeveloperAgent'>,hybrid,False,-150.0
0,1,2.0,1.1295560633797854,2.0738362196173235,225.0,887,87,0.5,1.0,2.0,1000.0,150.0,75.0,<class 'src.agents.risk_averse.RiskAverseDeveloperAgent'>,hybrid,False,-225.0
0,1,1.0,1.1920426040930387,1.6160096269186623,225.0,888,88,0.5,1.0,2.0,1000.0,150.0,75.0,<class 'src.agents.risk_averse.RiskAverseDeveloperAgent'>,hybrid,False,-225.0
0,1,1.0,1.1920426040930387,1.6160096269186623,225.0,889,89,0.5,1.0,2.0,1000.0,150.0,75.0,<class 'src.agents.risk_averse.RiskAverseDeveloperAgent'>,hybrid,False,-225.0
0,1,2.0,1.1295560633797854,2.0738362196173235,150.0,890,90,0.5,1.0,2.0,1000.0,150.0,75.0,<class 'src.agents.risk_averse.RiskAverseDeveloperAgent'>,hybrid,False,-150.0
0,1,2.0,1.1295560633797854,2.0738362196173235,225.0,891,91,0.5,1.0,2.0,1000.0,150.0,75.0,<class 'src.agents.risk_averse.RiskAverseDeveloperAgent'>,hybrid,False,-225.0
0,1,1.0,1.1920426040930387,1.6160096269186623,225.0,892,92,0.5,1.0,2.0,1000.0,150.0,75.0,<class 'src.agents.risk_averse.RiskAverseDeveloperAgent'>,hybrid,False,-225.0
0,1,2.0,1.1295560633797854,2.0738362196173235,225.0,893,93,0.5,1.0,2.0,1000.0,150.0,75.0,<class 'src.agents.risk_averse.RiskAverseDeveloperAgent'>,hybrid,False,-225.0
0,1,1.0,1.1920426040930387,1.6160096269186623,225.0,894,94,0.5,1.0,2.0,1000.0,150.0,75.0,<class 'src.agents.risk_averse.RiskAverseDeveloperAgent'>,hybrid,False,-225.0
0,1,2.0,1.1295560633797854,2.0738362196173235,225.0,895,95,0.5,1.0,2.0,1000.0,150.0,75.0,<class 'src.agents.risk_averse.RiskAverseDeveloperAgent'>,hybrid,False,-225.0
0,1,1.0,1.1920426040930387,1.6160096269186623,150.0,896,96,0.5,1.0,2.0,1000.0,150.0,75.0,<class 'src.agents.risk_averse.RiskAverseDeveloperAgent'>,hybrid,False,-150.0
0,1,2.0,1.1295560633797854,2.0738362196173235,75.0,897,97,0.5,1.0,2.0,1000.0,150.0,75.0,<class 'src.agents.risk_averse.RiskAverseDeveloperAgent'>,hybrid,True,-1075.0
0,1,2.0,1.1295560633797854,2.0738362196173235,225.0,898,98,0.5,1.0,2.0,1000.0,150.0,75.0,<class 'src.agents.risk_averse.RiskAverseDeveloperAgent'>,hybrid,False,-225.0
0,1,2.0,1.1295560633797854,2.0738362196173235,225.0,899,99,0.5,1.0,2.0,1000.0,150.0,75.0,<class 'src.agents.risk_averse.RiskAverseDeveloperAgent'>,hybrid,False,-225.0
0,1,2.0,0.0,1.8482956275673972,34.426438071755186,900,0,0.5,1.0,2.0,1000.0,150.0,75.0,<class 'src.agents.risk_averse.RiskAverseDeveloperAgent'>,optimal_ra,False,-34.426438071755186
0,1,2.0,0.0,1.8482956275673972,34.426438071755186,901,1,0.5,1.0,2.0,1000.0,150.0,75.0,<class 'src.agents.risk_averse.RiskAverseDeveloperAgent'>,optimal_ra,False,-34.426438071755186
0,1,1.0,0.004789692583494784,1.5036184106773238,45.74195607689977,902,2,0.5,1.0,2.0,1000.0,150.0,75.0,<class 'src.agents.risk_averse.RiskAverseDeveloperAgent'>,optimal_ra,False,-45.74195607689977
0,1,1.0,0.004789692583494784,1.5036184106773238,45.74195607689977,903,3,0.5,1.0,2.0,1000.0,150.0,75.0,<class 'src.agents.risk_averse.RiskAverseDeveloperAgent'>,optimal_ra,False,-45.74195607689977
0,1,2.0,0.0,1.8482956275673972,34.426438071755186,904,4,0.5,1.0,2.0,1000.0,150.0,75.0,<class 'src.agents.risk_averse.RiskAverseDeveloperAgent'>,optimal_ra,False,-34.426438071755186
0,1,1.0,0.004789692583494784,1.5036184106773238,45.74195607689977,905,5,0.5,1.0,2.0,1000.0,150.0,75.0,<class 'src.agents.risk_averse.RiskAverseDeveloperAgent'>,optimal_ra,False,-45.74195607689977
0,1,1.0,0.004789692583494784,1.5036184106773238,45.74195607689977,906,6,0.5,1.0,2.0,1000.0,150.0,75.0,<class 'src.agents.risk_averse.RiskAverseDeveloperAgent'>,optimal_ra,False,-45.74195607689977
0,1,1.0,0.004789692583494784,1.5036184106773238,45.74195607689977,907,7,0.5,1.0,2.0,1000.0,150.0,75.0,<class 'src.agents.risk_averse.RiskAverseDeveloperAgent'>,optimal_ra,False,-45.74195607689977
0,1,2.0,0.0,1.8482956275673972,34.426438071755186,908,8,0.5,1.0,2.0,1000.0,150.0,75.0,<class 'src.agents.risk_averse.RiskAverseDeveloperAgent'>,optimal_ra,False,-34.426438071755186
0,1,2.0,0.0,1.8482956275673972,34.426438071755186,909,9,0.5,1.0,2.0,1000.0,150.0,75.0,<class 'src.agents.risk_averse.RiskAverseDeveloperAgent'>,optimal_ra,False,-34.426438071755186
0,1,2.0,0.0,1.8482956275673972,34.426438071755186,910,10,0.5,1.0,2.0,1000.0,150.0,75.0,<class 'src.agents.risk_averse.RiskAverseDeveloperAgent'>,optimal_ra,False,-34.426438071755186
0,1,1.0,0.004789692583494784,1.5036184106773238,45.74195607689977,911,11,0.5,1.0,2.0,1000.0,150.0,75.0,<class 'src.agents.risk_averse.RiskAverseDeveloperAgent'>,optimal_ra,False,-45.74195607689977
0,1,2.0,0.0,1.8482956275673972,0.0,912,12,0.5,1.0,2.0,1000.0,150.0,75.0,<class 'src.agents.risk_averse.RiskAverseDeveloperAgent'>,optimal_ra,True,-1000.0
0,1,1.0,0.004789692583494784,1.5036184106773238,45.74195607689977,913,13,0.5,1.0,2.0,1000.0,150.0,75.0,<class 'src.agents.risk_averse.RiskAverseDeveloperAgent'>,optimal_ra,False,-45.74195607689977
0,1,2.0,0.0,1.8482956275673972,34.426438071755186,914,14,0.5,1.0,2.0,1000.0,150.0,75.0,<class 'src.agents.risk_averse.RiskAverseDeveloperAgent'>,optimal_ra,False,-34.426438071755186
0,1,2.0,0.0,1.8482956275673972,34.426438071755186,915,15,0.5,1.0,2.0,1000.0,150.0,75.0,<class 'src.agents.risk_averse.RiskAverseDeveloperAgent'>,optimal_ra,False,-34.426438071755186
0,1,2.0,0.0,1.8482956275673972,34.426438071755186,916,16,0.5,1.0,2.0,1000.0,150.0,75.0,<class 'src.agents.risk_averse.RiskAverseDeveloperAgent'>,optimal_ra,False,-34.426438071755186
0,1,2.0,0.0,1.8482956275673972,34.426438071755186,917,17,0.5,1.0,2.0,1000.0,150.0,75.0,<class 'src.agents.risk_averse.RiskAverseDeveloperAgent'>,optimal_ra,False,-34.426438071755186
0,1,2.0,0.0,1.8482956275673972,34.426438071755186,918,18,0.5,1.0,2.0,1000.0,150.0,75.0,<class 'src.agents.risk_averse.RiskAverseDeveloperAgent'>,optimal_ra,False,-34.426438071755186
0,1,1.0,0.004789692583494784,1.5036184106773238,45.74195607689977,919,19,0.5,1.0,2.0,1000.0,150.0,75.0,<class 'src.agents.risk_averse.RiskAverseDeveloperAgent'>,optimal_ra,False,-45.74195607689977
0,1,1.0,0.004789692583494784,1.5036184106773238,45.74195607689977,920,20,0.5,1.0,2.0,1000.0,150.0,75.0,<class 'src.agents.risk_averse.RiskAverseDeveloperAgent'>,optimal_ra,False,-45.74195607689977
0,1,1.0,0.004789692583494784,1.5036184106773238,45.74195607689977,921,21,0.5,1.0,2.0,1000.0,150.0,75.0,<class 'src.agents.risk_averse.RiskAverseDeveloperAgent'>,optimal_ra,False,-45.74195607689977
0,1,1.0,0.004789692583494784,1.5036184106773238,45.74195607689977,922,22,0.5,1.0,2.0,1000.0,150.0,75.0,<class 'src.agents.risk_averse.RiskAverseDeveloperAgent'>,optimal_ra,False,-45.74195607689977
0,1,1.0,0.004789692583494784,1.5036184106773238,0.00046341708032571205,923,23,0.5,1.0,2.0,1000.0,150.0,75.0,<class 'src.agents.risk_averse.RiskAverseDeveloperAgent'>,optimal_ra,True,-1000.0004634170804
0,1,1.0,0.004789692583494784,1.5036184106773238,45.74195607689977,924,24,0.5,1.0,2.0,1000.0,150.0,75.0,<class 'src.agents.risk_averse.RiskAverseDeveloperAgent'>,optimal_ra,False,-45.74195607689977
0,1,1.0,0.004789692583494784,1.5036184106773238,45.74195607689977,925,25,0.5,1.0,2.0,1000.0,150.0,75.0,<class 'src.agents.risk_averse.RiskAverseDeveloperAgent'>,optimal_ra,False,-45.74195607689977
0,1,2.0,0.0,1.8482956275673972,34.426438071755186,926,26,0.5,1.0,2.0,1000.0,150.0,75.0,<class 'src.agents.risk_averse.RiskAverseDeveloperAgent'>,optimal_ra,False,-34.426438071755186
0,1,2.0,0.0,1.8482956275673972,34.426438071755186,927,27,0.5,1.0,2.0,1000.0,150.0,75.0,<class 'src.agents.risk_averse.RiskAverseDeveloperAgent'>,optimal_ra,False,-34.426438071755186
0,1,1.0,0.004789692583494784,1.5036184106773238,45.74195607689977,928,28,0.5,1.0,2.0,1000.0,150.0,75.0,<class 'src.agents.risk_averse.RiskAverseDeveloperAgent'>,optimal_ra,False,-45.74195607689977
0,1,2.0,0.0,1.8482956275673972,34.426438071755186,929,29,0.5,1.0,2.0,1000.0,150.0,75.0,<class 'src.agents.risk_averse.RiskAverseDeveloperAgent'>,optimal_ra,False,-34.426438071755186
0,1,2.0,0.0,1.8482956275673972,34.426438071755186,930,30,0.5,1.0,2.0,1000.0,150.0,75.0,<class 'src.agents.risk_averse.RiskAverseDeveloperAgent'>,optimal_ra,False,-34.426438071755186
0,1,1.0,0.004789692583494784,1.5036184106773238,0.0,931,31,0.5,1.0,2.0,1000.0,150.0,75.0,<class 'src.agents.risk_averse.RiskAverseDeveloperAgent'>,optimal_ra,True,-1000.0
0,1,1.0,0.004789692583494784,1.5036184106773238,0.0,932,32,0.5,1.0,2.0,1000.0,150.0,75.0,<class 'src.agents.risk_averse.RiskAverseDeveloperAgent'>,optimal_ra,True,-1000.0
0,1,2.0,0.0,1.8482956275673972,0.0,933,33,0.5,1.0,2.0,1000.0,150.0,75.0,<class 'src.agents.risk_averse.RiskAverseDeveloperAgent'>,optimal_ra,True,-1000.0
0,1,2.0,0.0,1.8482956275673972,34.426438071755186,934,34,0.5,1.0,2.0,1000.0,150.0,75.0,<class 'src.agents.risk_averse.RiskAverseDeveloperAgent'>,optimal_ra,False,-34.426438071755186
0,1,1.0,0.004789692583494784,1.5036184106773238,0.0,935,35,0.5,1.0,2.0,1000.0,150.0,75.0,<class 'src.agents.risk_averse.RiskAverseDeveloperAgent'>,optimal_ra,True,-1000.0
0,1,1.0,0.004789692583494784,1.5036184106773238,45.74195607689977,936,36,0.5,1.0,2.0,1000.0,150.0,75.0,<class 'src.agents.risk_averse.RiskAverseDeveloperAgent'>,optimal_ra,False,-45.74195607689977
0,1,2.0,0.0,1.8482956275673972,34.426438071755186,937,37,0.5,1.0,2.0,1000.0,150.0,75.0,<class 'src.agents.risk_averse.RiskAverseDeveloperAgent'>,optimal_ra,False,-34.426438071755186
0,1,1.0,0.004789692583494784,1.5036184106773238,45.74195607689977,938,38,0.5,1.0,2.0,1000.0,150.0,75.0,<class 'src.agents.risk_averse.RiskAverseDeveloperAgent'>,optimal_ra,False,-45.74195607689977
0,1,2.0,0.0,1.8482956275673972,34.426438071755186,939,39,0.5,1.0,2.0,1000.0,150.0,75.0,<class 'src.agents.risk_averse.RiskAverseDeveloperAgent'>,optimal_ra,False,-34.426438071755186
0,1,2.0,0.0,1.8482956275673972,34.426438071755186,940,40,0.5,1.0,2.0,1000.0,150.0,75.0,<class 'src.agents.risk_averse.RiskAverseDeveloperAgent'>,optimal_ra,False,-34.426438071755186
0,1,1.0,0.004789692583494784,1.5036184106773238,45.74195607689977,941,41,0.5,1.0,2.0,1000.0,150.0,75.0,<class 'src.agents.risk_averse.RiskAverseDeveloperAgent'>,optimal_ra,False,-45.74195607689977
0,1,1.0,0.004789692583494784,1.5036184106773238,45.74195607689977,942,42,0.5,1.0,2.0,1000.0,150.0,75.0,<class 'src.agents.risk_averse.RiskAverseDeveloperAgent'>,optimal_ra,False,-45.74195607689977
0,1,2.0,0.0,1.8482956275673972,34.426438071755186,943,43,0.5,1.0,2.0,1000.0,150.0,75.0,<class 'src.agents.risk_averse.RiskAverseDeveloperAgent'>,optimal_ra,False,-34.426438071755186
0,1,2.0,0.0,1.8482956275673972,34.426438071755186,944,44,0.5,1.0,2.0,1000.0,150.0,75.0,<class 'src.agents.risk_averse.RiskAverseDeveloperAgent'>,optimal_ra,False,-34.426438071755186
0,1,1.0,0.004789692583494784,1.5036184106773238,45.74195607689977,945,45,0.5,1.0,2.0,1000.0,150.0,75.0,<class 'src.agents.risk_averse.RiskAverseDeveloperAgent'>,optimal_ra,False,-45.74195607689977
0,1,1.0,0.004789692583494784,1.5036184106773238,45.74195607689977,946,46,0.5,1.0,2.0,1000.0,150.0,75.0,<class 'src.agents.risk_averse.RiskAverseDeveloperAgent'>,optimal_ra,False,-45.74195607689977
0,1,1.0,0.004789692583494784,1.5036184106773238,45.74195607689977,947,47,0.5,1.0,2.0,1000.0,150.0,75.0,<class 'src.agents.risk_averse.RiskAverseDeveloperAgent'>,optimal_ra,False,-45.74195607689977
0,1,2.0,0.0,1.8482956275673972,34.426438071755186,948,48,0.5,1.0,2.0,1000.0,150.0,75.0,<class 'src.agents.risk_averse.RiskAverseDeveloperAgent'>,optimal_ra,False,-34.426438071755186
0,1,1.0,0.004789692583494784,1.5036184106773238,0.0,949,49,0.5,1.0,2.0,1000.0,150.0,75.0,<class 'src.agents.risk_averse.RiskAverseDeveloperAgent'>,optimal_ra,True,-1000.0
0,1,2.0,0.0,1.8482956275673972,34.426438071755186,950,50,0.5,1.0,2.0,1000.0,150.0,75.0,<class 'src.agents.risk_averse.RiskAverseDeveloperAgent'>,optimal_ra,False,-34.426438071755186
0,1,2.0,0.0,1.8482956275673972,34.426438071755186,951,51,0.5,1.0,2.0,1000.0,150.0,75.0,<class 'src.agents.risk_averse.RiskAverseDeveloperAgent'>,optimal_ra,False,-34.426438071755186
0,1,2.0,0.0,1.8482956275673972,34.426438071755186,952,52,0.5,1.0,2.0,1000.0,150.0,75.0,<class 'src.agents.risk_averse.RiskAverseDeveloperAgent'>,optimal_ra,False,-34.426438071755186
0,1,1.0,0.004789692583494784,1.5036184106773238,45.74195607689977,953,53,0.5,1.0,2.0,1000.0,150.0,75.0,<class 'src.agents.risk_averse.RiskAverseDeveloperAgent'>,optimal_ra,False,-45.74195607689977
0,1,1.0,0.004789692583494784,1.5036184106773238,45.74195607689977,954,54,0.5,1.0,2.0,1000.0,150.0,75.0,<class 'src.agents.risk_averse.RiskAverseDeveloperAgent'>,optimal_ra,False,-45.74195607689977
0,1,2.0,0.0,1.8482956275673972,34.426438071755186,955,55,0.5,1.0,2.0,1000.0,150.0,75.0,<class 'src.agents.risk_averse.RiskAverseDeveloperAgent'>,optimal_ra,False,-34.426438071755186
0,1,2.0,0.0,1.8482956275673972,0.0,956,56,0.5,1.0,2.0,1000.0,150.0,75.0,<class 'src.agents.risk_averse.RiskAverseDeveloperAgent'>,optimal_ra,True,-1000.0
0,1,2.0,0.0,1.8482956275673972,34.426438071755186,957,57,0.5,1.0,2.0,1000.0,150.0,75.0,<class 'src.agents.risk_averse.RiskAverseDeveloperAgent'>,optimal_ra,False,-34.426438071755186
0,1,2.0,0.0,1.8482956275673972,34.426438071755186,958,58,0.5,1.0,2.0,1000.0,150.0,75.0,<class 'src.agents.risk_averse.RiskAverseDeveloperAgent'>,optimal_ra,False,-34.426438071755186
0,1,1.0,0.004789692583494784,1.5036184106773238,45.74195607689977,959,59,0.5,1.0,2.0,1000.0,150.0,75.0,<class 'src.agents.risk_averse.RiskAverseDeveloperAgent'>,optimal_ra,False,-45.74195607689977
0,1,2.0,0.0,1.8482956275673972,34.426438071755186,960,60,0.5,1.0,2.0,1000.0,150.0,75.0,<class 'src.agents.risk_averse.RiskAverseDeveloperAgent'>,optimal_ra,False,-34.426438071755186
0,1,2.0,0.0,1.8482956275673972,0.0,961,61,0.5,1.0,2.0,1000.0,150.0,75.0,<class 'src.agents.risk_averse.RiskAverseDeveloperAgent'>,optimal_ra,True,-1000.0
0,1,1.0,0.004789692583494784,1.5036184106773238,45.74195607689977,962,62,0.5,1.0,2.0,1000.0,150.0,75.0,<class 'src.agents.risk_averse.RiskAverseDeveloperAgent'>,optimal_ra,False,-45.74195607689977
0,1,2.0,0.0,1.8482956275673972,34.426438071755186,963,63,0.5,1.0,2.0,1000.0,150.0,75.0,<class 'src.agents.risk_averse.RiskAverseDeveloperAgent'>,optimal_ra,False,-34.426438071755186
0,1,2.0,0.0,1.8482956275673972,0.0,964,64,0.5,1.0,2.0,1000.0,150.0,75.0,<class 'src.agents.risk_averse.RiskAverseDeveloperAgent'>,optimal_ra,True,-1000.0
0,1,2.0,0.0,1.8482956275673972,34.426438071755186,965,65,0.5,1.0,2.0,1000.0,150.0,75.0,<class 'src.agents.risk_averse.RiskAverseDeveloperAgent'>,optimal_ra,False,-34.426438071755186
0,1,2.0,0.0,1.8482956275673972,0.0,966,66,0.5,1.0,2.0,1000.0,150.0,75.0,<class 'src.agents.risk_averse.RiskAverseDeveloperAgent'>,optimal_ra,True,-1000.0
0,1,2.0,0.0,1.8482956275673972,34.426438071755186,967,67,0.5,1.0,2.0,1000.0,150.0,75.0,<class 'src.agents.risk_averse.RiskAverseDeveloperAgent'>,optimal_ra,False,-34.426438071755186
0,1,2.0,0.0,1.8482956275673972,34.426438071755186,968,68,0.5,1.0,2.0,1000.0,150.0,75.0,<class 'src.agents.risk_averse.RiskAverseDeveloperAgent'>,optimal_ra,False,-34.426438071755186
0,1,2.0,0.0,1.8482956275673972,34.426438071755186,969,69,0.5,1.0,2.0,1000.0,150.0,75.0,<class 'src.agents.risk_averse.RiskAverseDeveloperAgent'>,optimal_ra,False,-34.426438071755186
0,1,1.0,0.004789692583494784,1.5036184106773238,0.0,970,70,0.5,1.0,2.0,1000.0,150.0,75.0,<class 'src.agents.risk_averse.RiskAverseDeveloperAgent'>,optimal_ra,True,-1000.0
0,1,1.0,0.004789692583494784,1.5036184106773238,45.74195607689977,971,71,0.5,1.0,2.0,1000.0,150.0,75.0,<class 'src.agents.risk_averse.RiskAverseDeveloperAgent'>,optimal_ra,False,-45.74195607689977
0,1,2.0,0.0,1.8482956275673972,34.426438071755186,972,72,0.5,1.0,2.0,1000.0,150.0,75.0,<class 'src.agents.risk_averse.RiskAverseDeveloperAgent'>,optimal_ra,False,-34.426438071755186
0,1,1.0,0.004789692583494784,1.5036184106773238,45.74195607689977,973,73,0.5,1.0,2.0,1000.0,150.0,75.0,<class 'src.agents.risk_averse.RiskAverseDeveloperAgent'>,optimal_ra,False,-45.74195607689977
0,1,2.0,0.0,1.8482956275673972,34.426438071755186,974,74,0.5,1.0,2.0,1000.0,150.0,75.0,<class 'src.agents.risk_averse.RiskAverseDeveloperAgent'>,optimal_ra,False,-34.426438071755186
0,1,2.0,0.0,1.8482956275673972,34.426438071755186,975,75,0.5,1.0,2.0,1000.0,150.0,75.0,<class 'src.agents.risk_averse.RiskAverseDeveloperAgent'>,optimal_ra,False,-34.426438071755186
0,1,2.0,0.0,1.8482956275673972,34.426438071755186,976,76,0.5,1.0,2.0,1000.0,150.0,75.0,<class 'src.agents.risk_averse.RiskAverseDeveloperAgent'>,optimal_ra,False,-34.426438071755186
0,1,1.0,0.004789692583494784,1.5036184106773238,45.74195607689977,977,77,0.5,1.0,2.0,1000.0,150.0,75.0,<class 'src.agents.risk_averse.RiskAverseDeveloperAgent'>,optimal_ra,False,-45.74195607689977
0,1,2.0,0.0,1.8482956275673972,0.0,978,78,0.5,1.0,2.0,1000.0,150.0,75.0,<class 'src.agents.risk_averse.RiskAverseDeveloperAgent'>,optimal_ra,True,-1000.0
0,1,1.0,0.004789692583494784,1.5036184106773238,45.74195607689977,979,79,0.5,1.0,2.0,1000.0,150.0,75.0,<class 'src.agents.risk_averse.RiskAverseDeveloperAgent'>,optimal_ra,False,-45.74195607689977
0,1,1.0,0.004789692583494784,1.5036184106773238,0.0,980,80,0.5,1.0,2.0,1000.0,150.0,75.0,<class 'src.agents.risk_averse.RiskAverseDeveloperAgent'>,optimal_ra,True,-1000.0
0,1,1.0,0.004789692583494784,1.5036184106773238,0.0,981,81,0.5,1.0,2.0,1000.0,150.0,75.0,<class 'src.agents.risk_averse.RiskAverseDeveloperAgent'>,optimal_ra,True,-1000.0
0,1,2.0,0.0,1.8482956275673972,34.426438071755186,982,82,0.5,1.0,2.0,1000.0,150.0,75.0,<class 'src.agents.risk_averse.RiskAverseDeveloperAgent'>,optimal_ra,False,-34.426438071755186
0,1,1.0,0.004789692583494784,1.5036184106773238,45.74195607689977,983,83,0.5,1.0,2.0,1000.0,150.0,75.0,<class 'src.agents.risk_averse.RiskAverseDeveloperAgent'>,optimal_ra,False,-45.74195607689977
0,1,1.0,0.004789692583494784,1.5036184106773238,45.74195607689977,984,84,0.5,1.0,2.0,1000.0,150.0,75.0,<class 'src.agents.risk_averse.RiskAverseDeveloperAgent'>,optimal_ra,False,-45.74195607689977
0,1,1.0,0.004789692583494784,1.5036184106773238,45.74195607689977,985,85,0.5,1.0,2.0,1000.0,150.0,75.0,<class 'src.agents.risk_averse.RiskAverseDeveloperAgent'>,optimal_ra,False,-45.74195607689977
0,1,2.0,0.0,1.8482956275673972,34.426438071755186,986,86,0.5,1.0,2.0,1000.0,150.0,75.0,<class 'src.agents.risk_averse.RiskAverseDeveloperAgent'>,optimal_ra,False,-34.426438071755186
0,1,2.0,0.0,1.8482956275673972,34.426438071755186,987,87,0.5,1.0,2.0,1000.0,150.0,75.0,<class 'src.agents.risk_averse.RiskAverseDeveloperAgent'>,optimal_ra,False,-34.426438071755186
0,1,2.0,0.0,1.8482956275673972,34.426438071755186,988,88,0.5,1.0,2.0,1000.0,150.0,75.0,<class 'src.agents.risk_averse.RiskAverseDeveloperAgent'>,optimal_ra,False,-34.426438071755186
0,1,1.0,0.004789692583494784,1.5036184106773238,0.0,989,89,0.5,1.0,2.0,1000.0,150.0,75.0,<class 'src.agents.risk_averse.RiskAverseDeveloperAgent'>,optimal_ra,True,-1000.0
0,1,2.0,0.0,1.8482956275673972,0.0,990,90,0.5,1.0,2.0,1000.0,150.0,75.0,<class 'src.agents.risk_averse.RiskAverseDeveloperAgent'>,optimal_ra,True,-1000.0
0,1,2.0,0.0,1.8482956275673972,34.426438071755186,991,91,0.5,1.0,2.0,1000.0,150.0,75.0,<class 'src.agents.risk_averse.RiskAverseDeveloperAgent'>,optimal_ra,False,-34.426438071755186
0,1,2.0,0.0,1.8482956275673972,34.426438071755186,992,92,0.5,1.0,2.0,1000.0,150.0,75.0,<class 'src.agents.risk_averse.RiskAverseDeveloperAgent'>,optimal_ra,False,-34.426438071755186
0,1,1.0,0.004789692583494784,1.5036184106773238,45.74195607689977,993,93,0.5,1.0,2.0,1000.0,150.0,75.0,<class 'src.agents.risk_averse.RiskAverseDeveloperAgent'>,optimal_ra,False,-45.74195607689977
0,1,2.0,0.0,1.8482956275673972,34.426438071755186,994,94,0.5,1.0,2.0,1000.0,150.0,75.0,<class 'src.agents.risk_averse.RiskAverseDeveloperAgent'>,optimal_ra,False,-34.426438071755186
0,1,2.0,0.0,1.8482956275673972,34.426438071755186,995,95,0.5,1.0,2.0,1000.0,150.0,75.0,<class 'src.agents.risk_averse.RiskAverseDeveloperAgent'>,optimal_ra,False,-34.426438071755186
0,1,1.0,0.004789692583494784,1.5036184106773238,45.74195607689977,996,96,0.5,1.0,2.0,1000.0,150.0,75.0,<class 'src.agents.risk_averse.RiskAverseDeveloperAgent'>,optimal_ra,False,-45.74195607689977
0,1,2.0,0.0,1.8482956275673972,34.426438071755186,997,97,0.5,1.0,2.0,1000.0,150.0,75.0,<class 'src.agents.risk_averse.RiskAverseDeveloperAgent'>,optimal_ra,False,-34.426438071755186
0,1,2.0,0.0,1.8482956275673972,34.426438071755186,998,98,0.5,1.0,2.0,1000.0,150.0,75.0,<class 'src.agents.risk_averse.RiskAverseDeveloperAgent'>,optimal_ra,False,-34.426438071755186
0,1,2.0,0.0,1.8482956275673972,34.426438071755186,999,99,0.5,1.0,2.0,1000.0,150.0,75.0,<class 'src.agents.risk_averse.RiskAverseDeveloperAgent'>,optimal_ra,False,-34.426438071755186
